ward_num,srch_fr_e,srch_which_got_e,srch_fr_q,srch_which_got_q,booking,ongng_ride,done_ride,rides,cancel_ride,drvr_cancel,rider_cancel,earning,dist,avg_dist_pr_trip,avg_fare,trip_category,vehicle_type,srch_fr_q_variant,srch_which_got_q_variant,is_bike,is_cab,is_auto,srch_to_e_rate,e_to_q_srch_rate,q_accept_rate,q_to_bkng_rate,cnvr_rate,bkng_cancel_rate
b_1,0,0,0,0,0,0,0,0,0,0,0,0,0.0,0.0,0.0,InterCity,All,0,0,False,False,False,,,,,,
b_1,0,0,0,0,0,0,0,0,0,0,0,0,0.0,0.0,0.0,InterCity,Auto,0,0,False,False,True,,,,,,
b_1,0,0,0,0,0,0,0,0,0,0,0,0,0.0,0.0,0.0,InterCity,Bike,0,0,True,False,False,,,,,,
b_1,0,0,0,0,0,0,0,0,0,0,0,0,0.0,0.0,0.0,InterCity,Cab,0,0,False,True,False,,,,,,
b_1,70,70,37,19,0,0,0,0,0,0,0,0,0.0,0.0,0.0,OneWay,All,0,0,False,False,False,1.0,0.5286,0.5135,0.0,0.0,
b_1,0,0,0,0,10,1,7,10,2,1,1,1270,58.45,8.35,181.4286,OneWay,Auto,21,10,False,False,True,,,,,,0.2
b_1,0,0,0,0,0,0,0,0,0,0,0,0,0.0,0.0,0.0,OneWay,Bike,0,0,True,False,False,,,,,,
b_1,0,0,0,0,9,0,5,9,4,2,2,1237,47.821,9.5642,247.4,OneWay,Cab,16,9,False,True,False,,,,,,0.4444
b_1,2,2,2,2,0,0,0,0,0,0,0,0,0.0,0.0,0.0,Rental,All,0,0,False,False,False,1.0,1.0,1.0,0.0,0.0,
b_1,0,0,0,0,0,0,0,0,0,0,0,0,0.0,0.0,0.0,Rental,Auto,2,2,False,False,True,,,,,,
b_1,0,0,0,0,0,0,0,0,0,0,0,0,0.0,0.0,0.0,Rental,Bike,0,0,True,False,False,,,,,,
b_1,0,0,0,0,0,0,0,0,0,0,0,0,0.0,0.0,0.0,Rental,Cab,2,2,False,True,False,,,,,,
b_10,4,4,4,4,0,0,0,0,0,0,0,0,0.0,0.0,0.0,InterCity,All,0,0,False,False,False,1.0,1.0,1.0,0.0,0.0,
b_10,0,0,0,0,0,0,0,0,0,0,0,0,0.0,0.0,0.0,InterCity,Auto,0,0,False,False,True,,,,,,
b_10,0,0,0,0,0,0,0,0,0,0,0,0,0.0,0.0,0.0,InterCity,Bike,0,0,True,False,False,,,,,,
b_10,0,0,0,0,4,0,0,4,4,2,2,0,0.0,0.0,0.0,InterCity,Cab,4,4,False,True,False,,,,,,1.0
b_10,184,184,135,61,0,0,0,0,0,0,0,0,0.0,0.0,0.0,OneWay,All,0,0,False,False,False,1.0,0.7337,0.4519,0.0,0.0,
b_10,0,0,0,0,33,2,17,33,13,8,5,3196,118.29,6.9582,188.0,OneWay,Auto,80,33,False,False,True,,,,,,0.3939
b_10,0,0,0,0,0,0,0,0,0,0,0,0,0.0,0.0,0.0,OneWay,Bike,0,0,True,False,False,,,,,,
b_10,0,0,0,0,28,3,15,28,10,5,5,5217,215.275,14.3517,347.8,OneWay,Cab,59,28,False,True,False,,,,,,0.3571
b_10,0,0,0,0,0,0,0,0,0,0,0,0,0.0,0.0,0.0,Rental,All,0,0,False,False,False,,,,,,
b_10,0,0,0,0,0,0,0,0,0,0,0,0,0.0,0.0,0.0,Rental,Auto,0,0,False,False,True,,,,,,
b_10,0,0,0,0,0,0,0,0,0,0,0,0,0.0,0.0,0.0,Rental,Bike,0,0,True,False,False,,,,,,
b_10,0,0,0,0,0,0,0,0,0,0,0,0,0.0,0.0,0.0,Rental,Cab,0,0,False,True,False,,,,,,
b_100,0,0,0,0,0,0,0,0,0,0,0,0,0.0,0.0,0.0,InterCity,All,0,0,False,False,False,,,,,,
b_100,0,0,0,0,0,0,0,0,0,0,0,0,0.0,0.0,0.0,InterCity,Auto,0,0,False,False,True,,,,,,
b_100,0,0,0,0,0,0,0,0,0,0,0,0,0.0,0.0,0.0,InterCity,Bike,0,0,True,False,False,,,,,,
b_100,0,0,0,0,0,0,0,0,0,0,0,0,0.0,0.0,0.0,InterCity,Cab,0,0,False,True,False,,,,,,
b_100,159,159,129,56,0,0,0,0,0,0,0,0,0.0,0.0,0.0,OneWay,All,0,0,False,False,False,1.0,0.8113,0.4341,0.0,0.0,
b_100,0,0,0,0,37,3,26,37,7,3,4,4262,177.782,6.8378,163.9231,OneWay,Auto,95,37,False,False,True,,,,,,0.1892
b_100,0,0,0,0,0,0,0,0,0,0,0,0,0.0,0.0,0.0,OneWay,Bike,0,0,True,False,False,,,,,,
b_100,0,0,0,0,19,2,11,19,6,0,6,2521,79.263,7.2057,229.1818,OneWay,Cab,41,19,False,True,False,,,,,,0.3158
b_100,0,0,0,0,0,0,0,0,0,0,0,0,0.0,0.0,0.0,Rental,All,0,0,False,False,False,,,,,,
b_100,0,0,0,0,0,0,0,0,0,0,0,0,0.0,0.0,0.0,Rental,Auto,0,0,False,False,True,,,,,,
b_100,0,0,0,0,0,0,0,0,0,0,0,0,0.0,0.0,0.0,Rental,Bike,0,0,True,False,False,,,,,,
b_100,0,0,0,0,0,0,0,0,0,0,0,0,0.0,0.0,0.0,Rental,Cab,0,0,False,True,False,,,,,,
b_101,0,0,0,0,0,0,0,0,0,0,0,0,0.0,0.0,0.0,InterCity,All,0,0,False,False,False,,,,,,
b_101,0,0,0,0,0,0,0,0,0,0,0,0,0.0,0.0,0.0,InterCity,Auto,0,0,False,False,True,,,,,,
b_101,0,0,0,0,0,0,0,0,0,0,0,0,0.0,0.0,0.0,InterCity,Bike,0,0,True,False,False,,,,,,
b_101,0,0,0,0,0,0,0,0,0,0,0,0,0.0,0.0,0.0,InterCity,Cab,0,0,False,True,False,,,,,,
b_101,43,43,29,19,0,0,0,0,0,0,0,0,0.0,0.0,0.0,OneWay,All,0,0,False,False,False,1.0,0.6744,0.6552,0.0,0.0,
b_101,0,0,0,0,15,2,5,15,7,3,4,1118,46.269,9.2538,223.6,OneWay,Auto,25,15,False,False,True,,,,,,0.4667
b_101,0,0,0,0,0,0,0,0,0,0,0,0,0.0,0.0,0.0,OneWay,Bike,0,0,True,False,False,,,,,,
b_101,0,0,0,0,4,1,0,4,2,1,1,0,0.0,0.0,0.0,OneWay,Cab,4,4,False,True,False,,,,,,0.5
b_101,0,0,0,0,0,0,0,0,0,0,0,0,0.0,0.0,0.0,Rental,All,0,0,False,False,False,,,,,,
b_101,0,0,0,0,0,0,0,0,0,0,0,0,0.0,0.0,0.0,Rental,Auto,0,0,False,False,True,,,,,,
b_101,0,0,0,0,0,0,0,0,0,0,0,0,0.0,0.0,0.0,Rental,Bike,0,0,True,False,False,,,,,,
b_101,0,0,0,0,0,0,0,0,0,0,0,0,0.0,0.0,0.0,Rental,Cab,0,0,False,True,False,,,,,,
b_102,1,1,1,1,0,0,0,0,0,0,0,0,0.0,0.0,0.0,InterCity,All,0,0,False,False,False,1.0,1.0,1.0,0.0,0.0,
b_102,0,0,0,0,0,0,0,0,0,0,0,0,0.0,0.0,0.0,InterCity,Auto,0,0,False,False,True,,,,,,
b_102,0,0,0,0,0,0,0,0,0,0,0,0,0.0,0.0,0.0,InterCity,Bike,0,0,True,False,False,,,,,,
b_102,0,0,0,0,0,0,0,0,0,0,0,0,0.0,0.0,0.0,InterCity,Cab,1,1,False,True,False,,,,,,
b_102,126,126,109,51,0,0,0,0,0,0,0,0,0.0,0.0,0.0,OneWay,All,0,0,False,False,False,1.0,0.8651,0.4679,0.0,0.0,
b_102,0,0,0,0,32,3,15,32,14,6,8,2800,99.602,6.6401,186.6667,OneWay,Auto,81,32,False,False,True,,,,,,0.4375
b_102,0,0,0,0,0,0,0,0,0,0,0,0,0.0,0.0,0.0,OneWay,Bike,0,0,True,False,False,,,,,,
b_102,0,0,0,0,18,0,8,18,10,4,6,2365,97.578,12.1973,295.625,OneWay,Cab,32,19,False,True,False,,,,,,0.5556
b_102,0,0,0,0,0,0,0,0,0,0,0,0,0.0,0.0,0.0,Rental,All,0,0,False,False,False,,,,,,
b_102,0,0,0,0,0,0,0,0,0,0,0,0,0.0,0.0,0.0,Rental,Auto,0,0,False,False,True,,,,,,
b_102,0,0,0,0,0,0,0,0,0,0,0,0,0.0,0.0,0.0,Rental,Bike,0,0,True,False,False,,,,,,
b_102,0,0,0,0,0,0,0,0,0,0,0,0,0.0,0.0,0.0,Rental,Cab,0,0,False,True,False,,,,,,
b_103,0,0,0,0,0,0,0,0,0,0,0,0,0.0,0.0,0.0,InterCity,All,0,0,False,False,False,,,,,,
b_103,0,0,0,0,0,0,0,0,0,0,0,0,0.0,0.0,0.0,InterCity,Auto,0,0,False,False,True,,,,,,
b_103,0,0,0,0,0,0,0,0,0,0,0,0,0.0,0.0,0.0,InterCity,Bike,0,0,True,False,False,,,,,,
b_103,0,0,0,0,0,0,0,0,0,0,0,0,0.0,0.0,0.0,InterCity,Cab,0,0,False,True,False,,,,,,
b_103,172,172,140,70,0,0,0,0,0,0,0,0,0.0,0.0,0.0,OneWay,All,0,0,False,False,False,1.0,0.814,0.5,0.0,0.0,
b_103,0,0,0,0,49,0,25,49,23,12,10,3817,141.396,5.6558,152.68,OneWay,Auto,103,49,False,False,True,,,,,,0.4694
b_103,0,0,0,0,0,0,0,0,0,0,0,0,0.0,0.0,0.0,OneWay,Bike,0,0,True,False,False,,,,,,
b_103,0,0,0,0,21,1,12,21,8,2,6,4210,161.769,13.4808,350.8333,OneWay,Cab,42,21,False,True,False,,,,,,0.381
b_103,0,0,0,0,0,0,0,0,0,0,0,0,0.0,0.0,0.0,Rental,All,0,0,False,False,False,,,,,,
b_103,0,0,0,0,0,0,0,0,0,0,0,0,0.0,0.0,0.0,Rental,Auto,0,0,False,False,True,,,,,,
b_103,0,0,0,0,0,0,0,0,0,0,0,0,0.0,0.0,0.0,Rental,Bike,0,0,True,False,False,,,,,,
b_103,0,0,0,0,0,0,0,0,0,0,0,0,0.0,0.0,0.0,Rental,Cab,0,0,False,True,False,,,,,,
b_104,0,0,0,0,0,0,0,0,0,0,0,0,0.0,0.0,0.0,InterCity,All,0,0,False,False,False,,,,,,
b_104,0,0,0,0,0,0,0,0,0,0,0,0,0.0,0.0,0.0,InterCity,Auto,0,0,False,False,True,,,,,,
b_104,0,0,0,0,0,0,0,0,0,0,0,0,0.0,0.0,0.0,InterCity,Bike,0,0,True,False,False,,,,,,
b_104,0,0,0,0,0,0,0,0,0,0,0,0,0.0,0.0,0.0,InterCity,Cab,0,0,False,True,False,,,,,,
b_104,70,70,51,21,0,0,0,0,0,0,0,0,0.0,0.0,0.0,OneWay,All,0,0,False,False,False,1.0,0.7286,0.4118,0.0,0.0,
b_104,0,0,0,0,10,0,4,10,5,3,2,448,18.263,4.5658,112.0,OneWay,Auto,34,10,False,False,True,,,,,,0.5
b_104,0,0,0,0,0,0,0,0,0,0,0,0,0.0,0.0,0.0,OneWay,Bike,0,0,True,False,False,,,,,,
b_104,0,0,0,0,11,2,3,11,6,1,5,1568,61.823,20.6077,522.6667,OneWay,Cab,18,11,False,True,False,,,,,,0.5455
b_104,0,0,0,0,0,0,0,0,0,0,0,0,0.0,0.0,0.0,Rental,All,0,0,False,False,False,,,,,,
b_104,0,0,0,0,0,0,0,0,0,0,0,0,0.0,0.0,0.0,Rental,Auto,0,0,False,False,True,,,,,,
b_104,0,0,0,0,0,0,0,0,0,0,0,0,0.0,0.0,0.0,Rental,Bike,0,0,True,False,False,,,,,,
b_104,0,0,0,0,0,0,0,0,0,0,0,0,0.0,0.0,0.0,Rental,Cab,0,0,False,True,False,,,,,,
b_105,2,2,2,2,0,0,0,0,0,0,0,0,0.0,0.0,0.0,InterCity,All,0,0,False,False,False,1.0,1.0,1.0,0.0,0.0,
b_105,0,0,0,0,0,0,0,0,0,0,0,0,0.0,0.0,0.0,InterCity,Auto,0,0,False,False,True,,,,,,
b_105,0,0,0,0,0,0,0,0,0,0,0,0,0.0,0.0,0.0,InterCity,Bike,0,0,True,False,False,,,,,,
b_105,0,0,0,0,0,0,0,0,0,0,0,0,0.0,0.0,0.0,InterCity,Cab,2,2,False,True,False,,,,,,
b_105,433,433,333,117,0,0,0,0,0,0,0,0,0.0,0.0,0.0,OneWay,All,0,0,False,False,False,1.0,0.7691,0.3514,0.0,0.0,
b_105,0,0,0,0,46,0,29,46,16,9,7,7042,260.906,8.9968,242.8276,OneWay,Auto,183,46,False,False,True,,,,,,0.3478
b_105,0,0,0,0,0,0,0,0,0,0,0,0,0.0,0.0,0.0,OneWay,Bike,0,0,True,False,False,,,,,,
b_105,0,0,0,0,71,1,33,71,37,21,16,14851,640.254,19.4016,450.0303,OneWay,Cab,183,71,False,True,False,,,,,,0.5211
b_105,1,1,1,1,0,0,0,0,0,0,0,0,0.0,0.0,0.0,Rental,All,0,0,False,False,False,1.0,1.0,1.0,0.0,0.0,
b_105,0,0,0,0,0,0,0,0,0,0,0,0,0.0,0.0,0.0,Rental,Auto,1,1,False,False,True,,,,,,
b_105,0,0,0,0,0,0,0,0,0,0,0,0,0.0,0.0,0.0,Rental,Bike,0,0,True,False,False,,,,,,
b_105,0,0,0,0,0,0,0,0,0,0,0,0,0.0,0.0,0.0,Rental,Cab,1,1,False,True,False,,,,,,
b_106,1,1,1,1,0,0,0,0,0,0,0,0,0.0,0.0,0.0,InterCity,All,0,0,False,False,False,1.0,1.0,1.0,0.0,0.0,
b_106,0,0,0,0,0,0,0,0,0,0,0,0,0.0,0.0,0.0,InterCity,Auto,0,0,False,False,True,,,,,,
b_106,0,0,0,0,0,0,0,0,0,0,0,0,0.0,0.0,0.0,InterCity,Bike,0,0,True,False,False,,,,,,
b_106,0,0,0,0,0,0,0,0,0,0,0,0,0.0,0.0,0.0,InterCity,Cab,1,1,False,True,False,,,,,,
b_106,215,215,154,78,0,0,0,0,0,0,0,0,0.0,0.0,0.0,OneWay,All,0,0,False,False,False,1.0,0.7163,0.5065,0.0,0.0,
b_106,0,0,0,0,32,2,16,32,14,9,5,3312,120.916,7.5572,207.0,OneWay,Auto,95,33,False,False,True,,,,,,0.4375
b_106,0,0,0,0,0,0,0,0,0,0,0,0,0.0,0.0,0.0,OneWay,Bike,0,0,True,False,False,,,,,,
b_106,0,0,0,0,45,1,27,45,16,2,14,8626,339.784,12.5846,319.4815,OneWay,Cab,67,46,False,True,False,,,,,,0.3556
b_106,0,0,0,0,0,0,0,0,0,0,0,0,0.0,0.0,0.0,Rental,All,0,0,False,False,False,,,,,,
b_106,0,0,0,0,0,0,0,0,0,0,0,0,0.0,0.0,0.0,Rental,Auto,0,0,False,False,True,,,,,,
b_106,0,0,0,0,0,0,0,0,0,0,0,0,0.0,0.0,0.0,Rental,Bike,0,0,True,False,False,,,,,,
b_106,0,0,0,0,0,0,0,0,0,0,0,0,0.0,0.0,0.0,Rental,Cab,0,0,False,True,False,,,,,,
b_107,0,0,0,0,0,0,0,0,0,0,0,0,0.0,0.0,0.0,InterCity,All,0,0,False,False,False,,,,,,
b_107,0,0,0,0,0,0,0,0,0,0,0,0,0.0,0.0,0.0,InterCity,Auto,0,0,False,False,True,,,,,,
b_107,0,0,0,0,0,0,0,0,0,0,0,0,0.0,0.0,0.0,InterCity,Bike,0,0,True,False,False,,,,,,
b_107,0,0,0,0,0,0,0,0,0,0,0,0,0.0,0.0,0.0,InterCity,Cab,0,0,False,True,False,,,,,,
b_107,70,70,42,25,0,0,0,0,0,0,0,0,0.0,0.0,0.0,OneWay,All,0,0,False,False,False,1.0,0.6,0.5952,0.0,0.0,
b_107,0,0,0,0,11,0,6,11,5,2,2,1140,38.511,6.4185,190.0,OneWay,Auto,25,12,False,False,True,,,,,,0.4545
b_107,0,0,0,0,0,0,0,0,0,0,0,0,0.0,0.0,0.0,OneWay,Bike,0,0,True,False,False,,,,,,
b_107,0,0,0,0,13,1,5,13,7,3,4,1055,38.781,7.7562,211.0,OneWay,Cab,17,13,False,True,False,,,,,,0.5385
b_107,0,0,0,0,0,0,0,0,0,0,0,0,0.0,0.0,0.0,Rental,All,0,0,False,False,False,,,,,,
b_107,0,0,0,0,0,0,0,0,0,0,0,0,0.0,0.0,0.0,Rental,Auto,0,0,False,False,True,,,,,,
b_107,0,0,0,0,0,0,0,0,0,0,0,0,0.0,0.0,0.0,Rental,Bike,0,0,True,False,False,,,,,,
b_107,0,0,0,0,0,0,0,0,0,0,0,0,0.0,0.0,0.0,Rental,Cab,0,0,False,True,False,,,,,,
b_108,0,0,0,0,0,0,0,0,0,0,0,0,0.0,0.0,0.0,InterCity,All,0,0,False,False,False,,,,,,
b_108,0,0,0,0,0,0,0,0,0,0,0,0,0.0,0.0,0.0,InterCity,Auto,0,0,False,False,True,,,,,,
b_108,0,0,0,0,0,0,0,0,0,0,0,0,0.0,0.0,0.0,InterCity,Bike,0,0,True,False,False,,,,,,
b_108,0,0,0,0,0,0,0,0,0,0,0,0,0.0,0.0,0.0,InterCity,Cab,0,0,False,True,False,,,,,,
b_108,166,166,89,64,0,0,0,0,0,0,0,0,0.0,0.0,0.0,OneWay,All,0,0,False,False,False,1.0,0.5361,0.7191,0.0,0.0,
b_108,0,0,0,0,32,4,17,32,11,3,8,3577,142.774,8.3985,210.4118,OneWay,Auto,47,32,False,False,True,,,,,,0.3438
b_108,0,0,0,0,0,0,0,0,0,0,0,0,0.0,0.0,0.0,OneWay,Bike,0,0,True,False,False,,,,,,
b_108,0,0,0,0,32,1,12,32,16,8,8,3485,142.29,11.8575,290.4167,OneWay,Cab,42,32,False,True,False,,,,,,0.5
b_108,0,0,0,0,0,0,0,0,0,0,0,0,0.0,0.0,0.0,Rental,All,0,0,False,False,False,,,,,,
b_108,0,0,0,0,0,0,0,0,0,0,0,0,0.0,0.0,0.0,Rental,Auto,0,0,False,False,True,,,,,,
b_108,0,0,0,0,0,0,0,0,0,0,0,0,0.0,0.0,0.0,Rental,Bike,0,0,True,False,False,,,,,,
b_108,0,0,0,0,0,0,0,0,0,0,0,0,0.0,0.0,0.0,Rental,Cab,0,0,False,True,False,,,,,,
b_109,0,0,0,0,0,0,0,0,0,0,0,0,0.0,0.0,0.0,InterCity,All,0,0,False,False,False,,,,,,
b_109,0,0,0,0,0,0,0,0,0,0,0,0,0.0,0.0,0.0,InterCity,Auto,0,0,False,False,True,,,,,,
b_109,0,0,0,0,0,0,0,0,0,0,0,0,0.0,0.0,0.0,InterCity,Bike,0,0,True,False,False,,,,,,
b_109,0,0,0,0,0,0,0,0,0,0,0,0,0.0,0.0,0.0,InterCity,Cab,0,0,False,True,False,,,,,,
b_109,214,214,125,67,0,0,0,0,0,0,0,0,0.0,0.0,0.0,OneWay,All,0,0,False,False,False,1.0,0.5841,0.536,0.0,0.0,
b_109,0,0,0,0,31,0,21,31,10,6,4,3467,136.198,6.4856,165.0952,OneWay,Auto,84,31,False,False,True,,,,,,0.3226
b_109,0,0,0,0,0,0,0,0,0,0,0,0,0.0,0.0,0.0,OneWay,Bike,0,0,True,False,False,,,,,,
b_109,0,0,0,0,33,2,12,33,19,2,16,3829,165.49,13.7908,319.0833,OneWay,Cab,45,36,False,True,False,,,,,,0.5758
b_109,0,0,0,0,0,0,0,0,0,0,0,0,0.0,0.0,0.0,Rental,All,0,0,False,False,False,,,,,,
b_109,0,0,0,0,0,0,0,0,0,0,0,0,0.0,0.0,0.0,Rental,Auto,0,0,False,False,True,,,,,,
b_109,0,0,0,0,0,0,0,0,0,0,0,0,0.0,0.0,0.0,Rental,Bike,0,0,True,False,False,,,,,,
b_109,0,0,0,0,0,0,0,0,0,0,0,0,0.0,0.0,0.0,Rental,Cab,0,0,False,True,False,,,,,,
b_11,2,2,2,2,0,0,0,0,0,0,0,0,0.0,0.0,0.0,InterCity,All,0,0,False,False,False,1.0,1.0,1.0,0.0,0.0,
b_11,0,0,0,0,0,0,0,0,0,0,0,0,0.0,0.0,0.0,InterCity,Auto,0,0,False,False,True,,,,,,
b_11,0,0,0,0,0,0,0,0,0,0,0,0,0.0,0.0,0.0,InterCity,Bike,0,0,True,False,False,,,,,,
b_11,0,0,0,0,0,0,0,0,0,0,0,0,0.0,0.0,0.0,InterCity,Cab,2,2,False,True,False,,,,,,
b_11,128,128,83,57,0,0,0,0,0,0,0,0,0.0,0.0,0.0,OneWay,All,0,0,False,False,False,1.0,0.6484,0.6867,0.0,0.0,
b_11,0,0,0,0,33,2,21,33,10,4,6,4260,166.087,7.9089,202.8571,OneWay,Auto,45,33,False,False,True,,,,,,0.303
b_11,0,0,0,0,0,0,0,0,0,0,0,0,0.0,0.0,0.0,OneWay,Bike,0,0,True,False,False,,,,,,
b_11,0,0,0,0,24,1,9,24,14,3,11,3659,158.53,17.6144,406.5556,OneWay,Cab,39,24,False,True,False,,,,,,0.5833
b_11,0,0,0,0,0,0,0,0,0,0,0,0,0.0,0.0,0.0,Rental,All,0,0,False,False,False,,,,,,
b_11,0,0,0,0,0,0,0,0,0,0,0,0,0.0,0.0,0.0,Rental,Auto,0,0,False,False,True,,,,,,
b_11,0,0,0,0,0,0,0,0,0,0,0,0,0.0,0.0,0.0,Rental,Bike,0,0,True,False,False,,,,,,
b_11,0,0,0,0,0,0,0,0,0,0,0,0,0.0,0.0,0.0,Rental,Cab,0,0,False,True,False,,,,,,
b_110,1,1,1,1,0,0,0,0,0,0,0,0,0.0,0.0,0.0,InterCity,All,0,0,False,False,False,1.0,1.0,1.0,0.0,0.0,
b_110,0,0,0,0,0,0,0,0,0,0,0,0,0.0,0.0,0.0,InterCity,Auto,0,0,False,False,True,,,,,,
b_110,0,0,0,0,0,0,0,0,0,0,0,0,0.0,0.0,0.0,InterCity,Bike,0,0,True,False,False,,,,,,
b_110,0,0,0,0,0,0,0,0,0,0,0,0,0.0,0.0,0.0,InterCity,Cab,1,1,False,True,False,,,,,,
b_110,197,197,90,59,0,0,0,0,0,0,0,0,0.0,0.0,0.0,OneWay,All,0,0,False,False,False,1.0,0.4569,0.6556,0.0,0.0,
b_110,0,0,0,0,28,1,14,28,12,3,9,2051,71.084,5.0774,146.5,OneWay,Auto,49,28,False,False,True,,,,,,0.4286
b_110,0,0,0,0,0,0,0,0,0,0,0,0,0.0,0.0,0.0,OneWay,Bike,0,0,True,False,False,,,,,,
b_110,0,0,0,0,31,2,21,31,8,4,4,7956,349.776,16.656,378.8571,OneWay,Cab,41,31,False,True,False,,,,,,0.2581
b_110,0,0,0,0,0,0,0,0,0,0,0,0,0.0,0.0,0.0,Rental,All,0,0,False,False,False,,,,,,
b_110,0,0,0,0,0,0,0,0,0,0,0,0,0.0,0.0,0.0,Rental,Auto,0,0,False,False,True,,,,,,
b_110,0,0,0,0,0,0,0,0,0,0,0,0,0.0,0.0,0.0,Rental,Bike,0,0,True,False,False,,,,,,
b_110,0,0,0,0,0,0,0,0,0,0,0,0,0.0,0.0,0.0,Rental,Cab,0,0,False,True,False,,,,,,
b_111,0,0,0,0,0,0,0,0,0,0,0,0,0.0,0.0,0.0,InterCity,All,0,0,False,False,False,,,,,,
b_111,0,0,0,0,0,0,0,0,0,0,0,0,0.0,0.0,0.0,InterCity,Auto,0,0,False,False,True,,,,,,
b_111,0,0,0,0,0,0,0,0,0,0,0,0,0.0,0.0,0.0,InterCity,Bike,0,0,True,False,False,,,,,,
b_111,0,0,0,0,0,0,0,0,0,0,0,0,0.0,0.0,0.0,InterCity,Cab,0,0,False,True,False,,,,,,
b_111,67,67,29,20,0,0,0,0,0,0,0,0,0.0,0.0,0.0,OneWay,All,0,0,False,False,False,1.0,0.4328,0.6897,0.0,0.0,
b_111,0,0,0,0,11,1,5,11,5,3,2,668,27.155,5.431,133.6,OneWay,Auto,19,11,False,False,True,,,,,,0.4545
b_111,0,0,0,0,0,0,0,0,0,0,0,0,0.0,0.0,0.0,OneWay,Bike,0,0,True,False,False,,,,,,
b_111,0,0,0,0,9,2,4,9,3,1,2,1473,73.262,18.3155,368.25,OneWay,Cab,10,9,False,True,False,,,,,,0.3333
b_111,0,0,0,0,0,0,0,0,0,0,0,0,0.0,0.0,0.0,Rental,All,0,0,False,False,False,,,,,,
b_111,0,0,0,0,0,0,0,0,0,0,0,0,0.0,0.0,0.0,Rental,Auto,0,0,False,False,True,,,,,,
b_111,0,0,0,0,0,0,0,0,0,0,0,0,0.0,0.0,0.0,Rental,Bike,0,0,True,False,False,,,,,,
b_111,0,0,0,0,0,0,0,0,0,0,0,0,0.0,0.0,0.0,Rental,Cab,0,0,False,True,False,,,,,,
b_112,0,0,0,0,0,0,0,0,0,0,0,0,0.0,0.0,0.0,InterCity,All,0,0,False,False,False,,,,,,
b_112,0,0,0,0,0,0,0,0,0,0,0,0,0.0,0.0,0.0,InterCity,Auto,0,0,False,False,True,,,,,,
b_112,0,0,0,0,0,0,0,0,0,0,0,0,0.0,0.0,0.0,InterCity,Bike,0,0,True,False,False,,,,,,
b_112,0,0,0,0,0,0,0,0,0,0,0,0,0.0,0.0,0.0,InterCity,Cab,0,0,False,True,False,,,,,,
b_112,100,100,62,48,0,0,0,0,0,0,0,0,0.0,0.0,0.0,OneWay,All,0,0,False,False,False,1.0,0.62,0.7742,0.0,0.0,
b_112,0,0,0,0,15,3,7,15,5,2,3,2018,74.677,10.6681,288.2857,OneWay,Auto,19,16,False,False,True,,,,,,0.3333
b_112,0,0,0,0,0,0,0,0,0,0,0,0,0.0,0.0,0.0,OneWay,Bike,0,0,True,False,False,,,,,,
b_112,0,0,0,0,31,2,15,31,14,5,9,7048,328.005,21.867,469.8667,OneWay,Cab,43,32,False,True,False,,,,,,0.4516
b_112,0,0,0,0,0,0,0,0,0,0,0,0,0.0,0.0,0.0,Rental,All,0,0,False,False,False,,,,,,
b_112,0,0,0,0,0,0,0,0,0,0,0,0,0.0,0.0,0.0,Rental,Auto,0,0,False,False,True,,,,,,
b_112,0,0,0,0,0,0,0,0,0,0,0,0,0.0,0.0,0.0,Rental,Bike,0,0,True,False,False,,,,,,
b_112,0,0,0,0,0,0,0,0,0,0,0,0,0.0,0.0,0.0,Rental,Cab,0,0,False,True,False,,,,,,
b_113,0,0,0,0,0,0,0,0,0,0,0,0,0.0,0.0,0.0,InterCity,All,0,0,False,False,False,,,,,,
b_113,0,0,0,0,0,0,0,0,0,0,0,0,0.0,0.0,0.0,InterCity,Auto,0,0,False,False,True,,,,,,
b_113,0,0,0,0,0,0,0,0,0,0,0,0,0.0,0.0,0.0,InterCity,Bike,0,0,True,False,False,,,,,,
b_113,0,0,0,0,0,0,0,0,0,0,0,0,0.0,0.0,0.0,InterCity,Cab,0,0,False,True,False,,,,,,
b_113,143,143,78,53,0,0,0,0,0,0,0,0,0.0,0.0,0.0,OneWay,All,0,0,False,False,False,1.0,0.5455,0.6795,0.0,0.0,
b_113,0,0,0,0,24,5,12,24,7,4,3,2522,104.991,8.7492,210.1667,OneWay,Auto,38,24,False,False,True,,,,,,0.2917
b_113,0,0,0,0,0,0,0,0,0,0,0,0,0.0,0.0,0.0,OneWay,Bike,0,0,True,False,False,,,,,,
b_113,0,0,0,0,29,1,18,29,10,2,8,5541,229.698,12.761,307.8333,OneWay,Cab,42,29,False,True,False,,,,,,0.3448
b_113,0,0,0,0,0,0,0,0,0,0,0,0,0.0,0.0,0.0,Rental,All,0,0,False,False,False,,,,,,
b_113,0,0,0,0,0,0,0,0,0,0,0,0,0.0,0.0,0.0,Rental,Auto,0,0,False,False,True,,,,,,
b_113,0,0,0,0,0,0,0,0,0,0,0,0,0.0,0.0,0.0,Rental,Bike,0,0,True,False,False,,,,,,
b_113,0,0,0,0,0,0,0,0,0,0,0,0,0.0,0.0,0.0,Rental,Cab,0,0,False,True,False,,,,,,
b_114,1,1,1,1,0,0,0,0,0,0,0,0,0.0,0.0,0.0,InterCity,All,0,0,False,False,False,1.0,1.0,1.0,0.0,0.0,
b_114,0,0,0,0,0,0,0,0,0,0,0,0,0.0,0.0,0.0,InterCity,Auto,0,0,False,False,True,,,,,,
b_114,0,0,0,0,0,0,0,0,0,0,0,0,0.0,0.0,0.0,InterCity,Bike,0,0,True,False,False,,,,,,
b_114,0,0,0,0,0,0,0,0,0,0,0,0,0.0,0.0,0.0,InterCity,Cab,1,1,False,True,False,,,,,,
b_114,354,354,238,120,0,0,0,0,0,0,0,0,0.0,0.0,0.0,OneWay,All,0,0,False,False,False,1.0,0.6723,0.5042,0.0,0.0,
b_114,0,0,0,0,53,3,28,53,22,11,11,5611,208.712,7.454,200.3929,OneWay,Auto,123,54,False,False,True,,,,,,0.4151
b_114,0,0,0,0,0,0,0,0,0,0,0,0,0.0,0.0,0.0,OneWay,Bike,0,0,True,False,False,,,,,,
b_114,0,0,0,0,66,1,29,66,36,9,27,8704,331.153,11.4191,300.1379,OneWay,Cab,129,66,False,True,False,,,,,,0.5455
b_114,0,0,0,0,0,0,0,0,0,0,0,0,0.0,0.0,0.0,Rental,All,0,0,False,False,False,,,,,,
b_114,0,0,0,0,0,0,0,0,0,0,0,0,0.0,0.0,0.0,Rental,Auto,0,0,False,False,True,,,,,,
b_114,0,0,0,0,0,0,0,0,0,0,0,0,0.0,0.0,0.0,Rental,Bike,0,0,True,False,False,,,,,,
b_114,0,0,0,0,0,0,0,0,0,0,0,0,0.0,0.0,0.0,Rental,Cab,0,0,False,True,False,,,,,,
b_115,0,0,0,0,0,0,0,0,0,0,0,0,0.0,0.0,0.0,InterCity,All,0,0,False,False,False,,,,,,
b_115,0,0,0,0,0,0,0,0,0,0,0,0,0.0,0.0,0.0,InterCity,Auto,0,0,False,False,True,,,,,,
b_115,0,0,0,0,0,0,0,0,0,0,0,0,0.0,0.0,0.0,InterCity,Bike,0,0,True,False,False,,,,,,
b_115,0,0,0,0,0,0,0,0,0,0,0,0,0.0,0.0,0.0,InterCity,Cab,0,0,False,True,False,,,,,,
b_115,168,168,125,69,0,0,0,0,0,0,0,0,0.0,0.0,0.0,OneWay,All,0,0,False,False,False,1.0,0.744,0.552,0.0,0.0,
b_115,0,0,0,0,42,4,23,42,15,8,7,5473,227.635,9.8972,237.9565,OneWay,Auto,87,44,False,False,True,,,,,,0.3571
b_115,0,0,0,0,0,0,0,0,0,0,0,0,0.0,0.0,0.0,OneWay,Bike,0,0,True,False,False,,,,,,
b_115,0,0,0,0,25,0,8,25,17,4,13,3652,161.997,20.2496,456.5,OneWay,Cab,43,25,False,True,False,,,,,,0.68
b_115,0,0,0,0,0,0,0,0,0,0,0,0,0.0,0.0,0.0,Rental,All,0,0,False,False,False,,,,,,
b_115,0,0,0,0,0,0,0,0,0,0,0,0,0.0,0.0,0.0,Rental,Auto,0,0,False,False,True,,,,,,
b_115,0,0,0,0,0,0,0,0,0,0,0,0,0.0,0.0,0.0,Rental,Bike,0,0,True,False,False,,,,,,
b_115,0,0,0,0,0,0,0,0,0,0,0,0,0.0,0.0,0.0,Rental,Cab,0,0,False,True,False,,,,,,
b_116,0,0,0,0,0,0,0,0,0,0,0,0,0.0,0.0,0.0,InterCity,All,0,0,False,False,False,,,,,,
b_116,0,0,0,0,0,0,0,0,0,0,0,0,0.0,0.0,0.0,InterCity,Auto,0,0,False,False,True,,,,,,
b_116,0,0,0,0,0,0,0,0,0,0,0,0,0.0,0.0,0.0,InterCity,Bike,0,0,True,False,False,,,,,,
b_116,0,0,0,0,0,0,0,0,0,0,0,0,0.0,0.0,0.0,InterCity,Cab,0,0,False,True,False,,,,,,
b_116,472,472,311,193,0,0,0,0,0,0,0,0,0.0,0.0,0.0,OneWay,All,0,0,False,False,False,1.0,0.6589,0.6206,0.0,0.0,
b_116,0,0,0,0,103,8,47,103,47,27,20,9779,385.171,8.1951,208.0638,OneWay,Auto,177,104,False,False,True,,,,,,0.4563
b_116,0,0,0,0,0,0,0,0,0,0,0,0,0.0,0.0,0.0,OneWay,Bike,0,0,True,False,False,,,,,,
b_116,0,0,0,0,88,7,38,88,43,10,33,11469,453.36,11.9305,301.8158,OneWay,Cab,142,90,False,True,False,,,,,,0.4886
b_116,0,0,0,0,0,0,0,0,0,0,0,0,0.0,0.0,0.0,Rental,All,0,0,False,False,False,,,,,,
b_116,0,0,0,0,0,0,0,0,0,0,0,0,0.0,0.0,0.0,Rental,Auto,0,0,False,False,True,,,,,,
b_116,0,0,0,0,0,0,0,0,0,0,0,0,0.0,0.0,0.0,Rental,Bike,0,0,True,False,False,,,,,,
b_116,0,0,0,0,0,0,0,0,0,0,0,0,0.0,0.0,0.0,Rental,Cab,0,0,False,True,False,,,,,,
b_117,0,0,0,0,0,0,0,0,0,0,0,0,0.0,0.0,0.0,InterCity,All,0,0,False,False,False,,,,,,
b_117,0,0,0,0,0,0,0,0,0,0,0,0,0.0,0.0,0.0,InterCity,Auto,0,0,False,False,True,,,,,,
b_117,0,0,0,0,0,0,0,0,0,0,0,0,0.0,0.0,0.0,InterCity,Bike,0,0,True,False,False,,,,,,
b_117,0,0,0,0,0,0,0,0,0,0,0,0,0.0,0.0,0.0,InterCity,Cab,0,0,False,True,False,,,,,,
b_117,136,136,101,34,0,0,0,0,0,0,0,0,0.0,0.0,0.0,OneWay,All,0,0,False,False,False,1.0,0.7426,0.3366,0.0,0.0,
b_117,0,0,0,0,26,2,14,26,10,3,7,2351,93.119,6.6514,167.9286,OneWay,Auto,81,26,False,False,True,,,,,,0.3846
b_117,0,0,0,0,0,0,0,0,0,0,0,0,0.0,0.0,0.0,OneWay,Bike,0,0,True,False,False,,,,,,
b_117,0,0,0,0,8,0,6,8,2,1,1,1977,78.557,13.0928,329.5,OneWay,Cab,24,8,False,True,False,,,,,,0.25
b_117,0,0,0,0,0,0,0,0,0,0,0,0,0.0,0.0,0.0,Rental,All,0,0,False,False,False,,,,,,
b_117,0,0,0,0,0,0,0,0,0,0,0,0,0.0,0.0,0.0,Rental,Auto,0,0,False,False,True,,,,,,
b_117,0,0,0,0,0,0,0,0,0,0,0,0,0.0,0.0,0.0,Rental,Bike,0,0,True,False,False,,,,,,
b_117,0,0,0,0,0,0,0,0,0,0,0,0,0.0,0.0,0.0,Rental,Cab,0,0,False,True,False,,,,,,
b_118,5,5,5,5,0,0,0,0,0,0,0,0,0.0,0.0,0.0,InterCity,All,0,0,False,False,False,1.0,1.0,1.0,0.0,0.0,
b_118,0,0,0,0,0,0,0,0,0,0,0,0,0.0,0.0,0.0,InterCity,Auto,0,0,False,False,True,,,,,,
b_118,0,0,0,0,0,0,0,0,0,0,0,0,0.0,0.0,0.0,InterCity,Bike,0,0,True,False,False,,,,,,
b_118,0,0,0,0,3,0,0,3,3,2,1,0,0.0,0.0,0.0,InterCity,Cab,5,4,False,True,False,,,,,,1.0
b_118,294,294,194,69,0,0,0,0,0,0,0,0,0.0,0.0,0.0,OneWay,All,0,0,False,False,False,1.0,0.6599,0.3557,0.0,0.0,
b_118,0,0,0,0,35,2,18,35,15,9,6,4016,149.209,8.2894,223.1111,OneWay,Auto,94,35,False,False,True,,,,,,0.4286
b_118,0,0,0,0,0,0,0,0,0,0,0,0,0.0,0.0,0.0,OneWay,Bike,0,0,True,False,False,,,,,,
b_118,0,0,0,0,34,1,14,34,18,12,6,5493,237.318,16.9513,392.3571,OneWay,Cab,107,34,False,True,False,,,,,,0.5294
b_118,0,0,0,0,0,0,0,0,0,0,0,0,0.0,0.0,0.0,Rental,All,0,0,False,False,False,,,,,,
b_118,0,0,0,0,0,0,0,0,0,0,0,0,0.0,0.0,0.0,Rental,Auto,0,0,False,False,True,,,,,,
b_118,0,0,0,0,0,0,0,0,0,0,0,0,0.0,0.0,0.0,Rental,Bike,0,0,True,False,False,,,,,,
b_118,0,0,0,0,0,0,0,0,0,0,0,0,0.0,0.0,0.0,Rental,Cab,0,0,False,True,False,,,,,,
b_119,0,0,0,0,0,0,0,0,0,0,0,0,0.0,0.0,0.0,InterCity,All,0,0,False,False,False,,,,,,
b_119,0,0,0,0,0,0,0,0,0,0,0,0,0.0,0.0,0.0,InterCity,Auto,0,0,False,False,True,,,,,,
b_119,0,0,0,0,0,0,0,0,0,0,0,0,0.0,0.0,0.0,InterCity,Bike,0,0,True,False,False,,,,,,
b_119,0,0,0,0,0,0,0,0,0,0,0,0,0.0,0.0,0.0,InterCity,Cab,0,0,False,True,False,,,,,,
b_119,134,134,119,47,0,0,0,0,0,0,0,0,0.0,0.0,0.0,OneWay,All,0,0,False,False,False,1.0,0.8881,0.395,0.0,0.0,
b_119,0,0,0,0,36,1,23,36,12,8,4,4011,135.715,5.9007,174.3913,OneWay,Auto,96,36,False,False,True,,,,,,0.3333
b_119,0,0,0,0,0,0,0,0,0,0,0,0,0.0,0.0,0.0,OneWay,Bike,0,0,True,False,False,,,,,,
b_119,0,0,0,0,11,0,7,11,4,3,1,2630,103.707,14.8153,375.7143,OneWay,Cab,27,11,False,True,False,,,,,,0.3636
b_119,0,0,0,0,0,0,0,0,0,0,0,0,0.0,0.0,0.0,Rental,All,0,0,False,False,False,,,,,,
b_119,0,0,0,0,0,0,0,0,0,0,0,0,0.0,0.0,0.0,Rental,Auto,0,0,False,False,True,,,,,,
b_119,0,0,0,0,0,0,0,0,0,0,0,0,0.0,0.0,0.0,Rental,Bike,0,0,True,False,False,,,,,,
b_119,0,0,0,0,0,0,0,0,0,0,0,0,0.0,0.0,0.0,Rental,Cab,0,0,False,True,False,,,,,,
b_12,0,0,0,0,0,0,0,0,0,0,0,0,0.0,0.0,0.0,InterCity,All,0,0,False,False,False,,,,,,
b_12,0,0,0,0,0,0,0,0,0,0,0,0,0.0,0.0,0.0,InterCity,Auto,0,0,False,False,True,,,,,,
b_12,0,0,0,0,0,0,0,0,0,0,0,0,0.0,0.0,0.0,InterCity,Bike,0,0,True,False,False,,,,,,
b_12,0,0,0,0,0,0,0,0,0,0,0,0,0.0,0.0,0.0,InterCity,Cab,0,0,False,True,False,,,,,,
b_12,49,49,35,18,0,0,0,0,0,0,0,0,0.0,0.0,0.0,OneWay,All,0,0,False,False,False,1.0,0.7143,0.5143,0.0,0.0,
b_12,0,0,0,0,12,4,7,12,1,1,0,1302,66.757,9.5367,186.0,OneWay,Auto,25,12,False,False,True,,,,,,0.0833
b_12,0,0,0,0,0,0,0,0,0,0,0,0,0.0,0.0,0.0,OneWay,Bike,0,0,True,False,False,,,,,,
b_12,0,0,0,0,6,0,2,6,4,0,4,597,23.527,11.7635,298.5,OneWay,Cab,10,6,False,True,False,,,,,,0.6667
b_12,0,0,0,0,0,0,0,0,0,0,0,0,0.0,0.0,0.0,Rental,All,0,0,False,False,False,,,,,,
b_12,0,0,0,0,0,0,0,0,0,0,0,0,0.0,0.0,0.0,Rental,Auto,0,0,False,False,True,,,,,,
b_12,0,0,0,0,0,0,0,0,0,0,0,0,0.0,0.0,0.0,Rental,Bike,0,0,True,False,False,,,,,,
b_12,0,0,0,0,0,0,0,0,0,0,0,0,0.0,0.0,0.0,Rental,Cab,0,0,False,True,False,,,,,,
b_120,0,0,0,0,0,0,0,0,0,0,0,0,0.0,0.0,0.0,InterCity,All,0,0,False,False,False,,,,,,
b_120,0,0,0,0,0,0,0,0,0,0,0,0,0.0,0.0,0.0,InterCity,Auto,0,0,False,False,True,,,,,,
b_120,0,0,0,0,0,0,0,0,0,0,0,0,0.0,0.0,0.0,InterCity,Bike,0,0,True,False,False,,,,,,
b_120,0,0,0,0,0,0,0,0,0,0,0,0,0.0,0.0,0.0,InterCity,Cab,0,0,False,True,False,,,,,,
b_120,456,456,399,119,0,0,0,0,0,0,0,0,0.0,0.0,0.0,OneWay,All,0,0,False,False,False,1.0,0.875,0.2982,0.0,0.0,
b_120,0,0,0,0,81,2,46,81,33,16,17,8464,306.999,6.6739,184.0,OneWay,Auto,280,82,False,False,True,,,,,,0.4074
b_120,0,0,0,0,0,0,0,0,0,0,0,0,0.0,0.0,0.0,OneWay,Bike,0,0,True,False,False,,,,,,
b_120,0,0,0,0,35,1,19,35,15,6,9,6356,221.606,11.6635,334.5263,OneWay,Cab,144,38,False,True,False,,,,,,0.4286
b_120,0,0,0,0,0,0,0,0,0,0,0,0,0.0,0.0,0.0,Rental,All,0,0,False,False,False,,,,,,
b_120,0,0,0,0,0,0,0,0,0,0,0,0,0.0,0.0,0.0,Rental,Auto,0,0,False,False,True,,,,,,
b_120,0,0,0,0,0,0,0,0,0,0,0,0,0.0,0.0,0.0,Rental,Bike,0,0,True,False,False,,,,,,
b_120,0,0,0,0,0,0,0,0,0,0,0,0,0.0,0.0,0.0,Rental,Cab,0,0,False,True,False,,,,,,
b_121,0,0,0,0,0,0,0,0,0,0,0,0,0.0,0.0,0.0,InterCity,All,0,0,False,False,False,,,,,,
b_121,0,0,0,0,0,0,0,0,0,0,0,0,0.0,0.0,0.0,InterCity,Auto,0,0,False,False,True,,,,,,
b_121,0,0,0,0,0,0,0,0,0,0,0,0,0.0,0.0,0.0,InterCity,Bike,0,0,True,False,False,,,,,,
b_121,0,0,0,0,0,0,0,0,0,0,0,0,0.0,0.0,0.0,InterCity,Cab,0,0,False,True,False,,,,,,
b_121,823,823,721,224,0,0,0,0,0,0,0,0,0.0,0.0,0.0,OneWay,All,0,0,False,False,False,1.0,0.8761,0.3107,0.0,0.0,
b_121,0,0,0,0,137,5,66,137,64,29,35,15098,527.472,7.992,228.7576,OneWay,Auto,417,137,False,False,True,,,,,,0.4672
b_121,0,0,0,0,0,0,0,0,0,0,0,0,0.0,0.0,0.0,OneWay,Bike,0,0,True,False,False,,,,,,
b_121,0,0,0,0,87,0,42,87,45,17,28,15303,601.735,14.327,364.3571,OneWay,Cab,330,87,False,True,False,,,,,,0.5172
b_121,0,0,0,0,0,0,0,0,0,0,0,0,0.0,0.0,0.0,Rental,All,0,0,False,False,False,,,,,,
b_121,0,0,0,0,0,0,0,0,0,0,0,0,0.0,0.0,0.0,Rental,Auto,0,0,False,False,True,,,,,,
b_121,0,0,0,0,0,0,0,0,0,0,0,0,0.0,0.0,0.0,Rental,Bike,0,0,True,False,False,,,,,,
b_121,0,0,0,0,0,0,0,0,0,0,0,0,0.0,0.0,0.0,Rental,Cab,0,0,False,True,False,,,,,,
b_122,0,0,0,0,0,0,0,0,0,0,0,0,0.0,0.0,0.0,InterCity,All,0,0,False,False,False,,,,,,
b_122,0,0,0,0,0,0,0,0,0,0,0,0,0.0,0.0,0.0,InterCity,Auto,0,0,False,False,True,,,,,,
b_122,0,0,0,0,0,0,0,0,0,0,0,0,0.0,0.0,0.0,InterCity,Bike,0,0,True,False,False,,,,,,
b_122,0,0,0,0,0,0,0,0,0,0,0,0,0.0,0.0,0.0,InterCity,Cab,0,0,False,True,False,,,,,,
b_122,175,175,137,64,0,0,0,0,0,0,0,0,0.0,0.0,0.0,OneWay,All,0,0,False,False,False,1.0,0.7829,0.4672,0.0,0.0,
b_122,0,0,0,0,48,1,28,48,19,9,10,5187,202.698,7.2392,185.25,OneWay,Auto,110,48,False,False,True,,,,,,0.3958
b_122,0,0,0,0,0,0,0,0,0,0,0,0,0.0,0.0,0.0,OneWay,Bike,0,0,True,False,False,,,,,,
b_122,0,0,0,0,16,0,8,15,7,4,3,3331,131.724,16.4655,416.375,OneWay,Cab,27,16,False,True,False,,,,,,0.4375
b_122,0,0,0,0,0,0,0,0,0,0,0,0,0.0,0.0,0.0,Rental,All,0,0,False,False,False,,,,,,
b_122,0,0,0,0,0,0,0,0,0,0,0,0,0.0,0.0,0.0,Rental,Auto,0,0,False,False,True,,,,,,
b_122,0,0,0,0,0,0,0,0,0,0,0,0,0.0,0.0,0.0,Rental,Bike,0,0,True,False,False,,,,,,
b_122,0,0,0,0,0,0,0,0,0,0,0,0,0.0,0.0,0.0,Rental,Cab,0,0,False,True,False,,,,,,
b_123,0,0,0,0,0,0,0,0,0,0,0,0,0.0,0.0,0.0,InterCity,All,0,0,False,False,False,,,,,,
b_123,0,0,0,0,0,0,0,0,0,0,0,0,0.0,0.0,0.0,InterCity,Auto,0,0,False,False,True,,,,,,
b_123,0,0,0,0,0,0,0,0,0,0,0,0,0.0,0.0,0.0,InterCity,Bike,0,0,True,False,False,,,,,,
b_123,0,0,0,0,0,0,0,0,0,0,0,0,0.0,0.0,0.0,InterCity,Cab,0,0,False,True,False,,,,,,
b_123,98,98,68,40,0,0,0,0,0,0,0,0,0.0,0.0,0.0,OneWay,All,0,0,False,False,False,1.0,0.6939,0.5882,0.0,0.0,
b_123,0,0,0,0,29,6,13,29,9,4,5,2876,117.65,9.05,221.2308,OneWay,Auto,51,29,False,False,True,,,,,,0.3103
b_123,0,0,0,0,0,0,0,0,0,0,0,0,0.0,0.0,0.0,OneWay,Bike,0,0,True,False,False,,,,,,
b_123,0,0,0,0,11,1,6,11,2,0,2,3064,144.789,24.1315,510.6667,OneWay,Cab,17,11,False,True,False,,,,,,0.1818
b_123,0,0,0,0,0,0,0,0,0,0,0,0,0.0,0.0,0.0,Rental,All,0,0,False,False,False,,,,,,
b_123,0,0,0,0,0,0,0,0,0,0,0,0,0.0,0.0,0.0,Rental,Auto,0,0,False,False,True,,,,,,
b_123,0,0,0,0,0,0,0,0,0,0,0,0,0.0,0.0,0.0,Rental,Bike,0,0,True,False,False,,,,,,
b_123,0,0,0,0,0,0,0,0,0,0,0,0,0.0,0.0,0.0,Rental,Cab,0,0,False,True,False,,,,,,
b_124,0,0,0,0,0,0,0,0,0,0,0,0,0.0,0.0,0.0,InterCity,All,0,0,False,False,False,,,,,,
b_124,0,0,0,0,0,0,0,0,0,0,0,0,0.0,0.0,0.0,InterCity,Auto,0,0,False,False,True,,,,,,
b_124,0,0,0,0,0,0,0,0,0,0,0,0,0.0,0.0,0.0,InterCity,Bike,0,0,True,False,False,,,,,,
b_124,0,0,0,0,0,0,0,0,0,0,0,0,0.0,0.0,0.0,InterCity,Cab,0,0,False,True,False,,,,,,
b_124,313,313,272,112,0,0,0,0,0,0,0,0,0.0,0.0,0.0,OneWay,All,0,0,False,False,False,1.0,0.869,0.4118,0.0,0.0,
b_124,0,0,0,0,80,0,35,80,42,15,27,6344,236.554,6.7587,181.2571,OneWay,Auto,171,81,False,False,True,,,,,,0.525
b_124,0,0,0,0,0,0,0,0,0,0,0,0,0.0,0.0,0.0,OneWay,Bike,0,0,True,False,False,,,,,,
b_124,0,0,0,0,31,3,13,31,15,4,11,3873,148.665,11.4358,297.9231,OneWay,Cab,109,31,False,True,False,,,,,,0.4839
b_124,0,0,0,0,0,0,0,0,0,0,0,0,0.0,0.0,0.0,Rental,All,0,0,False,False,False,,,,,,
b_124,0,0,0,0,0,0,0,0,0,0,0,0,0.0,0.0,0.0,Rental,Auto,0,0,False,False,True,,,,,,
b_124,0,0,0,0,0,0,0,0,0,0,0,0,0.0,0.0,0.0,Rental,Bike,0,0,True,False,False,,,,,,
b_124,0,0,0,0,0,0,0,0,0,0,0,0,0.0,0.0,0.0,Rental,Cab,0,0,False,True,False,,,,,,
b_125,0,0,0,0,0,0,0,0,0,0,0,0,0.0,0.0,0.0,InterCity,All,0,0,False,False,False,,,,,,
b_125,0,0,0,0,0,0,0,0,0,0,0,0,0.0,0.0,0.0,InterCity,Auto,0,0,False,False,True,,,,,,
b_125,0,0,0,0,0,0,0,0,0,0,0,0,0.0,0.0,0.0,InterCity,Bike,0,0,True,False,False,,,,,,
b_125,0,0,0,0,0,0,0,0,0,0,0,0,0.0,0.0,0.0,InterCity,Cab,0,0,False,True,False,,,,,,
b_125,104,104,74,41,0,0,0,0,0,0,0,0,0.0,0.0,0.0,OneWay,All,0,0,False,False,False,1.0,0.7115,0.5541,0.0,0.0,
b_125,0,0,0,0,29,3,16,29,10,5,5,2861,108.196,6.7622,178.8125,OneWay,Auto,57,29,False,False,True,,,,,,0.3448
b_125,0,0,0,0,0,0,0,0,0,0,0,0,0.0,0.0,0.0,OneWay,Bike,0,0,True,False,False,,,,,,
b_125,0,0,0,0,11,0,5,11,6,2,4,1504,59.714,11.9428,300.8,OneWay,Cab,17,12,False,True,False,,,,,,0.5455
b_125,0,0,0,0,0,0,0,0,0,0,0,0,0.0,0.0,0.0,Rental,All,0,0,False,False,False,,,,,,
b_125,0,0,0,0,0,0,0,0,0,0,0,0,0.0,0.0,0.0,Rental,Auto,0,0,False,False,True,,,,,,
b_125,0,0,0,0,0,0,0,0,0,0,0,0,0.0,0.0,0.0,Rental,Bike,0,0,True,False,False,,,,,,
b_125,0,0,0,0,0,0,0,0,0,0,0,0,0.0,0.0,0.0,Rental,Cab,0,0,False,True,False,,,,,,
b_126,0,0,0,0,0,0,0,0,0,0,0,0,0.0,0.0,0.0,InterCity,All,0,0,False,False,False,,,,,,
b_126,0,0,0,0,0,0,0,0,0,0,0,0,0.0,0.0,0.0,InterCity,Auto,0,0,False,False,True,,,,,,
b_126,0,0,0,0,0,0,0,0,0,0,0,0,0.0,0.0,0.0,InterCity,Bike,0,0,True,False,False,,,,,,
b_126,0,0,0,0,0,0,0,0,0,0,0,0,0.0,0.0,0.0,InterCity,Cab,0,0,False,True,False,,,,,,
b_126,104,104,85,29,0,0,0,0,0,0,0,0,0.0,0.0,0.0,OneWay,All,0,0,False,False,False,1.0,0.8173,0.3412,0.0,0.0,
b_126,0,0,0,0,23,1,16,23,5,1,4,2803,93.759,5.8599,175.1875,OneWay,Auto,73,23,False,False,True,,,,,,0.2174
b_126,0,0,0,0,0,0,0,0,0,0,0,0,0.0,0.0,0.0,OneWay,Bike,0,0,True,False,False,,,,,,
b_126,0,0,0,0,6,1,3,6,2,0,2,1415,48.333,16.111,471.6667,OneWay,Cab,18,6,False,True,False,,,,,,0.3333
b_126,0,0,0,0,0,0,0,0,0,0,0,0,0.0,0.0,0.0,Rental,All,0,0,False,False,False,,,,,,
b_126,0,0,0,0,0,0,0,0,0,0,0,0,0.0,0.0,0.0,Rental,Auto,0,0,False,False,True,,,,,,
b_126,0,0,0,0,0,0,0,0,0,0,0,0,0.0,0.0,0.0,Rental,Bike,0,0,True,False,False,,,,,,
b_126,0,0,0,0,0,0,0,0,0,0,0,0,0.0,0.0,0.0,Rental,Cab,0,0,False,True,False,,,,,,
b_127,0,0,0,0,0,0,0,0,0,0,0,0,0.0,0.0,0.0,InterCity,All,0,0,False,False,False,,,,,,
b_127,0,0,0,0,0,0,0,0,0,0,0,0,0.0,0.0,0.0,InterCity,Auto,0,0,False,False,True,,,,,,
b_127,0,0,0,0,0,0,0,0,0,0,0,0,0.0,0.0,0.0,InterCity,Bike,0,0,True,False,False,,,,,,
b_127,0,0,0,0,0,0,0,0,0,0,0,0,0.0,0.0,0.0,InterCity,Cab,0,0,False,True,False,,,,,,
b_127,234,234,179,74,0,0,0,0,0,0,0,0,0.0,0.0,0.0,OneWay,All,0,0,False,False,False,1.0,0.765,0.4134,0.0,0.0,
b_127,0,0,0,0,51,1,29,51,20,11,9,6260,234.469,8.0851,215.8621,OneWay,Auto,91,51,False,False,True,,,,,,0.3922
b_127,0,0,0,0,0,0,0,0,0,0,0,0,0.0,0.0,0.0,OneWay,Bike,0,0,True,False,False,,,,,,
b_127,0,0,0,0,23,1,7,23,15,8,7,2585,89.302,12.7574,369.2857,OneWay,Cab,89,23,False,True,False,,,,,,0.6522
b_127,0,0,0,0,0,0,0,0,0,0,0,0,0.0,0.0,0.0,Rental,All,0,0,False,False,False,,,,,,
b_127,0,0,0,0,0,0,0,0,0,0,0,0,0.0,0.0,0.0,Rental,Auto,0,0,False,False,True,,,,,,
b_127,0,0,0,0,0,0,0,0,0,0,0,0,0.0,0.0,0.0,Rental,Bike,0,0,True,False,False,,,,,,
b_127,0,0,0,0,0,0,0,0,0,0,0,0,0.0,0.0,0.0,Rental,Cab,0,0,False,True,False,,,,,,
b_128,0,0,0,0,0,0,0,0,0,0,0,0,0.0,0.0,0.0,InterCity,All,0,0,False,False,False,,,,,,
b_128,0,0,0,0,0,0,0,0,0,0,0,0,0.0,0.0,0.0,InterCity,Auto,0,0,False,False,True,,,,,,
b_128,0,0,0,0,0,0,0,0,0,0,0,0,0.0,0.0,0.0,InterCity,Bike,0,0,True,False,False,,,,,,
b_128,0,0,0,0,0,0,0,0,0,0,0,0,0.0,0.0,0.0,InterCity,Cab,0,0,False,True,False,,,,,,
b_128,298,298,247,83,0,0,0,0,0,0,0,0,0.0,0.0,0.0,OneWay,All,0,0,False,False,False,1.0,0.8289,0.336,0.0,0.0,
b_128,0,0,0,0,46,0,22,46,24,13,11,4267,145.656,6.6207,193.9545,OneWay,Auto,147,47,False,False,True,,,,,,0.5217
b_128,0,0,0,0,0,0,0,0,0,0,0,0,0.0,0.0,0.0,OneWay,Bike,0,0,True,False,False,,,,,,
b_128,0,0,0,0,36,1,17,35,17,8,9,7059,260.545,15.3262,415.2353,OneWay,Cab,114,36,False,True,False,,,,,,0.4722
b_128,2,2,2,2,0,0,0,0,0,0,0,0,0.0,0.0,0.0,Rental,All,0,0,False,False,False,1.0,1.0,1.0,0.0,0.0,
b_128,0,0,0,0,0,0,0,0,0,0,0,0,0.0,0.0,0.0,Rental,Auto,2,2,False,False,True,,,,,,
b_128,0,0,0,0,0,0,0,0,0,0,0,0,0.0,0.0,0.0,Rental,Bike,0,0,True,False,False,,,,,,
b_128,0,0,0,0,0,0,0,0,0,0,0,0,0.0,0.0,0.0,Rental,Cab,2,2,False,True,False,,,,,,
b_129,0,0,0,0,0,0,0,0,0,0,0,0,0.0,0.0,0.0,InterCity,All,0,0,False,False,False,,,,,,
b_129,0,0,0,0,0,0,0,0,0,0,0,0,0.0,0.0,0.0,InterCity,Auto,0,0,False,False,True,,,,,,
b_129,0,0,0,0,0,0,0,0,0,0,0,0,0.0,0.0,0.0,InterCity,Bike,0,0,True,False,False,,,,,,
b_129,0,0,0,0,0,0,0,0,0,0,0,0,0.0,0.0,0.0,InterCity,Cab,0,0,False,True,False,,,,,,
b_129,242,242,199,66,0,0,0,0,0,0,0,0,0.0,0.0,0.0,OneWay,All,0,0,False,False,False,1.0,0.8223,0.3317,0.0,0.0,
b_129,0,0,0,0,45,4,17,45,23,15,8,3898,147.389,8.6699,229.2941,OneWay,Auto,127,45,False,False,True,,,,,,0.5111
b_129,0,0,0,0,0,0,0,0,0,0,0,0,0.0,0.0,0.0,OneWay,Bike,0,0,True,False,False,,,,,,
b_129,0,0,0,0,21,0,6,21,15,5,10,1405,43.665,7.2775,234.1667,OneWay,Cab,85,21,False,True,False,,,,,,0.7143
b_129,1,1,1,1,0,0,0,0,0,0,0,0,0.0,0.0,0.0,Rental,All,0,0,False,False,False,1.0,1.0,1.0,0.0,0.0,
b_129,0,0,0,0,0,0,0,0,0,0,0,0,0.0,0.0,0.0,Rental,Auto,1,1,False,False,True,,,,,,
b_129,0,0,0,0,0,0,0,0,0,0,0,0,0.0,0.0,0.0,Rental,Bike,0,0,True,False,False,,,,,,
b_129,0,0,0,0,0,0,0,0,0,0,0,0,0.0,0.0,0.0,Rental,Cab,1,1,False,True,False,,,,,,
b_13,0,0,0,0,0,0,0,0,0,0,0,0,0.0,0.0,0.0,InterCity,All,0,0,False,False,False,,,,,,
b_13,0,0,0,0,0,0,0,0,0,0,0,0,0.0,0.0,0.0,InterCity,Auto,0,0,False,False,True,,,,,,
b_13,0,0,0,0,0,0,0,0,0,0,0,0,0.0,0.0,0.0,InterCity,Bike,0,0,True,False,False,,,,,,
b_13,0,0,0,0,0,0,0,0,0,0,0,0,0.0,0.0,0.0,InterCity,Cab,0,0,False,True,False,,,,,,
b_13,34,34,24,13,0,0,0,0,0,0,0,0,0.0,0.0,0.0,OneWay,All,0,0,False,False,False,1.0,0.7059,0.5417,0.0,0.0,
b_13,0,0,0,0,6,1,3,6,2,0,2,409,21.059,7.0197,136.3333,OneWay,Auto,16,6,False,False,True,,,,,,0.3333
b_13,0,0,0,0,0,0,0,0,0,0,0,0,0.0,0.0,0.0,OneWay,Bike,0,0,True,False,False,,,,,,
b_13,0,0,0,0,7,0,5,7,2,1,1,2047,84.114,16.8228,409.4,OneWay,Cab,8,7,False,True,False,,,,,,0.2857
b_13,0,0,0,0,0,0,0,0,0,0,0,0,0.0,0.0,0.0,Rental,All,0,0,False,False,False,,,,,,
b_13,0,0,0,0,0,0,0,0,0,0,0,0,0.0,0.0,0.0,Rental,Auto,0,0,False,False,True,,,,,,
b_13,0,0,0,0,0,0,0,0,0,0,0,0,0.0,0.0,0.0,Rental,Bike,0,0,True,False,False,,,,,,
b_13,0,0,0,0,0,0,0,0,0,0,0,0,0.0,0.0,0.0,Rental,Cab,0,0,False,True,False,,,,,,
b_130,0,0,0,0,0,0,0,0,0,0,0,0,0.0,0.0,0.0,InterCity,All,0,0,False,False,False,,,,,,
b_130,0,0,0,0,0,0,0,0,0,0,0,0,0.0,0.0,0.0,InterCity,Auto,0,0,False,False,True,,,,,,
b_130,0,0,0,0,0,0,0,0,0,0,0,0,0.0,0.0,0.0,InterCity,Bike,0,0,True,False,False,,,,,,
b_130,0,0,0,0,0,0,0,0,0,0,0,0,0.0,0.0,0.0,InterCity,Cab,0,0,False,True,False,,,,,,
b_130,58,58,28,15,0,0,0,0,0,0,0,0,0.0,0.0,0.0,OneWay,All,0,0,False,False,False,1.0,0.4828,0.5357,0.0,0.0,
b_130,0,0,0,0,11,0,8,11,3,2,1,930,36.1,4.5125,116.25,OneWay,Auto,18,11,False,False,True,,,,,,0.2727
b_130,0,0,0,0,0,0,0,0,0,0,0,0,0.0,0.0,0.0,OneWay,Bike,0,0,True,False,False,,,,,,
b_130,0,0,0,0,4,0,3,4,1,0,1,1410,48.935,16.3117,470.0,OneWay,Cab,10,4,False,True,False,,,,,,0.25
b_130,0,0,0,0,0,0,0,0,0,0,0,0,0.0,0.0,0.0,Rental,All,0,0,False,False,False,,,,,,
b_130,0,0,0,0,0,0,0,0,0,0,0,0,0.0,0.0,0.0,Rental,Auto,0,0,False,False,True,,,,,,
b_130,0,0,0,0,0,0,0,0,0,0,0,0,0.0,0.0,0.0,Rental,Bike,0,0,True,False,False,,,,,,
b_130,0,0,0,0,0,0,0,0,0,0,0,0,0.0,0.0,0.0,Rental,Cab,0,0,False,True,False,,,,,,
b_131,4,4,4,4,0,0,0,0,0,0,0,0,0.0,0.0,0.0,InterCity,All,0,0,False,False,False,1.0,1.0,1.0,0.0,0.0,
b_131,0,0,0,0,0,0,0,0,0,0,0,0,0.0,0.0,0.0,InterCity,Auto,0,0,False,False,True,,,,,,
b_131,0,0,0,0,0,0,0,0,0,0,0,0,0.0,0.0,0.0,InterCity,Bike,0,0,True,False,False,,,,,,
b_131,0,0,0,0,0,0,0,0,0,0,0,0,0.0,0.0,0.0,InterCity,Cab,4,4,False,True,False,,,,,,
b_131,512,512,466,69,0,0,0,0,0,0,0,0,0.0,0.0,0.0,OneWay,All,0,0,False,False,False,1.0,0.9102,0.1481,0.0,0.0,
b_131,0,0,0,0,51,0,25,51,26,16,10,4673,169.255,6.7702,186.92,OneWay,Auto,259,51,False,False,True,,,,,,0.5098
b_131,0,0,0,0,0,0,0,0,0,0,0,0,0.0,0.0,0.0,OneWay,Bike,0,0,True,False,False,,,,,,
b_131,0,0,0,0,18,0,4,18,14,6,8,1436,50.923,12.7308,359.0,OneWay,Cab,257,18,False,True,False,,,,,,0.7778
b_131,0,0,0,0,0,0,0,0,0,0,0,0,0.0,0.0,0.0,Rental,All,0,0,False,False,False,,,,,,
b_131,0,0,0,0,0,0,0,0,0,0,0,0,0.0,0.0,0.0,Rental,Auto,0,0,False,False,True,,,,,,
b_131,0,0,0,0,0,0,0,0,0,0,0,0,0.0,0.0,0.0,Rental,Bike,0,0,True,False,False,,,,,,
b_131,0,0,0,0,0,0,0,0,0,0,0,0,0.0,0.0,0.0,Rental,Cab,0,0,False,True,False,,,,,,
b_132,0,0,0,0,0,0,0,0,0,0,0,0,0.0,0.0,0.0,InterCity,All,0,0,False,False,False,,,,,,
b_132,0,0,0,0,0,0,0,0,0,0,0,0,0.0,0.0,0.0,InterCity,Auto,0,0,False,False,True,,,,,,
b_132,0,0,0,0,0,0,0,0,0,0,0,0,0.0,0.0,0.0,InterCity,Bike,0,0,True,False,False,,,,,,
b_132,0,0,0,0,0,0,0,0,0,0,0,0,0.0,0.0,0.0,InterCity,Cab,0,0,False,True,False,,,,,,
b_132,41,41,29,13,0,0,0,0,0,0,0,0,0.0,0.0,0.0,OneWay,All,0,0,False,False,False,1.0,0.7073,0.4483,0.0,0.0,
b_132,0,0,0,0,10,1,7,10,1,1,0,1176,50.598,7.2283,168.0,OneWay,Auto,23,10,False,False,True,,,,,,0.1
b_132,0,0,0,0,0,0,0,0,0,0,0,0,0.0,0.0,0.0,OneWay,Bike,0,0,True,False,False,,,,,,
b_132,0,0,0,0,3,0,2,3,1,0,1,563,20.633,10.3165,281.5,OneWay,Cab,6,3,False,True,False,,,,,,0.3333
b_132,0,0,0,0,0,0,0,0,0,0,0,0,0.0,0.0,0.0,Rental,All,0,0,False,False,False,,,,,,
b_132,0,0,0,0,0,0,0,0,0,0,0,0,0.0,0.0,0.0,Rental,Auto,0,0,False,False,True,,,,,,
b_132,0,0,0,0,0,0,0,0,0,0,0,0,0.0,0.0,0.0,Rental,Bike,0,0,True,False,False,,,,,,
b_132,0,0,0,0,0,0,0,0,0,0,0,0,0.0,0.0,0.0,Rental,Cab,0,0,False,True,False,,,,,,
b_133,1,1,1,1,0,0,0,0,0,0,0,0,0.0,0.0,0.0,InterCity,All,0,0,False,False,False,1.0,1.0,1.0,0.0,0.0,
b_133,0,0,0,0,0,0,0,0,0,0,0,0,0.0,0.0,0.0,InterCity,Auto,0,0,False,False,True,,,,,,
b_133,0,0,0,0,0,0,0,0,0,0,0,0,0.0,0.0,0.0,InterCity,Bike,0,0,True,False,False,,,,,,
b_133,0,0,0,0,0,0,0,0,0,0,0,0,0.0,0.0,0.0,InterCity,Cab,1,1,False,True,False,,,,,,
b_133,1317,1316,923,395,0,0,0,0,0,0,0,0,0.0,0.0,0.0,OneWay,All,0,0,False,False,False,0.9992,0.7014,0.428,0.0,0.0,
b_133,0,0,0,0,232,23,96,232,101,55,45,23952,1103.811,11.498,249.5,OneWay,Auto,568,236,False,False,True,,,,,,0.4353
b_133,0,0,0,0,0,0,0,0,0,0,0,0,0.0,0.0,0.0,OneWay,Bike,0,0,True,False,False,,,,,,
b_133,0,0,0,0,157,10,60,153,86,39,47,22484,892.968,14.8828,374.7333,OneWay,Cab,375,162,False,True,False,,,,,,0.5478
b_133,1,1,1,1,0,0,0,0,0,0,0,0,0.0,0.0,0.0,Rental,All,0,0,False,False,False,1.0,1.0,1.0,0.0,0.0,
b_133,0,0,0,0,0,0,0,0,0,0,0,0,0.0,0.0,0.0,Rental,Auto,1,1,False,False,True,,,,,,
b_133,0,0,0,0,0,0,0,0,0,0,0,0,0.0,0.0,0.0,Rental,Bike,0,0,True,False,False,,,,,,
b_133,0,0,0,0,0,0,0,0,0,0,0,0,0.0,0.0,0.0,Rental,Cab,1,1,False,True,False,,,,,,
b_134,6,6,6,6,0,0,0,0,0,0,0,0,0.0,0.0,0.0,InterCity,All,0,0,False,False,False,1.0,1.0,1.0,0.0,0.0,
b_134,0,0,0,0,0,0,0,0,0,0,0,0,0.0,0.0,0.0,InterCity,Auto,0,0,False,False,True,,,,,,
b_134,0,0,0,0,0,0,0,0,0,0,0,0,0.0,0.0,0.0,InterCity,Bike,0,0,True,False,False,,,,,,
b_134,0,0,0,0,0,0,0,0,0,0,0,0,0.0,0.0,0.0,InterCity,Cab,6,6,False,True,False,,,,,,
b_134,1015,1014,724,276,0,0,0,0,0,0,0,0,0.0,0.0,0.0,OneWay,All,0,0,False,False,False,0.999,0.714,0.3812,0.0,0.0,
b_134,0,0,0,0,126,18,44,126,57,33,24,9589,442.402,10.0546,217.9318,OneWay,Auto,308,126,False,False,True,,,,,,0.4524
b_134,0,0,0,0,0,0,0,0,0,0,0,0,0.0,0.0,0.0,OneWay,Bike,0,0,True,False,False,,,,,,
b_134,0,0,0,0,149,15,55,148,65,39,26,19561,743.587,13.5198,355.6545,OneWay,Cab,424,149,False,True,False,,,,,,0.4362
b_134,0,0,0,0,0,0,0,0,0,0,0,0,0.0,0.0,0.0,Rental,All,0,0,False,False,False,,,,,,
b_134,0,0,0,0,0,0,0,0,0,0,0,0,0.0,0.0,0.0,Rental,Auto,0,0,False,False,True,,,,,,
b_134,0,0,0,0,0,0,0,0,0,0,0,0,0.0,0.0,0.0,Rental,Bike,0,0,True,False,False,,,,,,
b_134,0,0,0,0,0,0,0,0,0,0,0,0,0.0,0.0,0.0,Rental,Cab,0,0,False,True,False,,,,,,
b_135,0,0,0,0,0,0,0,0,0,0,0,0,0.0,0.0,0.0,InterCity,All,0,0,False,False,False,,,,,,
b_135,0,0,0,0,0,0,0,0,0,0,0,0,0.0,0.0,0.0,InterCity,Auto,0,0,False,False,True,,,,,,
b_135,0,0,0,0,0,0,0,0,0,0,0,0,0.0,0.0,0.0,InterCity,Bike,0,0,True,False,False,,,,,,
b_135,0,0,0,0,0,0,0,0,0,0,0,0,0.0,0.0,0.0,InterCity,Cab,0,0,False,True,False,,,,,,
b_135,65,65,49,21,0,0,0,0,0,0,0,0,0.0,0.0,0.0,OneWay,All,0,0,False,False,False,1.0,0.7538,0.4286,0.0,0.0,
b_135,0,0,0,0,7,0,7,7,0,0,0,1035,34.996,4.9994,147.8571,OneWay,Auto,22,7,False,False,True,,,,,,0.0
b_135,0,0,0,0,0,0,0,0,0,0,0,0,0.0,0.0,0.0,OneWay,Bike,0,0,True,False,False,,,,,,
b_135,0,0,0,0,14,0,5,13,8,5,3,2165,83.418,16.6836,433.0,OneWay,Cab,29,14,False,True,False,,,,,,0.5714
b_135,0,0,0,0,0,0,0,0,0,0,0,0,0.0,0.0,0.0,Rental,All,0,0,False,False,False,,,,,,
b_135,0,0,0,0,0,0,0,0,0,0,0,0,0.0,0.0,0.0,Rental,Auto,0,0,False,False,True,,,,,,
b_135,0,0,0,0,0,0,0,0,0,0,0,0,0.0,0.0,0.0,Rental,Bike,0,0,True,False,False,,,,,,
b_135,0,0,0,0,0,0,0,0,0,0,0,0,0.0,0.0,0.0,Rental,Cab,0,0,False,True,False,,,,,,
b_136,0,0,0,0,0,0,0,0,0,0,0,0,0.0,0.0,0.0,InterCity,All,0,0,False,False,False,,,,,,
b_136,0,0,0,0,0,0,0,0,0,0,0,0,0.0,0.0,0.0,InterCity,Auto,0,0,False,False,True,,,,,,
b_136,0,0,0,0,0,0,0,0,0,0,0,0,0.0,0.0,0.0,InterCity,Bike,0,0,True,False,False,,,,,,
b_136,0,0,0,0,0,0,0,0,0,0,0,0,0.0,0.0,0.0,InterCity,Cab,0,0,False,True,False,,,,,,
b_136,33,33,29,7,0,0,0,0,0,0,0,0,0.0,0.0,0.0,OneWay,All,0,0,False,False,False,1.0,0.8788,0.2414,0.0,0.0,
b_136,0,0,0,0,2,0,2,2,0,0,0,211,10.441,5.2205,105.5,OneWay,Auto,18,2,False,False,True,,,,,,0.0
b_136,0,0,0,0,0,0,0,0,0,0,0,0,0.0,0.0,0.0,OneWay,Bike,0,0,True,False,False,,,,,,
b_136,0,0,0,0,5,0,3,5,2,0,2,1743,77.635,25.8783,581.0,OneWay,Cab,13,5,False,True,False,,,,,,0.4
b_136,0,0,0,0,0,0,0,0,0,0,0,0,0.0,0.0,0.0,Rental,All,0,0,False,False,False,,,,,,
b_136,0,0,0,0,0,0,0,0,0,0,0,0,0.0,0.0,0.0,Rental,Auto,0,0,False,False,True,,,,,,
b_136,0,0,0,0,0,0,0,0,0,0,0,0,0.0,0.0,0.0,Rental,Bike,0,0,True,False,False,,,,,,
b_136,0,0,0,0,0,0,0,0,0,0,0,0,0.0,0.0,0.0,Rental,Cab,0,0,False,True,False,,,,,,
b_137,0,0,0,0,0,0,0,0,0,0,0,0,0.0,0.0,0.0,InterCity,All,0,0,False,False,False,,,,,,
b_137,0,0,0,0,0,0,0,0,0,0,0,0,0.0,0.0,0.0,InterCity,Auto,0,0,False,False,True,,,,,,
b_137,0,0,0,0,0,0,0,0,0,0,0,0,0.0,0.0,0.0,InterCity,Bike,0,0,True,False,False,,,,,,
b_137,0,0,0,0,0,0,0,0,0,0,0,0,0.0,0.0,0.0,InterCity,Cab,0,0,False,True,False,,,,,,
b_137,27,27,17,6,0,0,0,0,0,0,0,0,0.0,0.0,0.0,OneWay,All,0,0,False,False,False,1.0,0.6296,0.3529,0.0,0.0,
b_137,0,0,0,0,5,0,0,5,5,0,5,0,0.0,0.0,0.0,OneWay,Auto,14,5,False,False,True,,,,,,1.0
b_137,0,0,0,0,0,0,0,0,0,0,0,0,0.0,0.0,0.0,OneWay,Bike,0,0,True,False,False,,,,,,
b_137,0,0,0,0,1,0,0,1,1,0,1,0,0.0,0.0,0.0,OneWay,Cab,3,1,False,True,False,,,,,,1.0
b_137,0,0,0,0,0,0,0,0,0,0,0,0,0.0,0.0,0.0,Rental,All,0,0,False,False,False,,,,,,
b_137,0,0,0,0,0,0,0,0,0,0,0,0,0.0,0.0,0.0,Rental,Auto,0,0,False,False,True,,,,,,
b_137,0,0,0,0,0,0,0,0,0,0,0,0,0.0,0.0,0.0,Rental,Bike,0,0,True,False,False,,,,,,
b_137,0,0,0,0,0,0,0,0,0,0,0,0,0.0,0.0,0.0,Rental,Cab,0,0,False,True,False,,,,,,
b_138,0,0,0,0,0,0,0,0,0,0,0,0,0.0,0.0,0.0,InterCity,All,0,0,False,False,False,,,,,,
b_138,0,0,0,0,0,0,0,0,0,0,0,0,0.0,0.0,0.0,InterCity,Auto,0,0,False,False,True,,,,,,
b_138,0,0,0,0,0,0,0,0,0,0,0,0,0.0,0.0,0.0,InterCity,Bike,0,0,True,False,False,,,,,,
b_138,0,0,0,0,0,0,0,0,0,0,0,0,0.0,0.0,0.0,InterCity,Cab,0,0,False,True,False,,,,,,
b_138,23,23,16,10,0,0,0,0,0,0,0,0,0.0,0.0,0.0,OneWay,All,0,0,False,False,False,1.0,0.6957,0.625,0.0,0.0,
b_138,0,0,0,0,6,0,1,6,5,2,3,258,13.771,13.771,258.0,OneWay,Auto,12,6,False,False,True,,,,,,0.8333
b_138,0,0,0,0,0,0,0,0,0,0,0,0,0.0,0.0,0.0,OneWay,Bike,0,0,True,False,False,,,,,,
b_138,0,0,0,0,4,0,2,4,2,0,2,1065,50.474,25.237,532.5,OneWay,Cab,4,4,False,True,False,,,,,,0.5
b_138,0,0,0,0,0,0,0,0,0,0,0,0,0.0,0.0,0.0,Rental,All,0,0,False,False,False,,,,,,
b_138,0,0,0,0,0,0,0,0,0,0,0,0,0.0,0.0,0.0,Rental,Auto,0,0,False,False,True,,,,,,
b_138,0,0,0,0,0,0,0,0,0,0,0,0,0.0,0.0,0.0,Rental,Bike,0,0,True,False,False,,,,,,
b_138,0,0,0,0,0,0,0,0,0,0,0,0,0.0,0.0,0.0,Rental,Cab,0,0,False,True,False,,,,,,
b_139,0,0,0,0,0,0,0,0,0,0,0,0,0.0,0.0,0.0,InterCity,All,0,0,False,False,False,,,,,,
b_139,0,0,0,0,0,0,0,0,0,0,0,0,0.0,0.0,0.0,InterCity,Auto,0,0,False,False,True,,,,,,
b_139,0,0,0,0,0,0,0,0,0,0,0,0,0.0,0.0,0.0,InterCity,Bike,0,0,True,False,False,,,,,,
b_139,0,0,0,0,0,0,0,0,0,0,0,0,0.0,0.0,0.0,InterCity,Cab,0,0,False,True,False,,,,,,
b_139,49,49,46,8,0,0,0,0,0,0,0,0,0.0,0.0,0.0,OneWay,All,0,0,False,False,False,1.0,0.9388,0.1739,0.0,0.0,
b_139,0,0,0,0,8,2,4,8,2,2,0,706,28.896,7.224,176.5,OneWay,Auto,37,8,False,False,True,,,,,,0.25
b_139,0,0,0,0,0,0,0,0,0,0,0,0,0.0,0.0,0.0,OneWay,Bike,0,0,True,False,False,,,,,,
b_139,0,0,0,0,0,0,0,0,0,0,0,0,0.0,0.0,0.0,OneWay,Cab,9,0,False,True,False,,,,,,
b_139,0,0,0,0,0,0,0,0,0,0,0,0,0.0,0.0,0.0,Rental,All,0,0,False,False,False,,,,,,
b_139,0,0,0,0,0,0,0,0,0,0,0,0,0.0,0.0,0.0,Rental,Auto,0,0,False,False,True,,,,,,
b_139,0,0,0,0,0,0,0,0,0,0,0,0,0.0,0.0,0.0,Rental,Bike,0,0,True,False,False,,,,,,
b_139,0,0,0,0,0,0,0,0,0,0,0,0,0.0,0.0,0.0,Rental,Cab,0,0,False,True,False,,,,,,
b_14,0,0,0,0,0,0,0,0,0,0,0,0,0.0,0.0,0.0,InterCity,All,0,0,False,False,False,,,,,,
b_14,0,0,0,0,0,0,0,0,0,0,0,0,0.0,0.0,0.0,InterCity,Auto,0,0,False,False,True,,,,,,
b_14,0,0,0,0,0,0,0,0,0,0,0,0,0.0,0.0,0.0,InterCity,Bike,0,0,True,False,False,,,,,,
b_14,0,0,0,0,0,0,0,0,0,0,0,0,0.0,0.0,0.0,InterCity,Cab,0,0,False,True,False,,,,,,
b_14,31,31,25,20,0,0,0,0,0,0,0,0,0.0,0.0,0.0,OneWay,All,0,0,False,False,False,1.0,0.8065,0.8,0.0,0.0,
b_14,0,0,0,0,9,2,4,9,3,1,2,636,26.865,6.7162,159.0,OneWay,Auto,12,9,False,False,True,,,,,,0.3333
b_14,0,0,0,0,0,0,0,0,0,0,0,0,0.0,0.0,0.0,OneWay,Bike,0,0,True,False,False,,,,,,
b_14,0,0,0,0,11,1,2,11,6,0,6,441,16.823,8.4115,220.5,OneWay,Cab,13,11,False,True,False,,,,,,0.5455
b_14,0,0,0,0,0,0,0,0,0,0,0,0,0.0,0.0,0.0,Rental,All,0,0,False,False,False,,,,,,
b_14,0,0,0,0,0,0,0,0,0,0,0,0,0.0,0.0,0.0,Rental,Auto,0,0,False,False,True,,,,,,
b_14,0,0,0,0,0,0,0,0,0,0,0,0,0.0,0.0,0.0,Rental,Bike,0,0,True,False,False,,,,,,
b_14,0,0,0,0,0,0,0,0,0,0,0,0,0.0,0.0,0.0,Rental,Cab,0,0,False,True,False,,,,,,
b_140,1,1,1,1,0,0,0,0,0,0,0,0,0.0,0.0,0.0,InterCity,All,0,0,False,False,False,1.0,1.0,1.0,0.0,0.0,
b_140,0,0,0,0,0,0,0,0,0,0,0,0,0.0,0.0,0.0,InterCity,Auto,0,0,False,False,True,,,,,,
b_140,0,0,0,0,0,0,0,0,0,0,0,0,0.0,0.0,0.0,InterCity,Bike,0,0,True,False,False,,,,,,
b_140,0,0,0,0,0,0,0,0,0,0,0,0,0.0,0.0,0.0,InterCity,Cab,1,1,False,True,False,,,,,,
b_140,37,37,9,7,0,0,0,0,0,0,0,0,0.0,0.0,0.0,OneWay,All,0,0,False,False,False,1.0,0.2432,0.7778,0.0,0.0,
b_140,0,0,0,0,4,0,1,4,0,0,0,145,7.489,7.489,145.0,OneWay,Auto,6,4,False,False,True,,,,,,0.0
b_140,0,0,0,0,0,0,0,0,0,0,0,0,0.0,0.0,0.0,OneWay,Bike,0,0,True,False,False,,,,,,
b_140,0,0,0,0,3,0,1,3,2,0,2,357,16.336,16.336,357.0,OneWay,Cab,3,3,False,True,False,,,,,,0.6667
b_140,4,4,4,4,0,0,0,0,0,0,0,0,0.0,0.0,0.0,Rental,All,0,0,False,False,False,1.0,1.0,1.0,0.0,0.0,
b_140,0,0,0,0,1,0,0,1,1,1,0,0,0.0,0.0,0.0,Rental,Auto,2,1,False,False,True,,,,,,1.0
b_140,0,0,0,0,0,0,0,0,0,0,0,0,0.0,0.0,0.0,Rental,Bike,0,0,True,False,False,,,,,,
b_140,0,0,0,0,2,0,0,2,1,1,0,0,0.0,0.0,0.0,Rental,Cab,3,2,False,True,False,,,,,,0.5
b_141,0,0,0,0,0,0,0,0,0,0,0,0,0.0,0.0,0.0,InterCity,All,0,0,False,False,False,,,,,,
b_141,0,0,0,0,0,0,0,0,0,0,0,0,0.0,0.0,0.0,InterCity,Auto,0,0,False,False,True,,,,,,
b_141,0,0,0,0,0,0,0,0,0,0,0,0,0.0,0.0,0.0,InterCity,Bike,0,0,True,False,False,,,,,,
b_141,0,0,0,0,0,0,0,0,0,0,0,0,0.0,0.0,0.0,InterCity,Cab,0,0,False,True,False,,,,,,
b_141,33,33,18,8,0,0,0,0,0,0,0,0,0.0,0.0,0.0,OneWay,All,0,0,False,False,False,1.0,0.5455,0.4444,0.0,0.0,
b_141,0,0,0,0,4,1,3,4,0,0,0,428,21.109,7.0363,142.6667,OneWay,Auto,10,4,False,False,True,,,,,,0.0
b_141,0,0,0,0,0,0,0,0,0,0,0,0,0.0,0.0,0.0,OneWay,Bike,0,0,True,False,False,,,,,,
b_141,0,0,0,0,4,0,3,4,1,0,1,665,20.432,6.8107,221.6667,OneWay,Cab,8,4,False,True,False,,,,,,0.25
b_141,0,0,0,0,0,0,0,0,0,0,0,0,0.0,0.0,0.0,Rental,All,0,0,False,False,False,,,,,,
b_141,0,0,0,0,0,0,0,0,0,0,0,0,0.0,0.0,0.0,Rental,Auto,0,0,False,False,True,,,,,,
b_141,0,0,0,0,0,0,0,0,0,0,0,0,0.0,0.0,0.0,Rental,Bike,0,0,True,False,False,,,,,,
b_141,0,0,0,0,0,0,0,0,0,0,0,0,0.0,0.0,0.0,Rental,Cab,0,0,False,True,False,,,,,,
b_142,0,0,0,0,0,0,0,0,0,0,0,0,0.0,0.0,0.0,InterCity,All,0,0,False,False,False,,,,,,
b_142,0,0,0,0,0,0,0,0,0,0,0,0,0.0,0.0,0.0,InterCity,Auto,0,0,False,False,True,,,,,,
b_142,0,0,0,0,0,0,0,0,0,0,0,0,0.0,0.0,0.0,InterCity,Bike,0,0,True,False,False,,,,,,
b_142,0,0,0,0,0,0,0,0,0,0,0,0,0.0,0.0,0.0,InterCity,Cab,0,0,False,True,False,,,,,,
b_142,40,40,33,12,0,0,0,0,0,0,0,0,0.0,0.0,0.0,OneWay,All,0,0,False,False,False,1.0,0.825,0.3636,0.0,0.0,
b_142,0,0,0,0,8,1,4,8,3,1,2,500,21.558,5.3895,125.0,OneWay,Auto,26,9,False,False,True,,,,,,0.375
b_142,0,0,0,0,0,0,0,0,0,0,0,0,0.0,0.0,0.0,OneWay,Bike,0,0,True,False,False,,,,,,
b_142,0,0,0,0,3,0,2,3,1,1,0,358,11.285,5.6425,179.0,OneWay,Cab,7,3,False,True,False,,,,,,0.3333
b_142,0,0,0,0,0,0,0,0,0,0,0,0,0.0,0.0,0.0,Rental,All,0,0,False,False,False,,,,,,
b_142,0,0,0,0,0,0,0,0,0,0,0,0,0.0,0.0,0.0,Rental,Auto,0,0,False,False,True,,,,,,
b_142,0,0,0,0,0,0,0,0,0,0,0,0,0.0,0.0,0.0,Rental,Bike,0,0,True,False,False,,,,,,
b_142,0,0,0,0,0,0,0,0,0,0,0,0,0.0,0.0,0.0,Rental,Cab,0,0,False,True,False,,,,,,
b_143,0,0,0,0,0,0,0,0,0,0,0,0,0.0,0.0,0.0,InterCity,All,0,0,False,False,False,,,,,,
b_143,0,0,0,0,0,0,0,0,0,0,0,0,0.0,0.0,0.0,InterCity,Auto,0,0,False,False,True,,,,,,
b_143,0,0,0,0,0,0,0,0,0,0,0,0,0.0,0.0,0.0,InterCity,Bike,0,0,True,False,False,,,,,,
b_143,0,0,0,0,0,0,0,0,0,0,0,0,0.0,0.0,0.0,InterCity,Cab,0,0,False,True,False,,,,,,
b_143,25,25,22,19,0,0,0,0,0,0,0,0,0.0,0.0,0.0,OneWay,All,0,0,False,False,False,1.0,0.88,0.8636,0.0,0.0,
b_143,0,0,0,0,17,1,11,17,4,0,4,1634,72.58,6.5982,148.5455,OneWay,Auto,20,17,False,False,True,,,,,,0.2353
b_143,0,0,0,0,0,0,0,0,0,0,0,0,0.0,0.0,0.0,OneWay,Bike,0,0,True,False,False,,,,,,
b_143,0,0,0,0,2,1,1,2,0,0,0,823,35.429,35.429,823.0,OneWay,Cab,3,2,False,True,False,,,,,,0.0
b_143,0,0,0,0,0,0,0,0,0,0,0,0,0.0,0.0,0.0,Rental,All,0,0,False,False,False,,,,,,
b_143,0,0,0,0,0,0,0,0,0,0,0,0,0.0,0.0,0.0,Rental,Auto,0,0,False,False,True,,,,,,
b_143,0,0,0,0,0,0,0,0,0,0,0,0,0.0,0.0,0.0,Rental,Bike,0,0,True,False,False,,,,,,
b_143,0,0,0,0,0,0,0,0,0,0,0,0,0.0,0.0,0.0,Rental,Cab,0,0,False,True,False,,,,,,
b_144,3,3,3,3,0,0,0,0,0,0,0,0,0.0,0.0,0.0,InterCity,All,0,0,False,False,False,1.0,1.0,1.0,0.0,0.0,
b_144,0,0,0,0,0,0,0,0,0,0,0,0,0.0,0.0,0.0,InterCity,Auto,0,0,False,False,True,,,,,,
b_144,0,0,0,0,0,0,0,0,0,0,0,0,0.0,0.0,0.0,InterCity,Bike,0,0,True,False,False,,,,,,
b_144,0,0,0,0,0,0,0,0,0,0,0,0,0.0,0.0,0.0,InterCity,Cab,3,3,False,True,False,,,,,,
b_144,13,13,7,5,0,0,0,0,0,0,0,0,0.0,0.0,0.0,OneWay,All,0,0,False,False,False,1.0,0.5385,0.7143,0.0,0.0,
b_144,0,0,0,0,5,1,3,5,1,0,1,704,34.351,11.4503,234.6667,OneWay,Auto,5,5,False,False,True,,,,,,0.2
b_144,0,0,0,0,0,0,0,0,0,0,0,0,0.0,0.0,0.0,OneWay,Bike,0,0,True,False,False,,,,,,
b_144,0,0,0,0,0,0,0,0,0,0,0,0,0.0,0.0,0.0,OneWay,Cab,2,0,False,True,False,,,,,,
b_144,0,0,0,0,0,0,0,0,0,0,0,0,0.0,0.0,0.0,Rental,All,0,0,False,False,False,,,,,,
b_144,0,0,0,0,0,0,0,0,0,0,0,0,0.0,0.0,0.0,Rental,Auto,0,0,False,False,True,,,,,,
b_144,0,0,0,0,0,0,0,0,0,0,0,0,0.0,0.0,0.0,Rental,Bike,0,0,True,False,False,,,,,,
b_144,0,0,0,0,0,0,0,0,0,0,0,0,0.0,0.0,0.0,Rental,Cab,0,0,False,True,False,,,,,,
b_145,0,0,0,0,0,0,0,0,0,0,0,0,0.0,0.0,0.0,InterCity,All,0,0,False,False,False,,,,,,
b_145,0,0,0,0,0,0,0,0,0,0,0,0,0.0,0.0,0.0,InterCity,Auto,0,0,False,False,True,,,,,,
b_145,0,0,0,0,0,0,0,0,0,0,0,0,0.0,0.0,0.0,InterCity,Bike,0,0,True,False,False,,,,,,
b_145,0,0,0,0,0,0,0,0,0,0,0,0,0.0,0.0,0.0,InterCity,Cab,0,0,False,True,False,,,,,,
b_145,14,14,7,7,0,0,0,0,0,0,0,0,0.0,0.0,0.0,OneWay,All,0,0,False,False,False,1.0,0.5,1.0,0.0,0.0,
b_145,0,0,0,0,6,0,5,6,1,0,1,1050,37.937,7.5874,210.0,OneWay,Auto,6,6,False,False,True,,,,,,0.1667
b_145,0,0,0,0,0,0,0,0,0,0,0,0,0.0,0.0,0.0,OneWay,Bike,0,0,True,False,False,,,,,,
b_145,0,0,0,0,1,0,1,1,0,0,0,283,11.099,11.099,283.0,OneWay,Cab,1,1,False,True,False,,,,,,0.0
b_145,0,0,0,0,0,0,0,0,0,0,0,0,0.0,0.0,0.0,Rental,All,0,0,False,False,False,,,,,,
b_145,0,0,0,0,0,0,0,0,0,0,0,0,0.0,0.0,0.0,Rental,Auto,0,0,False,False,True,,,,,,
b_145,0,0,0,0,0,0,0,0,0,0,0,0,0.0,0.0,0.0,Rental,Bike,0,0,True,False,False,,,,,,
b_145,0,0,0,0,0,0,0,0,0,0,0,0,0.0,0.0,0.0,Rental,Cab,0,0,False,True,False,,,,,,
b_146,0,0,0,0,0,0,0,0,0,0,0,0,0.0,0.0,0.0,InterCity,All,0,0,False,False,False,,,,,,
b_146,0,0,0,0,0,0,0,0,0,0,0,0,0.0,0.0,0.0,InterCity,Auto,0,0,False,False,True,,,,,,
b_146,0,0,0,0,0,0,0,0,0,0,0,0,0.0,0.0,0.0,InterCity,Bike,0,0,True,False,False,,,,,,
b_146,0,0,0,0,0,0,0,0,0,0,0,0,0.0,0.0,0.0,InterCity,Cab,0,0,False,True,False,,,,,,
b_146,20,20,7,3,0,0,0,0,0,0,0,0,0.0,0.0,0.0,OneWay,All,0,0,False,False,False,1.0,0.35,0.4286,0.0,0.0,
b_146,0,0,0,0,2,0,1,2,1,0,1,79,3.647,3.647,79.0,OneWay,Auto,5,2,False,False,True,,,,,,0.5
b_146,0,0,0,0,0,0,0,0,0,0,0,0,0.0,0.0,0.0,OneWay,Bike,0,0,True,False,False,,,,,,
b_146,0,0,0,0,1,0,1,1,0,0,0,281,12.026,12.026,281.0,OneWay,Cab,2,1,False,True,False,,,,,,0.0
b_146,0,0,0,0,0,0,0,0,0,0,0,0,0.0,0.0,0.0,Rental,All,0,0,False,False,False,,,,,,
b_146,0,0,0,0,0,0,0,0,0,0,0,0,0.0,0.0,0.0,Rental,Auto,0,0,False,False,True,,,,,,
b_146,0,0,0,0,0,0,0,0,0,0,0,0,0.0,0.0,0.0,Rental,Bike,0,0,True,False,False,,,,,,
b_146,0,0,0,0,0,0,0,0,0,0,0,0,0.0,0.0,0.0,Rental,Cab,0,0,False,True,False,,,,,,
b_147,0,0,0,0,0,0,0,0,0,0,0,0,0.0,0.0,0.0,InterCity,All,0,0,False,False,False,,,,,,
b_147,0,0,0,0,0,0,0,0,0,0,0,0,0.0,0.0,0.0,InterCity,Auto,0,0,False,False,True,,,,,,
b_147,0,0,0,0,0,0,0,0,0,0,0,0,0.0,0.0,0.0,InterCity,Bike,0,0,True,False,False,,,,,,
b_147,0,0,0,0,0,0,0,0,0,0,0,0,0.0,0.0,0.0,InterCity,Cab,0,0,False,True,False,,,,,,
b_147,10,10,4,3,0,0,0,0,0,0,0,0,0.0,0.0,0.0,OneWay,All,0,0,False,False,False,1.0,0.4,0.75,0.0,0.0,
b_147,0,0,0,0,3,1,2,3,0,0,0,112,5.131,2.5655,56.0,OneWay,Auto,4,3,False,False,True,,,,,,0.0
b_147,0,0,0,0,0,0,0,0,0,0,0,0,0.0,0.0,0.0,OneWay,Bike,0,0,True,False,False,,,,,,
b_147,0,0,0,0,0,0,0,0,0,0,0,0,0.0,0.0,0.0,OneWay,Cab,0,0,False,True,False,,,,,,
b_147,0,0,0,0,0,0,0,0,0,0,0,0,0.0,0.0,0.0,Rental,All,0,0,False,False,False,,,,,,
b_147,0,0,0,0,0,0,0,0,0,0,0,0,0.0,0.0,0.0,Rental,Auto,0,0,False,False,True,,,,,,
b_147,0,0,0,0,0,0,0,0,0,0,0,0,0.0,0.0,0.0,Rental,Bike,0,0,True,False,False,,,,,,
b_147,0,0,0,0,0,0,0,0,0,0,0,0,0.0,0.0,0.0,Rental,Cab,0,0,False,True,False,,,,,,
b_148,0,0,0,0,0,0,0,0,0,0,0,0,0.0,0.0,0.0,InterCity,All,0,0,False,False,False,,,,,,
b_148,0,0,0,0,0,0,0,0,0,0,0,0,0.0,0.0,0.0,InterCity,Auto,0,0,False,False,True,,,,,,
b_148,0,0,0,0,0,0,0,0,0,0,0,0,0.0,0.0,0.0,InterCity,Bike,0,0,True,False,False,,,,,,
b_148,0,0,0,0,0,0,0,0,0,0,0,0,0.0,0.0,0.0,InterCity,Cab,0,0,False,True,False,,,,,,
b_148,12,12,6,4,0,0,0,0,0,0,0,0,0.0,0.0,0.0,OneWay,All,0,0,False,False,False,1.0,0.5,0.6667,0.0,0.0,
b_148,0,0,0,0,2,0,2,2,0,0,0,350,18.335,9.1675,175.0,OneWay,Auto,2,2,False,False,True,,,,,,0.0
b_148,0,0,0,0,0,0,0,0,0,0,0,0,0.0,0.0,0.0,OneWay,Bike,0,0,True,False,False,,,,,,
b_148,0,0,0,0,2,0,1,2,1,1,0,279,12.281,12.281,279.0,OneWay,Cab,4,2,False,True,False,,,,,,0.5
b_148,0,0,0,0,0,0,0,0,0,0,0,0,0.0,0.0,0.0,Rental,All,0,0,False,False,False,,,,,,
b_148,0,0,0,0,0,0,0,0,0,0,0,0,0.0,0.0,0.0,Rental,Auto,0,0,False,False,True,,,,,,
b_148,0,0,0,0,0,0,0,0,0,0,0,0,0.0,0.0,0.0,Rental,Bike,0,0,True,False,False,,,,,,
b_148,0,0,0,0,0,0,0,0,0,0,0,0,0.0,0.0,0.0,Rental,Cab,0,0,False,True,False,,,,,,
b_149,0,0,0,0,0,0,0,0,0,0,0,0,0.0,0.0,0.0,InterCity,All,0,0,False,False,False,,,,,,
b_149,0,0,0,0,0,0,0,0,0,0,0,0,0.0,0.0,0.0,InterCity,Auto,0,0,False,False,True,,,,,,
b_149,0,0,0,0,0,0,0,0,0,0,0,0,0.0,0.0,0.0,InterCity,Bike,0,0,True,False,False,,,,,,
b_149,0,0,0,0,0,0,0,0,0,0,0,0,0.0,0.0,0.0,InterCity,Cab,0,0,False,True,False,,,,,,
b_149,11,11,5,5,0,0,0,0,0,0,0,0,0.0,0.0,0.0,OneWay,All,0,0,False,False,False,1.0,0.4545,1.0,0.0,0.0,
b_149,0,0,0,0,5,0,3,5,2,2,0,530,27.758,9.2527,176.6667,OneWay,Auto,5,5,False,False,True,,,,,,0.4
b_149,0,0,0,0,0,0,0,0,0,0,0,0,0.0,0.0,0.0,OneWay,Bike,0,0,True,False,False,,,,,,
b_149,0,0,0,0,0,0,0,0,0,0,0,0,0.0,0.0,0.0,OneWay,Cab,0,0,False,True,False,,,,,,
b_149,0,0,0,0,0,0,0,0,0,0,0,0,0.0,0.0,0.0,Rental,All,0,0,False,False,False,,,,,,
b_149,0,0,0,0,0,0,0,0,0,0,0,0,0.0,0.0,0.0,Rental,Auto,0,0,False,False,True,,,,,,
b_149,0,0,0,0,0,0,0,0,0,0,0,0,0.0,0.0,0.0,Rental,Bike,0,0,True,False,False,,,,,,
b_149,0,0,0,0,0,0,0,0,0,0,0,0,0.0,0.0,0.0,Rental,Cab,0,0,False,True,False,,,,,,
b_15,0,0,0,0,0,0,0,0,0,0,0,0,0.0,0.0,0.0,InterCity,All,0,0,False,False,False,,,,,,
b_15,0,0,0,0,0,0,0,0,0,0,0,0,0.0,0.0,0.0,InterCity,Auto,0,0,False,False,True,,,,,,
b_15,0,0,0,0,0,0,0,0,0,0,0,0,0.0,0.0,0.0,InterCity,Bike,0,0,True,False,False,,,,,,
b_15,0,0,0,0,0,0,0,0,0,0,0,0,0.0,0.0,0.0,InterCity,Cab,0,0,False,True,False,,,,,,
b_15,66,66,40,26,0,0,0,0,0,0,0,0,0.0,0.0,0.0,OneWay,All,0,0,False,False,False,1.0,0.6061,0.65,0.0,0.0,
b_15,0,0,0,0,14,3,5,14,5,1,4,472,20.657,4.1314,94.4,OneWay,Auto,26,14,False,False,True,,,,,,0.3571
b_15,0,0,0,0,0,0,0,0,0,0,0,0,0.0,0.0,0.0,OneWay,Bike,0,0,True,False,False,,,,,,
b_15,0,0,0,0,12,2,2,12,8,3,5,672,30.262,15.131,336.0,OneWay,Cab,14,12,False,True,False,,,,,,0.6667
b_15,0,0,0,0,0,0,0,0,0,0,0,0,0.0,0.0,0.0,Rental,All,0,0,False,False,False,,,,,,
b_15,0,0,0,0,0,0,0,0,0,0,0,0,0.0,0.0,0.0,Rental,Auto,0,0,False,False,True,,,,,,
b_15,0,0,0,0,0,0,0,0,0,0,0,0,0.0,0.0,0.0,Rental,Bike,0,0,True,False,False,,,,,,
b_15,0,0,0,0,0,0,0,0,0,0,0,0,0.0,0.0,0.0,Rental,Cab,0,0,False,True,False,,,,,,
b_150,0,0,0,0,0,0,0,0,0,0,0,0,0.0,0.0,0.0,InterCity,All,0,0,False,False,False,,,,,,
b_150,0,0,0,0,0,0,0,0,0,0,0,0,0.0,0.0,0.0,InterCity,Auto,0,0,False,False,True,,,,,,
b_150,0,0,0,0,0,0,0,0,0,0,0,0,0.0,0.0,0.0,InterCity,Bike,0,0,True,False,False,,,,,,
b_150,0,0,0,0,0,0,0,0,0,0,0,0,0.0,0.0,0.0,InterCity,Cab,0,0,False,True,False,,,,,,
b_150,27,27,16,12,0,0,0,0,0,0,0,0,0.0,0.0,0.0,OneWay,All,0,0,False,False,False,1.0,0.5926,0.75,0.0,0.0,
b_150,0,0,0,0,11,0,9,11,2,2,0,1524,75.119,8.3466,169.3333,OneWay,Auto,14,11,False,False,True,,,,,,0.1818
b_150,0,0,0,0,0,0,0,0,0,0,0,0,0.0,0.0,0.0,OneWay,Bike,0,0,True,False,False,,,,,,
b_150,0,0,0,0,1,0,1,1,0,0,0,135,4.206,4.206,135.0,OneWay,Cab,2,1,False,True,False,,,,,,0.0
b_150,1,1,1,1,0,0,0,0,0,0,0,0,0.0,0.0,0.0,Rental,All,0,0,False,False,False,1.0,1.0,1.0,0.0,0.0,
b_150,0,0,0,0,0,0,0,0,0,0,0,0,0.0,0.0,0.0,Rental,Auto,1,1,False,False,True,,,,,,
b_150,0,0,0,0,0,0,0,0,0,0,0,0,0.0,0.0,0.0,Rental,Bike,0,0,True,False,False,,,,,,
b_150,0,0,0,0,0,0,0,0,0,0,0,0,0.0,0.0,0.0,Rental,Cab,1,1,False,True,False,,,,,,
b_151,0,0,0,0,0,0,0,0,0,0,0,0,0.0,0.0,0.0,InterCity,All,0,0,False,False,False,,,,,,
b_151,0,0,0,0,0,0,0,0,0,0,0,0,0.0,0.0,0.0,InterCity,Auto,0,0,False,False,True,,,,,,
b_151,0,0,0,0,0,0,0,0,0,0,0,0,0.0,0.0,0.0,InterCity,Bike,0,0,True,False,False,,,,,,
b_151,0,0,0,0,0,0,0,0,0,0,0,0,0.0,0.0,0.0,InterCity,Cab,0,0,False,True,False,,,,,,
b_151,24,24,10,10,0,0,0,0,0,0,0,0,0.0,0.0,0.0,OneWay,All,0,0,False,False,False,1.0,0.4167,1.0,0.0,0.0,
b_151,0,0,0,0,8,1,4,8,3,1,2,1022,45.934,11.4835,255.5,OneWay,Auto,8,8,False,False,True,,,,,,0.375
b_151,0,0,0,0,0,0,0,0,0,0,0,0,0.0,0.0,0.0,OneWay,Bike,0,0,True,False,False,,,,,,
b_151,0,0,0,0,2,0,1,2,1,0,1,1332,40.129,40.129,1332.0,OneWay,Cab,2,2,False,True,False,,,,,,0.5
b_151,0,0,0,0,0,0,0,0,0,0,0,0,0.0,0.0,0.0,Rental,All,0,0,False,False,False,,,,,,
b_151,0,0,0,0,0,0,0,0,0,0,0,0,0.0,0.0,0.0,Rental,Auto,0,0,False,False,True,,,,,,
b_151,0,0,0,0,0,0,0,0,0,0,0,0,0.0,0.0,0.0,Rental,Bike,0,0,True,False,False,,,,,,
b_151,0,0,0,0,0,0,0,0,0,0,0,0,0.0,0.0,0.0,Rental,Cab,0,0,False,True,False,,,,,,
b_152,0,0,0,0,0,0,0,0,0,0,0,0,0.0,0.0,0.0,InterCity,All,0,0,False,False,False,,,,,,
b_152,0,0,0,0,0,0,0,0,0,0,0,0,0.0,0.0,0.0,InterCity,Auto,0,0,False,False,True,,,,,,
b_152,0,0,0,0,0,0,0,0,0,0,0,0,0.0,0.0,0.0,InterCity,Bike,0,0,True,False,False,,,,,,
b_152,0,0,0,0,0,0,0,0,0,0,0,0,0.0,0.0,0.0,InterCity,Cab,0,0,False,True,False,,,,,,
b_152,15,15,8,6,0,0,0,0,0,0,0,0,0.0,0.0,0.0,OneWay,All,0,0,False,False,False,1.0,0.5333,0.75,0.0,0.0,
b_152,0,0,0,0,5,1,3,5,1,0,1,306,13.73,4.5767,102.0,OneWay,Auto,5,5,False,False,True,,,,,,0.2
b_152,0,0,0,0,0,0,0,0,0,0,0,0,0.0,0.0,0.0,OneWay,Bike,0,0,True,False,False,,,,,,
b_152,0,0,0,0,1,0,0,1,1,0,1,0,0.0,0.0,0.0,OneWay,Cab,3,1,False,True,False,,,,,,1.0
b_152,0,0,0,0,0,0,0,0,0,0,0,0,0.0,0.0,0.0,Rental,All,0,0,False,False,False,,,,,,
b_152,0,0,0,0,0,0,0,0,0,0,0,0,0.0,0.0,0.0,Rental,Auto,0,0,False,False,True,,,,,,
b_152,0,0,0,0,0,0,0,0,0,0,0,0,0.0,0.0,0.0,Rental,Bike,0,0,True,False,False,,,,,,
b_152,0,0,0,0,0,0,0,0,0,0,0,0,0.0,0.0,0.0,Rental,Cab,0,0,False,True,False,,,,,,
b_153,0,0,0,0,0,0,0,0,0,0,0,0,0.0,0.0,0.0,InterCity,All,0,0,False,False,False,,,,,,
b_153,0,0,0,0,0,0,0,0,0,0,0,0,0.0,0.0,0.0,InterCity,Auto,0,0,False,False,True,,,,,,
b_153,0,0,0,0,0,0,0,0,0,0,0,0,0.0,0.0,0.0,InterCity,Bike,0,0,True,False,False,,,,,,
b_153,0,0,0,0,0,0,0,0,0,0,0,0,0.0,0.0,0.0,InterCity,Cab,0,0,False,True,False,,,,,,
b_153,48,48,26,18,0,0,0,0,0,0,0,0,0.0,0.0,0.0,OneWay,All,0,0,False,False,False,1.0,0.5417,0.6923,0.0,0.0,
b_153,0,0,0,0,7,0,6,7,1,0,1,839,34.608,5.768,139.8333,OneWay,Auto,15,7,False,False,True,,,,,,0.1429
b_153,0,0,0,0,0,0,0,0,0,0,0,0,0.0,0.0,0.0,OneWay,Bike,0,0,True,False,False,,,,,,
b_153,0,0,0,0,11,1,4,11,5,0,5,2824,134.662,33.6655,706.0,OneWay,Cab,11,11,False,True,False,,,,,,0.4545
b_153,0,0,0,0,0,0,0,0,0,0,0,0,0.0,0.0,0.0,Rental,All,0,0,False,False,False,,,,,,
b_153,0,0,0,0,0,0,0,0,0,0,0,0,0.0,0.0,0.0,Rental,Auto,0,0,False,False,True,,,,,,
b_153,0,0,0,0,0,0,0,0,0,0,0,0,0.0,0.0,0.0,Rental,Bike,0,0,True,False,False,,,,,,
b_153,0,0,0,0,0,0,0,0,0,0,0,0,0.0,0.0,0.0,Rental,Cab,0,0,False,True,False,,,,,,
b_154,0,0,0,0,0,0,0,0,0,0,0,0,0.0,0.0,0.0,InterCity,All,0,0,False,False,False,,,,,,
b_154,0,0,0,0,0,0,0,0,0,0,0,0,0.0,0.0,0.0,InterCity,Auto,0,0,False,False,True,,,,,,
b_154,0,0,0,0,0,0,0,0,0,0,0,0,0.0,0.0,0.0,InterCity,Bike,0,0,True,False,False,,,,,,
b_154,0,0,0,0,0,0,0,0,0,0,0,0,0.0,0.0,0.0,InterCity,Cab,0,0,False,True,False,,,,,,
b_154,13,13,5,3,0,0,0,0,0,0,0,0,0.0,0.0,0.0,OneWay,All,0,0,False,False,False,1.0,0.3846,0.6,0.0,0.0,
b_154,0,0,0,0,0,0,0,0,0,0,0,0,0.0,0.0,0.0,OneWay,Auto,1,0,False,False,True,,,,,,
b_154,0,0,0,0,0,0,0,0,0,0,0,0,0.0,0.0,0.0,OneWay,Bike,0,0,True,False,False,,,,,,
b_154,0,0,0,0,3,1,0,3,2,0,2,0,0.0,0.0,0.0,OneWay,Cab,4,3,False,True,False,,,,,,0.6667
b_154,0,0,0,0,0,0,0,0,0,0,0,0,0.0,0.0,0.0,Rental,All,0,0,False,False,False,,,,,,
b_154,0,0,0,0,0,0,0,0,0,0,0,0,0.0,0.0,0.0,Rental,Auto,0,0,False,False,True,,,,,,
b_154,0,0,0,0,0,0,0,0,0,0,0,0,0.0,0.0,0.0,Rental,Bike,0,0,True,False,False,,,,,,
b_154,0,0,0,0,0,0,0,0,0,0,0,0,0.0,0.0,0.0,Rental,Cab,0,0,False,True,False,,,,,,
b_155,0,0,0,0,0,0,0,0,0,0,0,0,0.0,0.0,0.0,InterCity,All,0,0,False,False,False,,,,,,
b_155,0,0,0,0,0,0,0,0,0,0,0,0,0.0,0.0,0.0,InterCity,Auto,0,0,False,False,True,,,,,,
b_155,0,0,0,0,0,0,0,0,0,0,0,0,0.0,0.0,0.0,InterCity,Bike,0,0,True,False,False,,,,,,
b_155,0,0,0,0,0,0,0,0,0,0,0,0,0.0,0.0,0.0,InterCity,Cab,0,0,False,True,False,,,,,,
b_155,32,32,21,9,0,0,0,0,0,0,0,0,0.0,0.0,0.0,OneWay,All,0,0,False,False,False,1.0,0.6562,0.4286,0.0,0.0,
b_155,0,0,0,0,3,0,1,3,2,2,0,144,5.135,5.135,144.0,OneWay,Auto,9,3,False,False,True,,,,,,0.6667
b_155,0,0,0,0,0,0,0,0,0,0,0,0,0.0,0.0,0.0,OneWay,Bike,0,0,True,False,False,,,,,,
b_155,0,0,0,0,6,0,3,6,3,0,3,1046,46.336,15.4453,348.6667,OneWay,Cab,12,6,False,True,False,,,,,,0.5
b_155,0,0,0,0,0,0,0,0,0,0,0,0,0.0,0.0,0.0,Rental,All,0,0,False,False,False,,,,,,
b_155,0,0,0,0,0,0,0,0,0,0,0,0,0.0,0.0,0.0,Rental,Auto,0,0,False,False,True,,,,,,
b_155,0,0,0,0,0,0,0,0,0,0,0,0,0.0,0.0,0.0,Rental,Bike,0,0,True,False,False,,,,,,
b_155,0,0,0,0,0,0,0,0,0,0,0,0,0.0,0.0,0.0,Rental,Cab,0,0,False,True,False,,,,,,
b_156,0,0,0,0,0,0,0,0,0,0,0,0,0.0,0.0,0.0,InterCity,All,0,0,False,False,False,,,,,,
b_156,0,0,0,0,0,0,0,0,0,0,0,0,0.0,0.0,0.0,InterCity,Auto,0,0,False,False,True,,,,,,
b_156,0,0,0,0,0,0,0,0,0,0,0,0,0.0,0.0,0.0,InterCity,Bike,0,0,True,False,False,,,,,,
b_156,0,0,0,0,0,0,0,0,0,0,0,0,0.0,0.0,0.0,InterCity,Cab,0,0,False,True,False,,,,,,
b_156,4,4,3,1,0,0,0,0,0,0,0,0,0.0,0.0,0.0,OneWay,All,0,0,False,False,False,1.0,0.75,0.3333,0.0,0.0,
b_156,0,0,0,0,1,0,1,1,0,0,0,65,3.057,3.057,65.0,OneWay,Auto,2,1,False,False,True,,,,,,0.0
b_156,0,0,0,0,0,0,0,0,0,0,0,0,0.0,0.0,0.0,OneWay,Bike,0,0,True,False,False,,,,,,
b_156,0,0,0,0,0,0,0,0,0,0,0,0,0.0,0.0,0.0,OneWay,Cab,1,0,False,True,False,,,,,,
b_156,0,0,0,0,0,0,0,0,0,0,0,0,0.0,0.0,0.0,Rental,All,0,0,False,False,False,,,,,,
b_156,0,0,0,0,0,0,0,0,0,0,0,0,0.0,0.0,0.0,Rental,Auto,0,0,False,False,True,,,,,,
b_156,0,0,0,0,0,0,0,0,0,0,0,0,0.0,0.0,0.0,Rental,Bike,0,0,True,False,False,,,,,,
b_156,0,0,0,0,0,0,0,0,0,0,0,0,0.0,0.0,0.0,Rental,Cab,0,0,False,True,False,,,,,,
b_157,0,0,0,0,0,0,0,0,0,0,0,0,0.0,0.0,0.0,InterCity,All,0,0,False,False,False,,,,,,
b_157,0,0,0,0,0,0,0,0,0,0,0,0,0.0,0.0,0.0,InterCity,Auto,0,0,False,False,True,,,,,,
b_157,0,0,0,0,0,0,0,0,0,0,0,0,0.0,0.0,0.0,InterCity,Bike,0,0,True,False,False,,,,,,
b_157,0,0,0,0,0,0,0,0,0,0,0,0,0.0,0.0,0.0,InterCity,Cab,0,0,False,True,False,,,,,,
b_157,30,30,22,11,0,0,0,0,0,0,0,0,0.0,0.0,0.0,OneWay,All,0,0,False,False,False,1.0,0.7333,0.5,0.0,0.0,
b_157,0,0,0,0,8,2,5,8,1,1,0,607,22.804,4.5608,121.4,OneWay,Auto,16,8,False,False,True,,,,,,0.125
b_157,0,0,0,0,0,0,0,0,0,0,0,0,0.0,0.0,0.0,OneWay,Bike,0,0,True,False,False,,,,,,
b_157,0,0,0,0,3,0,1,3,1,1,0,294,12.782,12.782,294.0,OneWay,Cab,6,3,False,True,False,,,,,,0.3333
b_157,0,0,0,0,0,0,0,0,0,0,0,0,0.0,0.0,0.0,Rental,All,0,0,False,False,False,,,,,,
b_157,0,0,0,0,0,0,0,0,0,0,0,0,0.0,0.0,0.0,Rental,Auto,0,0,False,False,True,,,,,,
b_157,0,0,0,0,0,0,0,0,0,0,0,0,0.0,0.0,0.0,Rental,Bike,0,0,True,False,False,,,,,,
b_157,0,0,0,0,0,0,0,0,0,0,0,0,0.0,0.0,0.0,Rental,Cab,0,0,False,True,False,,,,,,
b_158,0,0,0,0,0,0,0,0,0,0,0,0,0.0,0.0,0.0,InterCity,All,0,0,False,False,False,,,,,,
b_158,0,0,0,0,0,0,0,0,0,0,0,0,0.0,0.0,0.0,InterCity,Auto,0,0,False,False,True,,,,,,
b_158,0,0,0,0,0,0,0,0,0,0,0,0,0.0,0.0,0.0,InterCity,Bike,0,0,True,False,False,,,,,,
b_158,0,0,0,0,0,0,0,0,0,0,0,0,0.0,0.0,0.0,InterCity,Cab,0,0,False,True,False,,,,,,
b_158,21,21,20,11,0,0,0,0,0,0,0,0,0.0,0.0,0.0,OneWay,All,0,0,False,False,False,1.0,0.9524,0.55,0.0,0.0,
b_158,0,0,0,0,10,1,6,10,3,1,2,778,30.105,5.0175,129.6667,OneWay,Auto,16,10,False,False,True,,,,,,0.3
b_158,0,0,0,0,0,0,0,0,0,0,0,0,0.0,0.0,0.0,OneWay,Bike,0,0,True,False,False,,,,,,
b_158,0,0,0,0,1,1,0,1,0,0,0,0,0.0,0.0,0.0,OneWay,Cab,4,1,False,True,False,,,,,,0.0
b_158,0,0,0,0,0,0,0,0,0,0,0,0,0.0,0.0,0.0,Rental,All,0,0,False,False,False,,,,,,
b_158,0,0,0,0,0,0,0,0,0,0,0,0,0.0,0.0,0.0,Rental,Auto,0,0,False,False,True,,,,,,
b_158,0,0,0,0,0,0,0,0,0,0,0,0,0.0,0.0,0.0,Rental,Bike,0,0,True,False,False,,,,,,
b_158,0,0,0,0,0,0,0,0,0,0,0,0,0.0,0.0,0.0,Rental,Cab,0,0,False,True,False,,,,,,
b_159,5,2,2,2,0,0,0,0,0,0,0,0,0.0,0.0,0.0,InterCity,All,0,0,False,False,False,0.4,1.0,1.0,0.0,0.0,
b_159,0,0,0,0,0,0,0,0,0,0,0,0,0.0,0.0,0.0,InterCity,Auto,0,0,False,False,True,,,,,,
b_159,0,0,0,0,0,0,0,0,0,0,0,0,0.0,0.0,0.0,InterCity,Bike,0,0,True,False,False,,,,,,
b_159,0,0,0,0,0,0,0,0,0,0,0,0,0.0,0.0,0.0,InterCity,Cab,2,2,False,True,False,,,,,,
b_159,48,48,31,23,0,0,0,0,0,0,0,0,0.0,0.0,0.0,OneWay,All,0,0,False,False,False,1.0,0.6458,0.7419,0.0,0.0,
b_159,0,0,0,0,14,1,10,14,2,1,1,1713,75.641,7.5641,171.3,OneWay,Auto,17,14,False,False,True,,,,,,0.1429
b_159,0,0,0,0,0,0,0,0,0,0,0,0,0.0,0.0,0.0,OneWay,Bike,0,0,True,False,False,,,,,,
b_159,0,0,0,0,9,1,4,9,4,1,3,1526,69.834,17.4585,381.5,OneWay,Cab,14,9,False,True,False,,,,,,0.4444
b_159,1,1,1,1,0,0,0,0,0,0,0,0,0.0,0.0,0.0,Rental,All,0,0,False,False,False,1.0,1.0,1.0,0.0,0.0,
b_159,0,0,0,0,0,0,0,0,0,0,0,0,0.0,0.0,0.0,Rental,Auto,1,1,False,False,True,,,,,,
b_159,0,0,0,0,0,0,0,0,0,0,0,0,0.0,0.0,0.0,Rental,Bike,0,0,True,False,False,,,,,,
b_159,0,0,0,0,0,0,0,0,0,0,0,0,0.0,0.0,0.0,Rental,Cab,1,1,False,True,False,,,,,,
b_16,0,0,0,0,0,0,0,0,0,0,0,0,0.0,0.0,0.0,InterCity,All,0,0,False,False,False,,,,,,
b_16,0,0,0,0,0,0,0,0,0,0,0,0,0.0,0.0,0.0,InterCity,Auto,0,0,False,False,True,,,,,,
b_16,0,0,0,0,0,0,0,0,0,0,0,0,0.0,0.0,0.0,InterCity,Bike,0,0,True,False,False,,,,,,
b_16,0,0,0,0,0,0,0,0,0,0,0,0,0.0,0.0,0.0,InterCity,Cab,0,0,False,True,False,,,,,,
b_16,22,22,9,6,0,0,0,0,0,0,0,0,0.0,0.0,0.0,OneWay,All,0,0,False,False,False,1.0,0.4091,0.6667,0.0,0.0,
b_16,0,0,0,0,3,0,3,3,0,0,0,357,17.076,5.692,119.0,OneWay,Auto,7,4,False,False,True,,,,,,0.0
b_16,0,0,0,0,0,0,0,0,0,0,0,0,0.0,0.0,0.0,OneWay,Bike,0,0,True,False,False,,,,,,
b_16,0,0,0,0,1,0,1,1,0,0,0,384,17.123,17.123,384.0,OneWay,Cab,2,2,False,True,False,,,,,,0.0
b_16,0,0,0,0,0,0,0,0,0,0,0,0,0.0,0.0,0.0,Rental,All,0,0,False,False,False,,,,,,
b_16,0,0,0,0,0,0,0,0,0,0,0,0,0.0,0.0,0.0,Rental,Auto,0,0,False,False,True,,,,,,
b_16,0,0,0,0,0,0,0,0,0,0,0,0,0.0,0.0,0.0,Rental,Bike,0,0,True,False,False,,,,,,
b_16,0,0,0,0,0,0,0,0,0,0,0,0,0.0,0.0,0.0,Rental,Cab,0,0,False,True,False,,,,,,
b_160,0,0,0,0,0,0,0,0,0,0,0,0,0.0,0.0,0.0,InterCity,All,0,0,False,False,False,,,,,,
b_160,0,0,0,0,0,0,0,0,0,0,0,0,0.0,0.0,0.0,InterCity,Auto,0,0,False,False,True,,,,,,
b_160,0,0,0,0,0,0,0,0,0,0,0,0,0.0,0.0,0.0,InterCity,Bike,0,0,True,False,False,,,,,,
b_160,0,0,0,0,0,0,0,0,0,0,0,0,0.0,0.0,0.0,InterCity,Cab,0,0,False,True,False,,,,,,
b_160,8,8,4,3,0,0,0,0,0,0,0,0,0.0,0.0,0.0,OneWay,All,0,0,False,False,False,1.0,0.5,0.75,0.0,0.0,
b_160,0,0,0,0,3,0,1,3,1,1,0,303,16.292,16.292,303.0,OneWay,Auto,4,3,False,False,True,,,,,,0.3333
b_160,0,0,0,0,0,0,0,0,0,0,0,0,0.0,0.0,0.0,OneWay,Bike,0,0,True,False,False,,,,,,
b_160,0,0,0,0,0,0,0,0,0,0,0,0,0.0,0.0,0.0,OneWay,Cab,0,0,False,True,False,,,,,,
b_160,0,0,0,0,0,0,0,0,0,0,0,0,0.0,0.0,0.0,Rental,All,0,0,False,False,False,,,,,,
b_160,0,0,0,0,0,0,0,0,0,0,0,0,0.0,0.0,0.0,Rental,Auto,0,0,False,False,True,,,,,,
b_160,0,0,0,0,0,0,0,0,0,0,0,0,0.0,0.0,0.0,Rental,Bike,0,0,True,False,False,,,,,,
b_160,0,0,0,0,0,0,0,0,0,0,0,0,0.0,0.0,0.0,Rental,Cab,0,0,False,True,False,,,,,,
b_161,0,0,0,0,0,0,0,0,0,0,0,0,0.0,0.0,0.0,InterCity,All,0,0,False,False,False,,,,,,
b_161,0,0,0,0,0,0,0,0,0,0,0,0,0.0,0.0,0.0,InterCity,Auto,0,0,False,False,True,,,,,,
b_161,0,0,0,0,0,0,0,0,0,0,0,0,0.0,0.0,0.0,InterCity,Bike,0,0,True,False,False,,,,,,
b_161,0,0,0,0,0,0,0,0,0,0,0,0,0.0,0.0,0.0,InterCity,Cab,0,0,False,True,False,,,,,,
b_161,44,44,19,12,0,0,0,0,0,0,0,0,0.0,0.0,0.0,OneWay,All,0,0,False,False,False,1.0,0.4318,0.6316,0.0,0.0,
b_161,0,0,0,0,12,0,8,12,4,2,2,1210,48.508,6.0635,151.25,OneWay,Auto,19,12,False,False,True,,,,,,0.3333
b_161,0,0,0,0,0,0,0,0,0,0,0,0,0.0,0.0,0.0,OneWay,Bike,0,0,True,False,False,,,,,,
b_161,0,0,0,0,0,0,0,0,0,0,0,0,0.0,0.0,0.0,OneWay,Cab,0,0,False,True,False,,,,,,
b_161,0,0,0,0,0,0,0,0,0,0,0,0,0.0,0.0,0.0,Rental,All,0,0,False,False,False,,,,,,
b_161,0,0,0,0,0,0,0,0,0,0,0,0,0.0,0.0,0.0,Rental,Auto,0,0,False,False,True,,,,,,
b_161,0,0,0,0,0,0,0,0,0,0,0,0,0.0,0.0,0.0,Rental,Bike,0,0,True,False,False,,,,,,
b_161,0,0,0,0,0,0,0,0,0,0,0,0,0.0,0.0,0.0,Rental,Cab,0,0,False,True,False,,,,,,
b_162,0,0,0,0,0,0,0,0,0,0,0,0,0.0,0.0,0.0,InterCity,All,0,0,False,False,False,,,,,,
b_162,0,0,0,0,0,0,0,0,0,0,0,0,0.0,0.0,0.0,InterCity,Auto,0,0,False,False,True,,,,,,
b_162,0,0,0,0,0,0,0,0,0,0,0,0,0.0,0.0,0.0,InterCity,Bike,0,0,True,False,False,,,,,,
b_162,0,0,0,0,0,0,0,0,0,0,0,0,0.0,0.0,0.0,InterCity,Cab,0,0,False,True,False,,,,,,
b_162,86,86,54,36,0,0,0,0,0,0,0,0,0.0,0.0,0.0,OneWay,All,0,0,False,False,False,1.0,0.6279,0.6667,0.0,0.0,
b_162,0,0,0,0,18,0,12,18,6,3,3,2267,102.915,8.5762,188.9167,OneWay,Auto,29,19,False,False,True,,,,,,0.3333
b_162,0,0,0,0,0,0,0,0,0,0,0,0,0.0,0.0,0.0,OneWay,Bike,0,0,True,False,False,,,,,,
b_162,0,0,0,0,17,0,12,17,5,3,2,4781,190.224,15.852,398.4167,OneWay,Cab,25,17,False,True,False,,,,,,0.2941
b_162,0,0,0,0,0,0,0,0,0,0,0,0,0.0,0.0,0.0,Rental,All,0,0,False,False,False,,,,,,
b_162,0,0,0,0,0,0,0,0,0,0,0,0,0.0,0.0,0.0,Rental,Auto,0,0,False,False,True,,,,,,
b_162,0,0,0,0,0,0,0,0,0,0,0,0,0.0,0.0,0.0,Rental,Bike,0,0,True,False,False,,,,,,
b_162,0,0,0,0,0,0,0,0,0,0,0,0,0.0,0.0,0.0,Rental,Cab,0,0,False,True,False,,,,,,
b_163,0,0,0,0,0,0,0,0,0,0,0,0,0.0,0.0,0.0,InterCity,All,0,0,False,False,False,,,,,,
b_163,0,0,0,0,0,0,0,0,0,0,0,0,0.0,0.0,0.0,InterCity,Auto,0,0,False,False,True,,,,,,
b_163,0,0,0,0,0,0,0,0,0,0,0,0,0.0,0.0,0.0,InterCity,Bike,0,0,True,False,False,,,,,,
b_163,0,0,0,0,0,0,0,0,0,0,0,0,0.0,0.0,0.0,InterCity,Cab,0,0,False,True,False,,,,,,
b_163,28,28,3,3,0,0,0,0,0,0,0,0,0.0,0.0,0.0,OneWay,All,0,0,False,False,False,1.0,0.1071,1.0,0.0,0.0,
b_163,0,0,0,0,3,1,1,3,1,1,0,105,3.881,3.881,105.0,OneWay,Auto,3,3,False,False,True,,,,,,0.3333
b_163,0,0,0,0,0,0,0,0,0,0,0,0,0.0,0.0,0.0,OneWay,Bike,0,0,True,False,False,,,,,,
b_163,0,0,0,0,0,0,0,0,0,0,0,0,0.0,0.0,0.0,OneWay,Cab,0,0,False,True,False,,,,,,
b_163,0,0,0,0,0,0,0,0,0,0,0,0,0.0,0.0,0.0,Rental,All,0,0,False,False,False,,,,,,
b_163,0,0,0,0,0,0,0,0,0,0,0,0,0.0,0.0,0.0,Rental,Auto,0,0,False,False,True,,,,,,
b_163,0,0,0,0,0,0,0,0,0,0,0,0,0.0,0.0,0.0,Rental,Bike,0,0,True,False,False,,,,,,
b_163,0,0,0,0,0,0,0,0,0,0,0,0,0.0,0.0,0.0,Rental,Cab,0,0,False,True,False,,,,,,
b_164,0,0,0,0,0,0,0,0,0,0,0,0,0.0,0.0,0.0,InterCity,All,0,0,False,False,False,,,,,,
b_164,0,0,0,0,0,0,0,0,0,0,0,0,0.0,0.0,0.0,InterCity,Auto,0,0,False,False,True,,,,,,
b_164,0,0,0,0,0,0,0,0,0,0,0,0,0.0,0.0,0.0,InterCity,Bike,0,0,True,False,False,,,,,,
b_164,0,0,0,0,0,0,0,0,0,0,0,0,0.0,0.0,0.0,InterCity,Cab,0,0,False,True,False,,,,,,
b_164,41,41,25,22,0,0,0,0,0,0,0,0,0.0,0.0,0.0,OneWay,All,0,0,False,False,False,1.0,0.6098,0.88,0.0,0.0,
b_164,0,0,0,0,12,0,6,12,6,2,4,865,34.015,5.6692,144.1667,OneWay,Auto,12,12,False,False,True,,,,,,0.5
b_164,0,0,0,0,0,0,0,0,0,0,0,0,0.0,0.0,0.0,OneWay,Bike,0,0,True,False,False,,,,,,
b_164,0,0,0,0,10,0,4,10,5,3,2,1459,66.658,16.6645,364.75,OneWay,Cab,13,10,False,True,False,,,,,,0.5
b_164,0,0,0,0,0,0,0,0,0,0,0,0,0.0,0.0,0.0,Rental,All,0,0,False,False,False,,,,,,
b_164,0,0,0,0,0,0,0,0,0,0,0,0,0.0,0.0,0.0,Rental,Auto,0,0,False,False,True,,,,,,
b_164,0,0,0,0,0,0,0,0,0,0,0,0,0.0,0.0,0.0,Rental,Bike,0,0,True,False,False,,,,,,
b_164,0,0,0,0,0,0,0,0,0,0,0,0,0.0,0.0,0.0,Rental,Cab,0,0,False,True,False,,,,,,
b_165,0,0,0,0,0,0,0,0,0,0,0,0,0.0,0.0,0.0,InterCity,All,0,0,False,False,False,,,,,,
b_165,0,0,0,0,0,0,0,0,0,0,0,0,0.0,0.0,0.0,InterCity,Auto,0,0,False,False,True,,,,,,
b_165,0,0,0,0,0,0,0,0,0,0,0,0,0.0,0.0,0.0,InterCity,Bike,0,0,True,False,False,,,,,,
b_165,0,0,0,0,0,0,0,0,0,0,0,0,0.0,0.0,0.0,InterCity,Cab,0,0,False,True,False,,,,,,
b_165,83,83,62,27,0,0,0,0,0,0,0,0,0.0,0.0,0.0,OneWay,All,0,0,False,False,False,1.0,0.747,0.4355,0.0,0.0,
b_165,0,0,0,0,24,3,9,24,11,6,5,1704,69.102,7.678,189.3333,OneWay,Auto,41,24,False,False,True,,,,,,0.4583
b_165,0,0,0,0,0,0,0,0,0,0,0,0,0.0,0.0,0.0,OneWay,Bike,0,0,True,False,False,,,,,,
b_165,0,0,0,0,3,0,1,3,2,1,1,159,3.811,3.811,159.0,OneWay,Cab,25,3,False,True,False,,,,,,0.6667
b_165,0,0,0,0,0,0,0,0,0,0,0,0,0.0,0.0,0.0,Rental,All,0,0,False,False,False,,,,,,
b_165,0,0,0,0,0,0,0,0,0,0,0,0,0.0,0.0,0.0,Rental,Auto,0,0,False,False,True,,,,,,
b_165,0,0,0,0,0,0,0,0,0,0,0,0,0.0,0.0,0.0,Rental,Bike,0,0,True,False,False,,,,,,
b_165,0,0,0,0,0,0,0,0,0,0,0,0,0.0,0.0,0.0,Rental,Cab,0,0,False,True,False,,,,,,
b_166,0,0,0,0,0,0,0,0,0,0,0,0,0.0,0.0,0.0,InterCity,All,0,0,False,False,False,,,,,,
b_166,0,0,0,0,0,0,0,0,0,0,0,0,0.0,0.0,0.0,InterCity,Auto,0,0,False,False,True,,,,,,
b_166,0,0,0,0,0,0,0,0,0,0,0,0,0.0,0.0,0.0,InterCity,Bike,0,0,True,False,False,,,,,,
b_166,0,0,0,0,0,0,0,0,0,0,0,0,0.0,0.0,0.0,InterCity,Cab,0,0,False,True,False,,,,,,
b_166,15,15,9,7,0,0,0,0,0,0,0,0,0.0,0.0,0.0,OneWay,All,0,0,False,False,False,1.0,0.6,0.7778,0.0,0.0,
b_166,0,0,0,0,1,1,0,1,0,0,0,0,0.0,0.0,0.0,OneWay,Auto,1,1,False,False,True,,,,,,0.0
b_166,0,0,0,0,0,0,0,0,0,0,0,0,0.0,0.0,0.0,OneWay,Bike,0,0,True,False,False,,,,,,
b_166,0,0,0,0,6,0,2,6,4,3,1,684,30.281,15.1405,342.0,OneWay,Cab,8,6,False,True,False,,,,,,0.6667
b_166,0,0,0,0,0,0,0,0,0,0,0,0,0.0,0.0,0.0,Rental,All,0,0,False,False,False,,,,,,
b_166,0,0,0,0,0,0,0,0,0,0,0,0,0.0,0.0,0.0,Rental,Auto,0,0,False,False,True,,,,,,
b_166,0,0,0,0,0,0,0,0,0,0,0,0,0.0,0.0,0.0,Rental,Bike,0,0,True,False,False,,,,,,
b_166,0,0,0,0,0,0,0,0,0,0,0,0,0.0,0.0,0.0,Rental,Cab,0,0,False,True,False,,,,,,
b_167,0,0,0,0,0,0,0,0,0,0,0,0,0.0,0.0,0.0,InterCity,All,0,0,False,False,False,,,,,,
b_167,0,0,0,0,0,0,0,0,0,0,0,0,0.0,0.0,0.0,InterCity,Auto,0,0,False,False,True,,,,,,
b_167,0,0,0,0,0,0,0,0,0,0,0,0,0.0,0.0,0.0,InterCity,Bike,0,0,True,False,False,,,,,,
b_167,0,0,0,0,0,0,0,0,0,0,0,0,0.0,0.0,0.0,InterCity,Cab,0,0,False,True,False,,,,,,
b_167,7,7,5,3,0,0,0,0,0,0,0,0,0.0,0.0,0.0,OneWay,All,0,0,False,False,False,1.0,0.7143,0.6,0.0,0.0,
b_167,0,0,0,0,2,0,1,2,1,1,0,160,8.324,8.324,160.0,OneWay,Auto,2,2,False,False,True,,,,,,0.5
b_167,0,0,0,0,0,0,0,0,0,0,0,0,0.0,0.0,0.0,OneWay,Bike,0,0,True,False,False,,,,,,
b_167,0,0,0,0,1,0,1,1,0,0,0,364,14.079,14.079,364.0,OneWay,Cab,3,1,False,True,False,,,,,,0.0
b_167,0,0,0,0,0,0,0,0,0,0,0,0,0.0,0.0,0.0,Rental,All,0,0,False,False,False,,,,,,
b_167,0,0,0,0,0,0,0,0,0,0,0,0,0.0,0.0,0.0,Rental,Auto,0,0,False,False,True,,,,,,
b_167,0,0,0,0,0,0,0,0,0,0,0,0,0.0,0.0,0.0,Rental,Bike,0,0,True,False,False,,,,,,
b_167,0,0,0,0,0,0,0,0,0,0,0,0,0.0,0.0,0.0,Rental,Cab,0,0,False,True,False,,,,,,
b_168,0,0,0,0,0,0,0,0,0,0,0,0,0.0,0.0,0.0,InterCity,All,0,0,False,False,False,,,,,,
b_168,0,0,0,0,0,0,0,0,0,0,0,0,0.0,0.0,0.0,InterCity,Auto,0,0,False,False,True,,,,,,
b_168,0,0,0,0,0,0,0,0,0,0,0,0,0.0,0.0,0.0,InterCity,Bike,0,0,True,False,False,,,,,,
b_168,0,0,0,0,0,0,0,0,0,0,0,0,0.0,0.0,0.0,InterCity,Cab,0,0,False,True,False,,,,,,
b_168,13,13,1,0,0,0,0,0,0,0,0,0,0.0,0.0,0.0,OneWay,All,0,0,False,False,False,1.0,0.0769,0.0,,0.0,
b_168,0,0,0,0,0,0,0,0,0,0,0,0,0.0,0.0,0.0,OneWay,Auto,0,0,False,False,True,,,,,,
b_168,0,0,0,0,0,0,0,0,0,0,0,0,0.0,0.0,0.0,OneWay,Bike,0,0,True,False,False,,,,,,
b_168,0,0,0,0,0,0,0,0,0,0,0,0,0.0,0.0,0.0,OneWay,Cab,1,0,False,True,False,,,,,,
b_168,0,0,0,0,0,0,0,0,0,0,0,0,0.0,0.0,0.0,Rental,All,0,0,False,False,False,,,,,,
b_168,0,0,0,0,0,0,0,0,0,0,0,0,0.0,0.0,0.0,Rental,Auto,0,0,False,False,True,,,,,,
b_168,0,0,0,0,0,0,0,0,0,0,0,0,0.0,0.0,0.0,Rental,Bike,0,0,True,False,False,,,,,,
b_168,0,0,0,0,0,0,0,0,0,0,0,0,0.0,0.0,0.0,Rental,Cab,0,0,False,True,False,,,,,,
b_169,0,0,0,0,0,0,0,0,0,0,0,0,0.0,0.0,0.0,InterCity,All,0,0,False,False,False,,,,,,
b_169,0,0,0,0,0,0,0,0,0,0,0,0,0.0,0.0,0.0,InterCity,Auto,0,0,False,False,True,,,,,,
b_169,0,0,0,0,0,0,0,0,0,0,0,0,0.0,0.0,0.0,InterCity,Bike,0,0,True,False,False,,,,,,
b_169,0,0,0,0,0,0,0,0,0,0,0,0,0.0,0.0,0.0,InterCity,Cab,0,0,False,True,False,,,,,,
b_169,21,21,14,6,0,0,0,0,0,0,0,0,0.0,0.0,0.0,OneWay,All,0,0,False,False,False,1.0,0.6667,0.4286,0.0,0.0,
b_169,0,0,0,0,5,0,2,5,3,3,0,157,5.076,2.538,78.5,OneWay,Auto,12,5,False,False,True,,,,,,0.6
b_169,0,0,0,0,0,0,0,0,0,0,0,0,0.0,0.0,0.0,OneWay,Bike,0,0,True,False,False,,,,,,
b_169,0,0,0,0,1,0,0,1,1,0,1,0,0.0,0.0,0.0,OneWay,Cab,2,1,False,True,False,,,,,,1.0
b_169,0,0,0,0,0,0,0,0,0,0,0,0,0.0,0.0,0.0,Rental,All,0,0,False,False,False,,,,,,
b_169,0,0,0,0,0,0,0,0,0,0,0,0,0.0,0.0,0.0,Rental,Auto,0,0,False,False,True,,,,,,
b_169,0,0,0,0,0,0,0,0,0,0,0,0,0.0,0.0,0.0,Rental,Bike,0,0,True,False,False,,,,,,
b_169,0,0,0,0,0,0,0,0,0,0,0,0,0.0,0.0,0.0,Rental,Cab,0,0,False,True,False,,,,,,
b_17,1,1,1,1,0,0,0,0,0,0,0,0,0.0,0.0,0.0,InterCity,All,0,0,False,False,False,1.0,1.0,1.0,0.0,0.0,
b_17,0,0,0,0,0,0,0,0,0,0,0,0,0.0,0.0,0.0,InterCity,Auto,0,0,False,False,True,,,,,,
b_17,0,0,0,0,0,0,0,0,0,0,0,0,0.0,0.0,0.0,InterCity,Bike,0,0,True,False,False,,,,,,
b_17,0,0,0,0,0,0,0,0,0,0,0,0,0.0,0.0,0.0,InterCity,Cab,1,1,False,True,False,,,,,,
b_17,61,61,14,7,0,0,0,0,0,0,0,0,0.0,0.0,0.0,OneWay,All,0,0,False,False,False,1.0,0.2295,0.5,0.0,0.0,
b_17,0,0,0,0,4,0,3,4,1,0,1,253,11.301,3.767,84.3333,OneWay,Auto,9,4,False,False,True,,,,,,0.25
b_17,0,0,0,0,0,0,0,0,0,0,0,0,0.0,0.0,0.0,OneWay,Bike,0,0,True,False,False,,,,,,
b_17,0,0,0,0,3,0,2,3,1,1,0,910,43.974,21.987,455.0,OneWay,Cab,5,3,False,True,False,,,,,,0.3333
b_17,1,1,1,1,0,0,0,0,0,0,0,0,0.0,0.0,0.0,Rental,All,0,0,False,False,False,1.0,1.0,1.0,0.0,0.0,
b_17,0,0,0,0,0,0,0,0,0,0,0,0,0.0,0.0,0.0,Rental,Auto,1,1,False,False,True,,,,,,
b_17,0,0,0,0,0,0,0,0,0,0,0,0,0.0,0.0,0.0,Rental,Bike,0,0,True,False,False,,,,,,
b_17,0,0,0,0,0,0,0,0,0,0,0,0,0.0,0.0,0.0,Rental,Cab,1,1,False,True,False,,,,,,
b_170,0,0,0,0,0,0,0,0,0,0,0,0,0.0,0.0,0.0,InterCity,All,0,0,False,False,False,,,,,,
b_170,0,0,0,0,0,0,0,0,0,0,0,0,0.0,0.0,0.0,InterCity,Auto,0,0,False,False,True,,,,,,
b_170,0,0,0,0,0,0,0,0,0,0,0,0,0.0,0.0,0.0,InterCity,Bike,0,0,True,False,False,,,,,,
b_170,0,0,0,0,0,0,0,0,0,0,0,0,0.0,0.0,0.0,InterCity,Cab,0,0,False,True,False,,,,,,
b_170,8,8,5,3,0,0,0,0,0,0,0,0,0.0,0.0,0.0,OneWay,All,0,0,False,False,False,1.0,0.625,0.6,0.0,0.0,
b_170,0,0,0,0,3,0,1,3,2,0,2,144,7.461,7.461,144.0,OneWay,Auto,5,3,False,False,True,,,,,,0.6667
b_170,0,0,0,0,0,0,0,0,0,0,0,0,0.0,0.0,0.0,OneWay,Bike,0,0,True,False,False,,,,,,
b_170,0,0,0,0,0,0,0,0,0,0,0,0,0.0,0.0,0.0,OneWay,Cab,0,0,False,True,False,,,,,,
b_170,0,0,0,0,0,0,0,0,0,0,0,0,0.0,0.0,0.0,Rental,All,0,0,False,False,False,,,,,,
b_170,0,0,0,0,0,0,0,0,0,0,0,0,0.0,0.0,0.0,Rental,Auto,0,0,False,False,True,,,,,,
b_170,0,0,0,0,0,0,0,0,0,0,0,0,0.0,0.0,0.0,Rental,Bike,0,0,True,False,False,,,,,,
b_170,0,0,0,0,0,0,0,0,0,0,0,0,0.0,0.0,0.0,Rental,Cab,0,0,False,True,False,,,,,,
b_171,0,0,0,0,0,0,0,0,0,0,0,0,0.0,0.0,0.0,InterCity,All,0,0,False,False,False,,,,,,
b_171,0,0,0,0,0,0,0,0,0,0,0,0,0.0,0.0,0.0,InterCity,Auto,0,0,False,False,True,,,,,,
b_171,0,0,0,0,0,0,0,0,0,0,0,0,0.0,0.0,0.0,InterCity,Bike,0,0,True,False,False,,,,,,
b_171,0,0,0,0,0,0,0,0,0,0,0,0,0.0,0.0,0.0,InterCity,Cab,0,0,False,True,False,,,,,,
b_171,114,114,90,32,0,0,0,0,0,0,0,0,0.0,0.0,0.0,OneWay,All,0,0,False,False,False,1.0,0.7895,0.3556,0.0,0.0,
b_171,0,0,0,0,22,2,13,22,7,3,4,2417,90.406,6.9543,185.9231,OneWay,Auto,62,23,False,False,True,,,,,,0.3182
b_171,0,0,0,0,0,0,0,0,0,0,0,0,0.0,0.0,0.0,OneWay,Bike,0,0,True,False,False,,,,,,
b_171,0,0,0,0,9,1,2,9,5,3,2,608,19.888,9.944,304.0,OneWay,Cab,30,9,False,True,False,,,,,,0.5556
b_171,0,0,0,0,0,0,0,0,0,0,0,0,0.0,0.0,0.0,Rental,All,0,0,False,False,False,,,,,,
b_171,0,0,0,0,0,0,0,0,0,0,0,0,0.0,0.0,0.0,Rental,Auto,0,0,False,False,True,,,,,,
b_171,0,0,0,0,0,0,0,0,0,0,0,0,0.0,0.0,0.0,Rental,Bike,0,0,True,False,False,,,,,,
b_171,0,0,0,0,0,0,0,0,0,0,0,0,0.0,0.0,0.0,Rental,Cab,0,0,False,True,False,,,,,,
b_172,0,0,0,0,0,0,0,0,0,0,0,0,0.0,0.0,0.0,InterCity,All,0,0,False,False,False,,,,,,
b_172,0,0,0,0,0,0,0,0,0,0,0,0,0.0,0.0,0.0,InterCity,Auto,0,0,False,False,True,,,,,,
b_172,0,0,0,0,0,0,0,0,0,0,0,0,0.0,0.0,0.0,InterCity,Bike,0,0,True,False,False,,,,,,
b_172,0,0,0,0,0,0,0,0,0,0,0,0,0.0,0.0,0.0,InterCity,Cab,0,0,False,True,False,,,,,,
b_172,220,220,176,73,0,0,0,0,0,0,0,0,0.0,0.0,0.0,OneWay,All,0,0,False,False,False,1.0,0.8,0.4148,0.0,0.0,
b_172,0,0,0,0,47,6,28,47,13,8,5,5975,273.44,9.7657,213.3929,OneWay,Auto,105,47,False,False,True,,,,,,0.2766
b_172,0,0,0,0,0,0,0,0,0,0,0,0,0.0,0.0,0.0,OneWay,Bike,0,0,True,False,False,,,,,,
b_172,0,0,0,0,26,5,5,26,15,5,10,1717,77.456,15.4912,343.4,OneWay,Cab,73,26,False,True,False,,,,,,0.5769
b_172,0,0,0,0,0,0,0,0,0,0,0,0,0.0,0.0,0.0,Rental,All,0,0,False,False,False,,,,,,
b_172,0,0,0,0,0,0,0,0,0,0,0,0,0.0,0.0,0.0,Rental,Auto,0,0,False,False,True,,,,,,
b_172,0,0,0,0,0,0,0,0,0,0,0,0,0.0,0.0,0.0,Rental,Bike,0,0,True,False,False,,,,,,
b_172,0,0,0,0,0,0,0,0,0,0,0,0,0.0,0.0,0.0,Rental,Cab,0,0,False,True,False,,,,,,
b_173,1,1,1,1,0,0,0,0,0,0,0,0,0.0,0.0,0.0,InterCity,All,0,0,False,False,False,1.0,1.0,1.0,0.0,0.0,
b_173,0,0,0,0,0,0,0,0,0,0,0,0,0.0,0.0,0.0,InterCity,Auto,0,0,False,False,True,,,,,,
b_173,0,0,0,0,0,0,0,0,0,0,0,0,0.0,0.0,0.0,InterCity,Bike,0,0,True,False,False,,,,,,
b_173,0,0,0,0,0,0,0,0,0,0,0,0,0.0,0.0,0.0,InterCity,Cab,1,1,False,True,False,,,,,,
b_173,71,71,32,24,0,0,0,0,0,0,0,0,0.0,0.0,0.0,OneWay,All,0,0,False,False,False,1.0,0.4507,0.75,0.0,0.0,
b_173,0,0,0,0,11,1,8,11,1,0,1,1249,56.816,7.102,156.125,OneWay,Auto,16,11,False,False,True,,,,,,0.0909
b_173,0,0,0,0,0,0,0,0,0,0,0,0,0.0,0.0,0.0,OneWay,Bike,0,0,True,False,False,,,,,,
b_173,0,0,0,0,12,2,1,12,8,2,6,151,1.808,1.808,151.0,OneWay,Cab,15,12,False,True,False,,,,,,0.6667
b_173,0,0,0,0,0,0,0,0,0,0,0,0,0.0,0.0,0.0,Rental,All,0,0,False,False,False,,,,,,
b_173,0,0,0,0,0,0,0,0,0,0,0,0,0.0,0.0,0.0,Rental,Auto,0,0,False,False,True,,,,,,
b_173,0,0,0,0,0,0,0,0,0,0,0,0,0.0,0.0,0.0,Rental,Bike,0,0,True,False,False,,,,,,
b_173,0,0,0,0,0,0,0,0,0,0,0,0,0.0,0.0,0.0,Rental,Cab,0,0,False,True,False,,,,,,
b_174,2,2,1,1,0,0,0,0,0,0,0,0,0.0,0.0,0.0,InterCity,All,0,0,False,False,False,1.0,0.5,1.0,0.0,0.0,
b_174,0,0,0,0,0,0,0,0,0,0,0,0,0.0,0.0,0.0,InterCity,Auto,0,0,False,False,True,,,,,,
b_174,0,0,0,0,0,0,0,0,0,0,0,0,0.0,0.0,0.0,InterCity,Bike,0,0,True,False,False,,,,,,
b_174,0,0,0,0,0,0,0,0,0,0,0,0,0.0,0.0,0.0,InterCity,Cab,1,1,False,True,False,,,,,,
b_174,97,97,71,28,0,0,0,0,0,0,0,0,0.0,0.0,0.0,OneWay,All,0,0,False,False,False,1.0,0.732,0.3944,0.0,0.0,
b_174,0,0,0,0,21,5,12,21,4,2,2,2350,94.508,7.8757,195.8333,OneWay,Auto,57,21,False,False,True,,,,,,0.1905
b_174,0,0,0,0,0,0,0,0,0,0,0,0,0.0,0.0,0.0,OneWay,Bike,0,0,True,False,False,,,,,,
b_174,0,0,0,0,7,0,6,7,1,0,1,1486,46.412,7.7353,247.6667,OneWay,Cab,14,7,False,True,False,,,,,,0.1429
b_174,0,0,0,0,0,0,0,0,0,0,0,0,0.0,0.0,0.0,Rental,All,0,0,False,False,False,,,,,,
b_174,0,0,0,0,0,0,0,0,0,0,0,0,0.0,0.0,0.0,Rental,Auto,0,0,False,False,True,,,,,,
b_174,0,0,0,0,0,0,0,0,0,0,0,0,0.0,0.0,0.0,Rental,Bike,0,0,True,False,False,,,,,,
b_174,0,0,0,0,0,0,0,0,0,0,0,0,0.0,0.0,0.0,Rental,Cab,0,0,False,True,False,,,,,,
b_175,0,0,0,0,0,0,0,0,0,0,0,0,0.0,0.0,0.0,InterCity,All,0,0,False,False,False,,,,,,
b_175,0,0,0,0,0,0,0,0,0,0,0,0,0.0,0.0,0.0,InterCity,Auto,0,0,False,False,True,,,,,,
b_175,0,0,0,0,0,0,0,0,0,0,0,0,0.0,0.0,0.0,InterCity,Bike,0,0,True,False,False,,,,,,
b_175,0,0,0,0,0,0,0,0,0,0,0,0,0.0,0.0,0.0,InterCity,Cab,0,0,False,True,False,,,,,,
b_175,58,58,28,13,0,0,0,0,0,0,0,0,0.0,0.0,0.0,OneWay,All,0,0,False,False,False,1.0,0.4828,0.4643,0.0,0.0,
b_175,0,0,0,0,9,0,7,9,2,0,2,1348,51.299,7.3284,192.5714,OneWay,Auto,18,9,False,False,True,,,,,,0.2222
b_175,0,0,0,0,0,0,0,0,0,0,0,0,0.0,0.0,0.0,OneWay,Bike,0,0,True,False,False,,,,,,
b_175,0,0,0,0,4,0,3,4,1,0,1,805,30.39,10.13,268.3333,OneWay,Cab,10,4,False,True,False,,,,,,0.25
b_175,0,0,0,0,0,0,0,0,0,0,0,0,0.0,0.0,0.0,Rental,All,0,0,False,False,False,,,,,,
b_175,0,0,0,0,0,0,0,0,0,0,0,0,0.0,0.0,0.0,Rental,Auto,0,0,False,False,True,,,,,,
b_175,0,0,0,0,0,0,0,0,0,0,0,0,0.0,0.0,0.0,Rental,Bike,0,0,True,False,False,,,,,,
b_175,0,0,0,0,0,0,0,0,0,0,0,0,0.0,0.0,0.0,Rental,Cab,0,0,False,True,False,,,,,,
b_176,0,0,0,0,0,0,0,0,0,0,0,0,0.0,0.0,0.0,InterCity,All,0,0,False,False,False,,,,,,
b_176,0,0,0,0,0,0,0,0,0,0,0,0,0.0,0.0,0.0,InterCity,Auto,0,0,False,False,True,,,,,,
b_176,0,0,0,0,0,0,0,0,0,0,0,0,0.0,0.0,0.0,InterCity,Bike,0,0,True,False,False,,,,,,
b_176,0,0,0,0,0,0,0,0,0,0,0,0,0.0,0.0,0.0,InterCity,Cab,0,0,False,True,False,,,,,,
b_176,79,79,60,16,0,0,0,0,0,0,0,0,0.0,0.0,0.0,OneWay,All,0,0,False,False,False,1.0,0.7595,0.2667,0.0,0.0,
b_176,0,0,0,0,8,0,6,8,2,2,0,1040,37.043,6.1738,173.3333,OneWay,Auto,36,8,False,False,True,,,,,,0.25
b_176,0,0,0,0,0,0,0,0,0,0,0,0,0.0,0.0,0.0,OneWay,Bike,0,0,True,False,False,,,,,,
b_176,0,0,0,0,8,0,1,8,6,2,4,130,1.209,1.209,130.0,OneWay,Cab,24,8,False,True,False,,,,,,0.75
b_176,0,0,0,0,0,0,0,0,0,0,0,0,0.0,0.0,0.0,Rental,All,0,0,False,False,False,,,,,,
b_176,0,0,0,0,0,0,0,0,0,0,0,0,0.0,0.0,0.0,Rental,Auto,0,0,False,False,True,,,,,,
b_176,0,0,0,0,0,0,0,0,0,0,0,0,0.0,0.0,0.0,Rental,Bike,0,0,True,False,False,,,,,,
b_176,0,0,0,0,0,0,0,0,0,0,0,0,0.0,0.0,0.0,Rental,Cab,0,0,False,True,False,,,,,,
b_177,0,0,0,0,0,0,0,0,0,0,0,0,0.0,0.0,0.0,InterCity,All,0,0,False,False,False,,,,,,
b_177,0,0,0,0,0,0,0,0,0,0,0,0,0.0,0.0,0.0,InterCity,Auto,0,0,False,False,True,,,,,,
b_177,0,0,0,0,0,0,0,0,0,0,0,0,0.0,0.0,0.0,InterCity,Bike,0,0,True,False,False,,,,,,
b_177,0,0,0,0,0,0,0,0,0,0,0,0,0.0,0.0,0.0,InterCity,Cab,0,0,False,True,False,,,,,,
b_177,246,246,195,60,0,0,0,0,0,0,0,0,0.0,0.0,0.0,OneWay,All,0,0,False,False,False,1.0,0.7927,0.3077,0.0,0.0,
b_177,0,0,0,0,38,4,17,38,17,14,3,3066,128.708,7.5711,180.3529,OneWay,Auto,132,38,False,False,True,,,,,,0.4474
b_177,0,0,0,0,0,0,0,0,0,0,0,0,0.0,0.0,0.0,OneWay,Bike,0,0,True,False,False,,,,,,
b_177,0,0,0,0,22,2,9,22,11,7,4,2719,101.701,11.3001,302.1111,OneWay,Cab,66,22,False,True,False,,,,,,0.5
b_177,0,0,0,0,0,0,0,0,0,0,0,0,0.0,0.0,0.0,Rental,All,0,0,False,False,False,,,,,,
b_177,0,0,0,0,0,0,0,0,0,0,0,0,0.0,0.0,0.0,Rental,Auto,0,0,False,False,True,,,,,,
b_177,0,0,0,0,0,0,0,0,0,0,0,0,0.0,0.0,0.0,Rental,Bike,0,0,True,False,False,,,,,,
b_177,0,0,0,0,0,0,0,0,0,0,0,0,0.0,0.0,0.0,Rental,Cab,0,0,False,True,False,,,,,,
b_178,0,0,0,0,0,0,0,0,0,0,0,0,0.0,0.0,0.0,InterCity,All,0,0,False,False,False,,,,,,
b_178,0,0,0,0,0,0,0,0,0,0,0,0,0.0,0.0,0.0,InterCity,Auto,0,0,False,False,True,,,,,,
b_178,0,0,0,0,0,0,0,0,0,0,0,0,0.0,0.0,0.0,InterCity,Bike,0,0,True,False,False,,,,,,
b_178,0,0,0,0,0,0,0,0,0,0,0,0,0.0,0.0,0.0,InterCity,Cab,0,0,False,True,False,,,,,,
b_178,1119,1119,1023,295,0,0,0,0,0,0,0,0,0.0,0.0,0.0,OneWay,All,0,0,False,False,False,1.0,0.9142,0.2884,0.0,0.0,
b_178,0,0,0,0,187,1,90,187,96,47,49,20933,707.585,7.8621,232.5889,OneWay,Auto,658,196,False,False,True,,,,,,0.5134
b_178,0,0,0,0,0,0,0,0,0,0,0,0,0.0,0.0,0.0,OneWay,Bike,0,0,True,False,False,,,,,,
b_178,0,0,0,0,92,3,39,92,50,26,24,13886,535.307,13.7258,356.0513,OneWay,Cab,439,101,False,True,False,,,,,,0.5435
b_178,0,0,0,0,0,0,0,0,0,0,0,0,0.0,0.0,0.0,Rental,All,0,0,False,False,False,,,,,,
b_178,0,0,0,0,0,0,0,0,0,0,0,0,0.0,0.0,0.0,Rental,Auto,0,0,False,False,True,,,,,,
b_178,0,0,0,0,0,0,0,0,0,0,0,0,0.0,0.0,0.0,Rental,Bike,0,0,True,False,False,,,,,,
b_178,0,0,0,0,0,0,0,0,0,0,0,0,0.0,0.0,0.0,Rental,Cab,0,0,False,True,False,,,,,,
b_179,0,0,0,0,0,0,0,0,0,0,0,0,0.0,0.0,0.0,InterCity,All,0,0,False,False,False,,,,,,
b_179,0,0,0,0,0,0,0,0,0,0,0,0,0.0,0.0,0.0,InterCity,Auto,0,0,False,False,True,,,,,,
b_179,0,0,0,0,0,0,0,0,0,0,0,0,0.0,0.0,0.0,InterCity,Bike,0,0,True,False,False,,,,,,
b_179,0,0,0,0,0,0,0,0,0,0,0,0,0.0,0.0,0.0,InterCity,Cab,0,0,False,True,False,,,,,,
b_179,232,232,191,43,0,0,0,0,0,0,0,0,0.0,0.0,0.0,OneWay,All,0,0,False,False,False,1.0,0.8233,0.2251,0.0,0.0,
b_179,0,0,0,0,34,2,23,34,9,4,5,4740,165.946,7.215,206.087,OneWay,Auto,132,35,False,False,True,,,,,,0.2647
b_179,0,0,0,0,0,0,0,0,0,0,0,0,0.0,0.0,0.0,OneWay,Bike,0,0,True,False,False,,,,,,
b_179,0,0,0,0,8,0,6,8,2,2,0,1818,66.863,11.1438,303.0,OneWay,Cab,76,8,False,True,False,,,,,,0.25
b_179,0,0,0,0,0,0,0,0,0,0,0,0,0.0,0.0,0.0,Rental,All,0,0,False,False,False,,,,,,
b_179,0,0,0,0,0,0,0,0,0,0,0,0,0.0,0.0,0.0,Rental,Auto,0,0,False,False,True,,,,,,
b_179,0,0,0,0,0,0,0,0,0,0,0,0,0.0,0.0,0.0,Rental,Bike,0,0,True,False,False,,,,,,
b_179,0,0,0,0,0,0,0,0,0,0,0,0,0.0,0.0,0.0,Rental,Cab,0,0,False,True,False,,,,,,
b_18,0,0,0,0,0,0,0,0,0,0,0,0,0.0,0.0,0.0,InterCity,All,0,0,False,False,False,,,,,,
b_18,0,0,0,0,0,0,0,0,0,0,0,0,0.0,0.0,0.0,InterCity,Auto,0,0,False,False,True,,,,,,
b_18,0,0,0,0,0,0,0,0,0,0,0,0,0.0,0.0,0.0,InterCity,Bike,0,0,True,False,False,,,,,,
b_18,0,0,0,0,0,0,0,0,0,0,0,0,0.0,0.0,0.0,InterCity,Cab,0,0,False,True,False,,,,,,
b_18,14,14,7,4,0,0,0,0,0,0,0,0,0.0,0.0,0.0,OneWay,All,0,0,False,False,False,1.0,0.5,0.5714,0.0,0.0,
b_18,0,0,0,0,4,0,4,4,0,0,0,516,22.989,5.7473,129.0,OneWay,Auto,7,4,False,False,True,,,,,,0.0
b_18,0,0,0,0,0,0,0,0,0,0,0,0,0.0,0.0,0.0,OneWay,Bike,0,0,True,False,False,,,,,,
b_18,0,0,0,0,0,0,0,0,0,0,0,0,0.0,0.0,0.0,OneWay,Cab,0,0,False,True,False,,,,,,
b_18,0,0,0,0,0,0,0,0,0,0,0,0,0.0,0.0,0.0,Rental,All,0,0,False,False,False,,,,,,
b_18,0,0,0,0,0,0,0,0,0,0,0,0,0.0,0.0,0.0,Rental,Auto,0,0,False,False,True,,,,,,
b_18,0,0,0,0,0,0,0,0,0,0,0,0,0.0,0.0,0.0,Rental,Bike,0,0,True,False,False,,,,,,
b_18,0,0,0,0,0,0,0,0,0,0,0,0,0.0,0.0,0.0,Rental,Cab,0,0,False,True,False,,,,,,
b_180,0,0,0,0,0,0,0,0,0,0,0,0,0.0,0.0,0.0,InterCity,All,0,0,False,False,False,,,,,,
b_180,0,0,0,0,0,0,0,0,0,0,0,0,0.0,0.0,0.0,InterCity,Auto,0,0,False,False,True,,,,,,
b_180,0,0,0,0,0,0,0,0,0,0,0,0,0.0,0.0,0.0,InterCity,Bike,0,0,True,False,False,,,,,,
b_180,0,0,0,0,0,0,0,0,0,0,0,0,0.0,0.0,0.0,InterCity,Cab,0,0,False,True,False,,,,,,
b_180,104,104,78,29,0,0,0,0,0,0,0,0,0.0,0.0,0.0,OneWay,All,0,0,False,False,False,1.0,0.75,0.3718,0.0,0.0,
b_180,0,0,0,0,19,0,5,19,14,10,4,1223,45.677,9.1354,244.6,OneWay,Auto,47,19,False,False,True,,,,,,0.7368
b_180,0,0,0,0,0,0,0,0,0,0,0,0,0.0,0.0,0.0,OneWay,Bike,0,0,True,False,False,,,,,,
b_180,0,0,0,0,10,0,4,10,6,2,4,792,26.588,6.647,198.0,OneWay,Cab,34,10,False,True,False,,,,,,0.6
b_180,0,0,0,0,0,0,0,0,0,0,0,0,0.0,0.0,0.0,Rental,All,0,0,False,False,False,,,,,,
b_180,0,0,0,0,0,0,0,0,0,0,0,0,0.0,0.0,0.0,Rental,Auto,0,0,False,False,True,,,,,,
b_180,0,0,0,0,0,0,0,0,0,0,0,0,0.0,0.0,0.0,Rental,Bike,0,0,True,False,False,,,,,,
b_180,0,0,0,0,0,0,0,0,0,0,0,0,0.0,0.0,0.0,Rental,Cab,0,0,False,True,False,,,,,,
b_181,0,0,0,0,0,0,0,0,0,0,0,0,0.0,0.0,0.0,InterCity,All,0,0,False,False,False,,,,,,
b_181,0,0,0,0,0,0,0,0,0,0,0,0,0.0,0.0,0.0,InterCity,Auto,0,0,False,False,True,,,,,,
b_181,0,0,0,0,0,0,0,0,0,0,0,0,0.0,0.0,0.0,InterCity,Bike,0,0,True,False,False,,,,,,
b_181,0,0,0,0,0,0,0,0,0,0,0,0,0.0,0.0,0.0,InterCity,Cab,0,0,False,True,False,,,,,,
b_181,4862,4862,4522,560,0,0,0,0,0,0,0,0,0.0,0.0,0.0,OneWay,All,0,0,False,False,False,1.0,0.9301,0.1238,0.0,0.0,
b_181,0,0,0,0,357,0,149,357,207,126,81,42941,1440.864,9.6702,288.1946,OneWay,Auto,2703,358,False,False,True,,,,,,0.5798
b_181,0,0,0,0,0,0,0,0,0,0,0,0,0.0,0.0,0.0,OneWay,Bike,0,0,True,False,False,,,,,,
b_181,0,0,0,0,199,1,67,199,129,70,59,24646,869.39,12.976,367.8507,OneWay,Cab,2502,203,False,True,False,,,,,,0.6482
b_181,0,0,0,0,0,0,0,0,0,0,0,0,0.0,0.0,0.0,Rental,All,0,0,False,False,False,,,,,,
b_181,0,0,0,0,0,0,0,0,0,0,0,0,0.0,0.0,0.0,Rental,Auto,0,0,False,False,True,,,,,,
b_181,0,0,0,0,0,0,0,0,0,0,0,0,0.0,0.0,0.0,Rental,Bike,0,0,True,False,False,,,,,,
b_181,0,0,0,0,0,0,0,0,0,0,0,0,0.0,0.0,0.0,Rental,Cab,0,0,False,True,False,,,,,,
b_182,0,0,0,0,0,0,0,0,0,0,0,0,0.0,0.0,0.0,InterCity,All,0,0,False,False,False,,,,,,
b_182,0,0,0,0,0,0,0,0,0,0,0,0,0.0,0.0,0.0,InterCity,Auto,0,0,False,False,True,,,,,,
b_182,0,0,0,0,0,0,0,0,0,0,0,0,0.0,0.0,0.0,InterCity,Bike,0,0,True,False,False,,,,,,
b_182,0,0,0,0,0,0,0,0,0,0,0,0,0.0,0.0,0.0,InterCity,Cab,0,0,False,True,False,,,,,,
b_182,75,75,60,16,0,0,0,0,0,0,0,0,0.0,0.0,0.0,OneWay,All,0,0,False,False,False,1.0,0.8,0.2667,0.0,0.0,
b_182,0,0,0,0,12,0,5,12,7,4,3,1071,41.212,8.2424,214.2,OneWay,Auto,47,12,False,False,True,,,,,,0.5833
b_182,0,0,0,0,0,0,0,0,0,0,0,0,0.0,0.0,0.0,OneWay,Bike,0,0,True,False,False,,,,,,
b_182,0,0,0,0,4,1,2,4,0,0,0,678,28.368,14.184,339.0,OneWay,Cab,21,4,False,True,False,,,,,,0.0
b_182,0,0,0,0,0,0,0,0,0,0,0,0,0.0,0.0,0.0,Rental,All,0,0,False,False,False,,,,,,
b_182,0,0,0,0,0,0,0,0,0,0,0,0,0.0,0.0,0.0,Rental,Auto,0,0,False,False,True,,,,,,
b_182,0,0,0,0,0,0,0,0,0,0,0,0,0.0,0.0,0.0,Rental,Bike,0,0,True,False,False,,,,,,
b_182,0,0,0,0,0,0,0,0,0,0,0,0,0.0,0.0,0.0,Rental,Cab,0,0,False,True,False,,,,,,
b_183,0,0,0,0,0,0,0,0,0,0,0,0,0.0,0.0,0.0,InterCity,All,0,0,False,False,False,,,,,,
b_183,0,0,0,0,0,0,0,0,0,0,0,0,0.0,0.0,0.0,InterCity,Auto,0,0,False,False,True,,,,,,
b_183,0,0,0,0,0,0,0,0,0,0,0,0,0.0,0.0,0.0,InterCity,Bike,0,0,True,False,False,,,,,,
b_183,0,0,0,0,0,0,0,0,0,0,0,0,0.0,0.0,0.0,InterCity,Cab,0,0,False,True,False,,,,,,
b_183,123,123,101,30,0,0,0,0,0,0,0,0,0.0,0.0,0.0,OneWay,All,0,0,False,False,False,1.0,0.8211,0.297,0.0,0.0,
b_183,0,0,0,0,24,2,13,24,9,8,1,2928,114.917,8.8398,225.2308,OneWay,Auto,74,24,False,False,True,,,,,,0.375
b_183,0,0,0,0,0,0,0,0,0,0,0,0,0.0,0.0,0.0,OneWay,Bike,0,0,True,False,False,,,,,,
b_183,0,0,0,0,6,0,4,6,2,1,1,1048,39.261,9.8153,262.0,OneWay,Cab,36,6,False,True,False,,,,,,0.3333
b_183,0,0,0,0,0,0,0,0,0,0,0,0,0.0,0.0,0.0,Rental,All,0,0,False,False,False,,,,,,
b_183,0,0,0,0,0,0,0,0,0,0,0,0,0.0,0.0,0.0,Rental,Auto,0,0,False,False,True,,,,,,
b_183,0,0,0,0,0,0,0,0,0,0,0,0,0.0,0.0,0.0,Rental,Bike,0,0,True,False,False,,,,,,
b_183,0,0,0,0,0,0,0,0,0,0,0,0,0.0,0.0,0.0,Rental,Cab,0,0,False,True,False,,,,,,
b_184,5,5,5,5,0,0,0,0,0,0,0,0,0.0,0.0,0.0,InterCity,All,0,0,False,False,False,1.0,1.0,1.0,0.0,0.0,
b_184,0,0,0,0,0,0,0,0,0,0,0,0,0.0,0.0,0.0,InterCity,Auto,0,0,False,False,True,,,,,,
b_184,0,0,0,0,0,0,0,0,0,0,0,0,0.0,0.0,0.0,InterCity,Bike,0,0,True,False,False,,,,,,
b_184,0,0,0,0,4,0,0,4,4,3,1,0,0.0,0.0,0.0,InterCity,Cab,5,4,False,True,False,,,,,,1.0
b_184,49,49,43,14,0,0,0,0,0,0,0,0,0.0,0.0,0.0,OneWay,All,0,0,False,False,False,1.0,0.8776,0.3256,0.0,0.0,
b_184,0,0,0,0,10,0,5,10,5,1,4,1540,54.768,10.9536,308.0,OneWay,Auto,33,10,False,False,True,,,,,,0.5
b_184,0,0,0,0,0,0,0,0,0,0,0,0,0.0,0.0,0.0,OneWay,Bike,0,0,True,False,False,,,,,,
b_184,0,0,0,0,4,0,0,4,4,3,1,0,0.0,0.0,0.0,OneWay,Cab,11,4,False,True,False,,,,,,1.0
b_184,0,0,0,0,0,0,0,0,0,0,0,0,0.0,0.0,0.0,Rental,All,0,0,False,False,False,,,,,,
b_184,0,0,0,0,0,0,0,0,0,0,0,0,0.0,0.0,0.0,Rental,Auto,0,0,False,False,True,,,,,,
b_184,0,0,0,0,0,0,0,0,0,0,0,0,0.0,0.0,0.0,Rental,Bike,0,0,True,False,False,,,,,,
b_184,0,0,0,0,0,0,0,0,0,0,0,0,0.0,0.0,0.0,Rental,Cab,0,0,False,True,False,,,,,,
b_185,0,0,0,0,0,0,0,0,0,0,0,0,0.0,0.0,0.0,InterCity,All,0,0,False,False,False,,,,,,
b_185,0,0,0,0,0,0,0,0,0,0,0,0,0.0,0.0,0.0,InterCity,Auto,0,0,False,False,True,,,,,,
b_185,0,0,0,0,0,0,0,0,0,0,0,0,0.0,0.0,0.0,InterCity,Bike,0,0,True,False,False,,,,,,
b_185,0,0,0,0,0,0,0,0,0,0,0,0,0.0,0.0,0.0,InterCity,Cab,0,0,False,True,False,,,,,,
b_185,428,428,359,148,0,0,0,0,0,0,0,0,0.0,0.0,0.0,OneWay,All,0,0,False,False,False,1.0,0.8388,0.4123,0.0,0.0,
b_185,0,0,0,0,95,3,45,95,46,22,24,9346,333.47,7.4104,207.6889,OneWay,Auto,233,96,False,False,True,,,,,,0.4842
b_185,0,0,0,0,0,0,0,0,0,0,0,0,0.0,0.0,0.0,OneWay,Bike,0,0,True,False,False,,,,,,
b_185,0,0,0,0,49,2,20,49,27,9,18,8532,340.941,17.047,426.6,OneWay,Cab,140,52,False,True,False,,,,,,0.551
b_185,0,0,0,0,0,0,0,0,0,0,0,0,0.0,0.0,0.0,Rental,All,0,0,False,False,False,,,,,,
b_185,0,0,0,0,0,0,0,0,0,0,0,0,0.0,0.0,0.0,Rental,Auto,0,0,False,False,True,,,,,,
b_185,0,0,0,0,0,0,0,0,0,0,0,0,0.0,0.0,0.0,Rental,Bike,0,0,True,False,False,,,,,,
b_185,0,0,0,0,0,0,0,0,0,0,0,0,0.0,0.0,0.0,Rental,Cab,0,0,False,True,False,,,,,,
b_186,0,0,0,0,0,0,0,0,0,0,0,0,0.0,0.0,0.0,InterCity,All,0,0,False,False,False,,,,,,
b_186,0,0,0,0,0,0,0,0,0,0,0,0,0.0,0.0,0.0,InterCity,Auto,0,0,False,False,True,,,,,,
b_186,0,0,0,0,0,0,0,0,0,0,0,0,0.0,0.0,0.0,InterCity,Bike,0,0,True,False,False,,,,,,
b_186,0,0,0,0,0,0,0,0,0,0,0,0,0.0,0.0,0.0,InterCity,Cab,0,0,False,True,False,,,,,,
b_186,1008,1008,867,267,0,0,0,0,0,0,0,0,0.0,0.0,0.0,OneWay,All,0,0,False,False,False,1.0,0.8601,0.308,0.0,0.0,
b_186,0,0,0,0,168,2,80,168,85,43,41,16866,584.188,7.3023,210.825,OneWay,Auto,550,169,False,False,True,,,,,,0.506
b_186,0,0,0,0,0,0,0,0,0,0,0,0,0.0,0.0,0.0,OneWay,Bike,0,0,True,False,False,,,,,,
b_186,0,0,0,0,98,1,42,98,55,16,38,13558,458.901,10.9262,322.8095,OneWay,Cab,356,98,False,True,False,,,,,,0.5612
b_186,0,0,0,0,0,0,0,0,0,0,0,0,0.0,0.0,0.0,Rental,All,0,0,False,False,False,,,,,,
b_186,0,0,0,0,0,0,0,0,0,0,0,0,0.0,0.0,0.0,Rental,Auto,0,0,False,False,True,,,,,,
b_186,0,0,0,0,0,0,0,0,0,0,0,0,0.0,0.0,0.0,Rental,Bike,0,0,True,False,False,,,,,,
b_186,0,0,0,0,0,0,0,0,0,0,0,0,0.0,0.0,0.0,Rental,Cab,0,0,False,True,False,,,,,,
b_187,0,0,0,0,0,0,0,0,0,0,0,0,0.0,0.0,0.0,InterCity,All,0,0,False,False,False,,,,,,
b_187,0,0,0,0,0,0,0,0,0,0,0,0,0.0,0.0,0.0,InterCity,Auto,0,0,False,False,True,,,,,,
b_187,0,0,0,0,0,0,0,0,0,0,0,0,0.0,0.0,0.0,InterCity,Bike,0,0,True,False,False,,,,,,
b_187,0,0,0,0,0,0,0,0,0,0,0,0,0.0,0.0,0.0,InterCity,Cab,0,0,False,True,False,,,,,,
b_187,1874,1874,1637,445,0,0,0,0,0,0,0,0,0.0,0.0,0.0,OneWay,All,0,0,False,False,False,1.0,0.8735,0.2718,0.0,0.0,
b_187,0,0,0,0,259,2,88,259,166,98,68,23048,806.458,9.1643,261.9091,OneWay,Auto,1036,262,False,False,True,,,,,,0.6409
b_187,0,0,0,0,0,0,0,0,0,0,0,0,0.0,0.0,0.0,OneWay,Bike,0,0,True,False,False,,,,,,
b_187,0,0,0,0,181,5,53,181,123,66,57,18330,687.801,12.9774,345.8491,OneWay,Cab,700,183,False,True,False,,,,,,0.6796
b_187,0,0,0,0,0,0,0,0,0,0,0,0,0.0,0.0,0.0,Rental,All,0,0,False,False,False,,,,,,
b_187,0,0,0,0,0,0,0,0,0,0,0,0,0.0,0.0,0.0,Rental,Auto,0,0,False,False,True,,,,,,
b_187,0,0,0,0,0,0,0,0,0,0,0,0,0.0,0.0,0.0,Rental,Bike,0,0,True,False,False,,,,,,
b_187,0,0,0,0,0,0,0,0,0,0,0,0,0.0,0.0,0.0,Rental,Cab,0,0,False,True,False,,,,,,
b_188,0,0,0,0,0,0,0,0,0,0,0,0,0.0,0.0,0.0,InterCity,All,0,0,False,False,False,,,,,,
b_188,0,0,0,0,0,0,0,0,0,0,0,0,0.0,0.0,0.0,InterCity,Auto,0,0,False,False,True,,,,,,
b_188,0,0,0,0,0,0,0,0,0,0,0,0,0.0,0.0,0.0,InterCity,Bike,0,0,True,False,False,,,,,,
b_188,0,0,0,0,0,0,0,0,0,0,0,0,0.0,0.0,0.0,InterCity,Cab,0,0,False,True,False,,,,,,
b_188,136,136,122,26,0,0,0,0,0,0,0,0,0.0,0.0,0.0,OneWay,All,0,0,False,False,False,1.0,0.8971,0.2131,0.0,0.0,
b_188,0,0,0,0,13,1,5,13,7,2,5,796,29.059,5.8118,159.2,OneWay,Auto,89,13,False,False,True,,,,,,0.5385
b_188,0,0,0,0,0,0,0,0,0,0,0,0,0.0,0.0,0.0,OneWay,Bike,0,0,True,False,False,,,,,,
b_188,0,0,0,0,13,0,5,13,8,4,4,1060,34.24,6.848,212.0,OneWay,Cab,45,13,False,True,False,,,,,,0.6154
b_188,0,0,0,0,0,0,0,0,0,0,0,0,0.0,0.0,0.0,Rental,All,0,0,False,False,False,,,,,,
b_188,0,0,0,0,0,0,0,0,0,0,0,0,0.0,0.0,0.0,Rental,Auto,0,0,False,False,True,,,,,,
b_188,0,0,0,0,0,0,0,0,0,0,0,0,0.0,0.0,0.0,Rental,Bike,0,0,True,False,False,,,,,,
b_188,0,0,0,0,0,0,0,0,0,0,0,0,0.0,0.0,0.0,Rental,Cab,0,0,False,True,False,,,,,,
b_189,5,5,4,4,0,0,0,0,0,0,0,0,0.0,0.0,0.0,InterCity,All,0,0,False,False,False,1.0,0.8,1.0,0.0,0.0,
b_189,0,0,0,0,0,0,0,0,0,0,0,0,0.0,0.0,0.0,InterCity,Auto,0,0,False,False,True,,,,,,
b_189,0,0,0,0,0,0,0,0,0,0,0,0,0.0,0.0,0.0,InterCity,Bike,0,0,True,False,False,,,,,,
b_189,0,0,0,0,0,0,0,0,0,0,0,0,0.0,0.0,0.0,InterCity,Cab,4,4,False,True,False,,,,,,
b_189,383,383,310,122,0,0,0,0,0,0,0,0,0.0,0.0,0.0,OneWay,All,0,0,False,False,False,1.0,0.8094,0.3935,0.0,0.0,
b_189,0,0,0,0,74,3,32,74,39,19,20,5528,188.865,5.902,172.75,OneWay,Auto,228,76,False,False,True,,,,,,0.527
b_189,0,0,0,0,0,0,0,0,0,0,0,0,0.0,0.0,0.0,OneWay,Bike,0,0,True,False,False,,,,,,
b_189,0,0,0,0,46,3,14,46,29,6,23,5932,259.33,18.5236,423.7143,OneWay,Cab,98,48,False,True,False,,,,,,0.6304
b_189,8,8,8,8,0,0,0,0,0,0,0,0,0.0,0.0,0.0,Rental,All,0,0,False,False,False,1.0,1.0,1.0,0.0,0.0,
b_189,0,0,0,0,0,0,0,0,0,0,0,0,0.0,0.0,0.0,Rental,Auto,7,7,False,False,True,,,,,,
b_189,0,0,0,0,0,0,0,0,0,0,0,0,0.0,0.0,0.0,Rental,Bike,0,0,True,False,False,,,,,,
b_189,0,0,0,0,1,0,0,1,0,0,0,0,0.0,0.0,0.0,Rental,Cab,8,7,False,True,False,,,,,,0.0
b_19,3,3,3,3,0,0,0,0,0,0,0,0,0.0,0.0,0.0,InterCity,All,0,0,False,False,False,1.0,1.0,1.0,0.0,0.0,
b_19,0,0,0,0,0,0,0,0,0,0,0,0,0.0,0.0,0.0,InterCity,Auto,0,0,False,False,True,,,,,,
b_19,0,0,0,0,0,0,0,0,0,0,0,0,0.0,0.0,0.0,InterCity,Bike,0,0,True,False,False,,,,,,
b_19,0,0,0,0,0,0,0,0,0,0,0,0,0.0,0.0,0.0,InterCity,Cab,3,3,False,True,False,,,,,,
b_19,30,30,14,11,0,0,0,0,0,0,0,0,0.0,0.0,0.0,OneWay,All,0,0,False,False,False,1.0,0.4667,0.7857,0.0,0.0,
b_19,0,0,0,0,11,0,7,11,4,1,3,1164,56.177,8.0253,166.2857,OneWay,Auto,14,11,False,False,True,,,,,,0.3636
b_19,0,0,0,0,0,0,0,0,0,0,0,0,0.0,0.0,0.0,OneWay,Bike,0,0,True,False,False,,,,,,
b_19,0,0,0,0,0,0,0,0,0,0,0,0,0.0,0.0,0.0,OneWay,Cab,0,0,False,True,False,,,,,,
b_19,0,0,0,0,0,0,0,0,0,0,0,0,0.0,0.0,0.0,Rental,All,0,0,False,False,False,,,,,,
b_19,0,0,0,0,0,0,0,0,0,0,0,0,0.0,0.0,0.0,Rental,Auto,0,0,False,False,True,,,,,,
b_19,0,0,0,0,0,0,0,0,0,0,0,0,0.0,0.0,0.0,Rental,Bike,0,0,True,False,False,,,,,,
b_19,0,0,0,0,0,0,0,0,0,0,0,0,0.0,0.0,0.0,Rental,Cab,0,0,False,True,False,,,,,,
b_190,0,0,0,0,0,0,0,0,0,0,0,0,0.0,0.0,0.0,InterCity,All,0,0,False,False,False,,,,,,
b_190,0,0,0,0,0,0,0,0,0,0,0,0,0.0,0.0,0.0,InterCity,Auto,0,0,False,False,True,,,,,,
b_190,0,0,0,0,0,0,0,0,0,0,0,0,0.0,0.0,0.0,InterCity,Bike,0,0,True,False,False,,,,,,
b_190,0,0,0,0,0,0,0,0,0,0,0,0,0.0,0.0,0.0,InterCity,Cab,0,0,False,True,False,,,,,,
b_190,215,215,164,69,0,0,0,0,0,0,0,0,0.0,0.0,0.0,OneWay,All,0,0,False,False,False,1.0,0.7628,0.4207,0.0,0.0,
b_190,0,0,0,0,45,3,28,45,14,8,6,5810,225.221,8.0436,207.5,OneWay,Auto,117,45,False,False,True,,,,,,0.3111
b_190,0,0,0,0,0,0,0,0,0,0,0,0,0.0,0.0,0.0,OneWay,Bike,0,0,True,False,False,,,,,,
b_190,0,0,0,0,24,2,9,24,13,6,7,4041,180.098,20.0109,449.0,OneWay,Cab,48,24,False,True,False,,,,,,0.5417
b_190,1,1,1,1,0,0,0,0,0,0,0,0,0.0,0.0,0.0,Rental,All,0,0,False,False,False,1.0,1.0,1.0,0.0,0.0,
b_190,0,0,0,0,0,0,0,0,0,0,0,0,0.0,0.0,0.0,Rental,Auto,1,1,False,False,True,,,,,,
b_190,0,0,0,0,0,0,0,0,0,0,0,0,0.0,0.0,0.0,Rental,Bike,0,0,True,False,False,,,,,,
b_190,0,0,0,0,0,0,0,0,0,0,0,0,0.0,0.0,0.0,Rental,Cab,1,1,False,True,False,,,,,,
b_191,0,0,0,0,0,0,0,0,0,0,0,0,0.0,0.0,0.0,InterCity,All,0,0,False,False,False,,,,,,
b_191,0,0,0,0,0,0,0,0,0,0,0,0,0.0,0.0,0.0,InterCity,Auto,0,0,False,False,True,,,,,,
b_191,0,0,0,0,0,0,0,0,0,0,0,0,0.0,0.0,0.0,InterCity,Bike,0,0,True,False,False,,,,,,
b_191,0,0,0,0,0,0,0,0,0,0,0,0,0.0,0.0,0.0,InterCity,Cab,0,0,False,True,False,,,,,,
b_191,116,116,75,36,0,0,0,0,0,0,0,0,0.0,0.0,0.0,OneWay,All,0,0,False,False,False,1.0,0.6466,0.48,0.0,0.0,
b_191,0,0,0,0,26,2,8,26,16,10,6,1421,62.36,7.795,177.625,OneWay,Auto,57,26,False,False,True,,,,,,0.6154
b_191,0,0,0,0,0,0,0,0,0,0,0,0,0.0,0.0,0.0,OneWay,Bike,0,0,True,False,False,,,,,,
b_191,0,0,0,0,10,1,7,10,1,0,1,2185,92.296,13.1851,312.1429,OneWay,Cab,19,10,False,True,False,,,,,,0.1
b_191,0,0,0,0,0,0,0,0,0,0,0,0,0.0,0.0,0.0,Rental,All,0,0,False,False,False,,,,,,
b_191,0,0,0,0,0,0,0,0,0,0,0,0,0.0,0.0,0.0,Rental,Auto,0,0,False,False,True,,,,,,
b_191,0,0,0,0,0,0,0,0,0,0,0,0,0.0,0.0,0.0,Rental,Bike,0,0,True,False,False,,,,,,
b_191,0,0,0,0,0,0,0,0,0,0,0,0,0.0,0.0,0.0,Rental,Cab,0,0,False,True,False,,,,,,
b_192,0,0,0,0,0,0,0,0,0,0,0,0,0.0,0.0,0.0,InterCity,All,0,0,False,False,False,,,,,,
b_192,0,0,0,0,0,0,0,0,0,0,0,0,0.0,0.0,0.0,InterCity,Auto,0,0,False,False,True,,,,,,
b_192,0,0,0,0,0,0,0,0,0,0,0,0,0.0,0.0,0.0,InterCity,Bike,0,0,True,False,False,,,,,,
b_192,0,0,0,0,0,0,0,0,0,0,0,0,0.0,0.0,0.0,InterCity,Cab,0,0,False,True,False,,,,,,
b_192,258,258,205,80,0,0,0,0,0,0,0,0,0.0,0.0,0.0,OneWay,All,0,0,False,False,False,1.0,0.7946,0.3902,0.0,0.0,
b_192,0,0,0,0,60,5,27,60,28,13,15,4851,211.789,7.844,179.6667,OneWay,Auto,172,60,False,False,True,,,,,,0.4667
b_192,0,0,0,0,0,0,0,0,0,0,0,0,0.0,0.0,0.0,OneWay,Bike,0,0,True,False,False,,,,,,
b_192,0,0,0,0,20,1,9,20,9,1,8,2486,98.343,10.927,276.2222,OneWay,Cab,37,20,False,True,False,,,,,,0.45
b_192,0,0,0,0,0,0,0,0,0,0,0,0,0.0,0.0,0.0,Rental,All,0,0,False,False,False,,,,,,
b_192,0,0,0,0,0,0,0,0,0,0,0,0,0.0,0.0,0.0,Rental,Auto,0,0,False,False,True,,,,,,
b_192,0,0,0,0,0,0,0,0,0,0,0,0,0.0,0.0,0.0,Rental,Bike,0,0,True,False,False,,,,,,
b_192,0,0,0,0,0,0,0,0,0,0,0,0,0.0,0.0,0.0,Rental,Cab,0,0,False,True,False,,,,,,
b_193,3,3,3,3,0,0,0,0,0,0,0,0,0.0,0.0,0.0,InterCity,All,0,0,False,False,False,1.0,1.0,1.0,0.0,0.0,
b_193,0,0,0,0,0,0,0,0,0,0,0,0,0.0,0.0,0.0,InterCity,Auto,0,0,False,False,True,,,,,,
b_193,0,0,0,0,0,0,0,0,0,0,0,0,0.0,0.0,0.0,InterCity,Bike,0,0,True,False,False,,,,,,
b_193,0,0,0,0,0,0,0,0,0,0,0,0,0.0,0.0,0.0,InterCity,Cab,3,3,False,True,False,,,,,,
b_193,117,117,66,42,0,0,0,0,0,0,0,0,0.0,0.0,0.0,OneWay,All,0,0,False,False,False,1.0,0.5641,0.6364,0.0,0.0,
b_193,0,0,0,0,32,2,15,32,15,9,6,2959,126.894,8.4596,197.2667,OneWay,Auto,55,32,False,False,True,,,,,,0.4688
b_193,0,0,0,0,0,0,0,0,0,0,0,0,0.0,0.0,0.0,OneWay,Bike,0,0,True,False,False,,,,,,
b_193,0,0,0,0,10,0,6,10,4,2,2,3076,146.035,24.3392,512.6667,OneWay,Cab,12,10,False,True,False,,,,,,0.4
b_193,0,0,0,0,0,0,0,0,0,0,0,0,0.0,0.0,0.0,Rental,All,0,0,False,False,False,,,,,,
b_193,0,0,0,0,0,0,0,0,0,0,0,0,0.0,0.0,0.0,Rental,Auto,0,0,False,False,True,,,,,,
b_193,0,0,0,0,0,0,0,0,0,0,0,0,0.0,0.0,0.0,Rental,Bike,0,0,True,False,False,,,,,,
b_193,0,0,0,0,0,0,0,0,0,0,0,0,0.0,0.0,0.0,Rental,Cab,0,0,False,True,False,,,,,,
b_194,0,0,0,0,0,0,0,0,0,0,0,0,0.0,0.0,0.0,InterCity,All,0,0,False,False,False,,,,,,
b_194,0,0,0,0,0,0,0,0,0,0,0,0,0.0,0.0,0.0,InterCity,Auto,0,0,False,False,True,,,,,,
b_194,0,0,0,0,0,0,0,0,0,0,0,0,0.0,0.0,0.0,InterCity,Bike,0,0,True,False,False,,,,,,
b_194,0,0,0,0,0,0,0,0,0,0,0,0,0.0,0.0,0.0,InterCity,Cab,0,0,False,True,False,,,,,,
b_194,46,46,29,19,0,0,0,0,0,0,0,0,0.0,0.0,0.0,OneWay,All,0,0,False,False,False,1.0,0.6304,0.6552,0.0,0.0,
b_194,0,0,0,0,13,1,7,13,3,2,1,790,29.712,4.2446,112.8571,OneWay,Auto,22,13,False,False,True,,,,,,0.2308
b_194,0,0,0,0,0,0,0,0,0,0,0,0,0.0,0.0,0.0,OneWay,Bike,0,0,True,False,False,,,,,,
b_194,0,0,0,0,6,1,3,6,2,0,2,525,19.564,6.5213,175.0,OneWay,Cab,7,6,False,True,False,,,,,,0.3333
b_194,0,0,0,0,0,0,0,0,0,0,0,0,0.0,0.0,0.0,Rental,All,0,0,False,False,False,,,,,,
b_194,0,0,0,0,0,0,0,0,0,0,0,0,0.0,0.0,0.0,Rental,Auto,0,0,False,False,True,,,,,,
b_194,0,0,0,0,0,0,0,0,0,0,0,0,0.0,0.0,0.0,Rental,Bike,0,0,True,False,False,,,,,,
b_194,0,0,0,0,0,0,0,0,0,0,0,0,0.0,0.0,0.0,Rental,Cab,0,0,False,True,False,,,,,,
b_195,0,0,0,0,0,0,0,0,0,0,0,0,0.0,0.0,0.0,InterCity,All,0,0,False,False,False,,,,,,
b_195,0,0,0,0,0,0,0,0,0,0,0,0,0.0,0.0,0.0,InterCity,Auto,0,0,False,False,True,,,,,,
b_195,0,0,0,0,0,0,0,0,0,0,0,0,0.0,0.0,0.0,InterCity,Bike,0,0,True,False,False,,,,,,
b_195,0,0,0,0,0,0,0,0,0,0,0,0,0.0,0.0,0.0,InterCity,Cab,0,0,False,True,False,,,,,,
b_195,41,41,28,23,0,0,0,0,0,0,0,0,0.0,0.0,0.0,OneWay,All,0,0,False,False,False,1.0,0.6829,0.8214,0.0,0.0,
b_195,0,0,0,0,7,0,4,7,2,1,1,1115,41.356,10.339,278.75,OneWay,Auto,8,7,False,False,True,,,,,,0.2857
b_195,0,0,0,0,0,0,0,0,0,0,0,0,0.0,0.0,0.0,OneWay,Bike,0,0,True,False,False,,,,,,
b_195,0,0,0,0,12,0,2,12,10,3,7,454,16.865,8.4325,227.0,OneWay,Cab,20,16,False,True,False,,,,,,0.8333
b_195,0,0,0,0,0,0,0,0,0,0,0,0,0.0,0.0,0.0,Rental,All,0,0,False,False,False,,,,,,
b_195,0,0,0,0,0,0,0,0,0,0,0,0,0.0,0.0,0.0,Rental,Auto,0,0,False,False,True,,,,,,
b_195,0,0,0,0,0,0,0,0,0,0,0,0,0.0,0.0,0.0,Rental,Bike,0,0,True,False,False,,,,,,
b_195,0,0,0,0,0,0,0,0,0,0,0,0,0.0,0.0,0.0,Rental,Cab,0,0,False,True,False,,,,,,
b_196,0,0,0,0,0,0,0,0,0,0,0,0,0.0,0.0,0.0,InterCity,All,0,0,False,False,False,,,,,,
b_196,0,0,0,0,0,0,0,0,0,0,0,0,0.0,0.0,0.0,InterCity,Auto,0,0,False,False,True,,,,,,
b_196,0,0,0,0,0,0,0,0,0,0,0,0,0.0,0.0,0.0,InterCity,Bike,0,0,True,False,False,,,,,,
b_196,0,0,0,0,0,0,0,0,0,0,0,0,0.0,0.0,0.0,InterCity,Cab,0,0,False,True,False,,,,,,
b_196,65,65,45,29,0,0,0,0,0,0,0,0,0.0,0.0,0.0,OneWay,All,0,0,False,False,False,1.0,0.6923,0.6444,0.0,0.0,
b_196,0,0,0,0,17,2,11,17,4,3,1,1367,51.442,4.6765,124.2727,OneWay,Auto,31,17,False,False,True,,,,,,0.2353
b_196,0,0,0,0,0,0,0,0,0,0,0,0,0.0,0.0,0.0,OneWay,Bike,0,0,True,False,False,,,,,,
b_196,0,0,0,0,12,0,10,12,2,1,1,2635,102.504,10.2504,263.5,OneWay,Cab,14,12,False,True,False,,,,,,0.1667
b_196,1,1,1,1,0,0,0,0,0,0,0,0,0.0,0.0,0.0,Rental,All,0,0,False,False,False,1.0,1.0,1.0,0.0,0.0,
b_196,0,0,0,0,0,0,0,0,0,0,0,0,0.0,0.0,0.0,Rental,Auto,1,1,False,False,True,,,,,,
b_196,0,0,0,0,0,0,0,0,0,0,0,0,0.0,0.0,0.0,Rental,Bike,0,0,True,False,False,,,,,,
b_196,0,0,0,0,0,0,0,0,0,0,0,0,0.0,0.0,0.0,Rental,Cab,1,1,False,True,False,,,,,,
b_197,1,1,1,1,0,0,0,0,0,0,0,0,0.0,0.0,0.0,InterCity,All,0,0,False,False,False,1.0,1.0,1.0,0.0,0.0,
b_197,0,0,0,0,0,0,0,0,0,0,0,0,0.0,0.0,0.0,InterCity,Auto,0,0,False,False,True,,,,,,
b_197,0,0,0,0,0,0,0,0,0,0,0,0,0.0,0.0,0.0,InterCity,Bike,0,0,True,False,False,,,,,,
b_197,0,0,0,0,0,0,0,0,0,0,0,0,0.0,0.0,0.0,InterCity,Cab,1,1,False,True,False,,,,,,
b_197,61,61,35,21,0,0,0,0,0,0,0,0,0.0,0.0,0.0,OneWay,All,0,0,False,False,False,1.0,0.5738,0.6,0.0,0.0,
b_197,0,0,0,0,14,1,10,14,3,2,1,1428,55.702,5.5702,142.8,OneWay,Auto,27,14,False,False,True,,,,,,0.2143
b_197,0,0,0,0,0,0,0,0,0,0,0,0,0.0,0.0,0.0,OneWay,Bike,0,0,True,False,False,,,,,,
b_197,0,0,0,0,7,2,3,7,2,2,0,1720,65.508,21.836,573.3333,OneWay,Cab,8,7,False,True,False,,,,,,0.2857
b_197,0,0,0,0,0,0,0,0,0,0,0,0,0.0,0.0,0.0,Rental,All,0,0,False,False,False,,,,,,
b_197,0,0,0,0,0,0,0,0,0,0,0,0,0.0,0.0,0.0,Rental,Auto,0,0,False,False,True,,,,,,
b_197,0,0,0,0,0,0,0,0,0,0,0,0,0.0,0.0,0.0,Rental,Bike,0,0,True,False,False,,,,,,
b_197,0,0,0,0,0,0,0,0,0,0,0,0,0.0,0.0,0.0,Rental,Cab,0,0,False,True,False,,,,,,
b_198,0,0,0,0,0,0,0,0,0,0,0,0,0.0,0.0,0.0,InterCity,All,0,0,False,False,False,,,,,,
b_198,0,0,0,0,0,0,0,0,0,0,0,0,0.0,0.0,0.0,InterCity,Auto,0,0,False,False,True,,,,,,
b_198,0,0,0,0,0,0,0,0,0,0,0,0,0.0,0.0,0.0,InterCity,Bike,0,0,True,False,False,,,,,,
b_198,0,0,0,0,0,0,0,0,0,0,0,0,0.0,0.0,0.0,InterCity,Cab,0,0,False,True,False,,,,,,
b_198,190,190,119,64,0,0,0,0,0,0,0,0,0.0,0.0,0.0,OneWay,All,0,0,False,False,False,1.0,0.6263,0.5378,0.0,0.0,
b_198,0,0,0,0,38,0,23,38,15,5,10,3505,130.764,5.6854,152.3913,OneWay,Auto,80,39,False,False,True,,,,,,0.3947
b_198,0,0,0,0,0,0,0,0,0,0,0,0,0.0,0.0,0.0,OneWay,Bike,0,0,True,False,False,,,,,,
b_198,0,0,0,0,25,0,15,25,10,4,6,3624,129.508,8.6339,241.6,OneWay,Cab,39,25,False,True,False,,,,,,0.4
b_198,0,0,0,0,0,0,0,0,0,0,0,0,0.0,0.0,0.0,Rental,All,0,0,False,False,False,,,,,,
b_198,0,0,0,0,0,0,0,0,0,0,0,0,0.0,0.0,0.0,Rental,Auto,0,0,False,False,True,,,,,,
b_198,0,0,0,0,0,0,0,0,0,0,0,0,0.0,0.0,0.0,Rental,Bike,0,0,True,False,False,,,,,,
b_198,0,0,0,0,0,0,0,0,0,0,0,0,0.0,0.0,0.0,Rental,Cab,0,0,False,True,False,,,,,,
b_199,0,0,0,0,0,0,0,0,0,0,0,0,0.0,0.0,0.0,InterCity,All,0,0,False,False,False,,,,,,
b_199,0,0,0,0,0,0,0,0,0,0,0,0,0.0,0.0,0.0,InterCity,Auto,0,0,False,False,True,,,,,,
b_199,0,0,0,0,0,0,0,0,0,0,0,0,0.0,0.0,0.0,InterCity,Bike,0,0,True,False,False,,,,,,
b_199,0,0,0,0,0,0,0,0,0,0,0,0,0.0,0.0,0.0,InterCity,Cab,0,0,False,True,False,,,,,,
b_199,117,117,84,58,0,0,0,0,0,0,0,0,0.0,0.0,0.0,OneWay,All,0,0,False,False,False,1.0,0.7179,0.6905,0.0,0.0,
b_199,0,0,0,0,40,2,22,40,16,7,9,3694,138.495,6.2952,167.9091,OneWay,Auto,61,40,False,False,True,,,,,,0.4
b_199,0,0,0,0,0,0,0,0,0,0,0,0,0.0,0.0,0.0,OneWay,Bike,0,0,True,False,False,,,,,,
b_199,0,0,0,0,18,1,11,18,6,4,2,3228,134.677,12.2434,293.4545,OneWay,Cab,23,18,False,True,False,,,,,,0.3333
b_199,0,0,0,0,0,0,0,0,0,0,0,0,0.0,0.0,0.0,Rental,All,0,0,False,False,False,,,,,,
b_199,0,0,0,0,0,0,0,0,0,0,0,0,0.0,0.0,0.0,Rental,Auto,0,0,False,False,True,,,,,,
b_199,0,0,0,0,0,0,0,0,0,0,0,0,0.0,0.0,0.0,Rental,Bike,0,0,True,False,False,,,,,,
b_199,0,0,0,0,0,0,0,0,0,0,0,0,0.0,0.0,0.0,Rental,Cab,0,0,False,True,False,,,,,,
b_2,0,0,0,0,0,0,0,0,0,0,0,0,0.0,0.0,0.0,InterCity,All,0,0,False,False,False,,,,,,
b_2,0,0,0,0,0,0,0,0,0,0,0,0,0.0,0.0,0.0,InterCity,Auto,0,0,False,False,True,,,,,,
b_2,0,0,0,0,0,0,0,0,0,0,0,0,0.0,0.0,0.0,InterCity,Bike,0,0,True,False,False,,,,,,
b_2,0,0,0,0,0,0,0,0,0,0,0,0,0.0,0.0,0.0,InterCity,Cab,0,0,False,True,False,,,,,,
b_2,91,91,42,25,0,0,0,0,0,0,0,0,0.0,0.0,0.0,OneWay,All,0,0,False,False,False,1.0,0.4615,0.5952,0.0,0.0,
b_2,0,0,0,0,12,0,8,12,4,2,2,1934,73.851,9.2314,241.75,OneWay,Auto,21,12,False,False,True,,,,,,0.3333
b_2,0,0,0,0,0,0,0,0,0,0,0,0,0.0,0.0,0.0,OneWay,Bike,0,0,True,False,False,,,,,,
b_2,0,0,0,0,13,1,6,13,6,4,2,3434,147.47,24.5783,572.3333,OneWay,Cab,22,13,False,True,False,,,,,,0.4615
b_2,1,1,1,1,0,0,0,0,0,0,0,0,0.0,0.0,0.0,Rental,All,0,0,False,False,False,1.0,1.0,1.0,0.0,0.0,
b_2,0,0,0,0,0,0,0,0,0,0,0,0,0.0,0.0,0.0,Rental,Auto,1,1,False,False,True,,,,,,
b_2,0,0,0,0,0,0,0,0,0,0,0,0,0.0,0.0,0.0,Rental,Bike,0,0,True,False,False,,,,,,
b_2,0,0,0,0,0,0,0,0,0,0,0,0,0.0,0.0,0.0,Rental,Cab,1,1,False,True,False,,,,,,
b_20,0,0,0,0,0,0,0,0,0,0,0,0,0.0,0.0,0.0,InterCity,All,0,0,False,False,False,,,,,,
b_20,0,0,0,0,0,0,0,0,0,0,0,0,0.0,0.0,0.0,InterCity,Auto,0,0,False,False,True,,,,,,
b_20,0,0,0,0,0,0,0,0,0,0,0,0,0.0,0.0,0.0,InterCity,Bike,0,0,True,False,False,,,,,,
b_20,0,0,0,0,0,0,0,0,0,0,0,0,0.0,0.0,0.0,InterCity,Cab,0,0,False,True,False,,,,,,
b_20,10,10,5,3,0,0,0,0,0,0,0,0,0.0,0.0,0.0,OneWay,All,0,0,False,False,False,1.0,0.5,0.6,0.0,0.0,
b_20,0,0,0,0,1,0,1,1,0,0,0,263,14.067,14.067,263.0,OneWay,Auto,2,1,False,False,True,,,,,,0.0
b_20,0,0,0,0,0,0,0,0,0,0,0,0,0.0,0.0,0.0,OneWay,Bike,0,0,True,False,False,,,,,,
b_20,0,0,0,0,2,0,1,2,1,1,0,338,15.272,15.272,338.0,OneWay,Cab,3,2,False,True,False,,,,,,0.5
b_20,0,0,0,0,0,0,0,0,0,0,0,0,0.0,0.0,0.0,Rental,All,0,0,False,False,False,,,,,,
b_20,0,0,0,0,0,0,0,0,0,0,0,0,0.0,0.0,0.0,Rental,Auto,0,0,False,False,True,,,,,,
b_20,0,0,0,0,0,0,0,0,0,0,0,0,0.0,0.0,0.0,Rental,Bike,0,0,True,False,False,,,,,,
b_20,0,0,0,0,0,0,0,0,0,0,0,0,0.0,0.0,0.0,Rental,Cab,0,0,False,True,False,,,,,,
b_200,0,0,0,0,0,0,0,0,0,0,0,0,0.0,0.0,0.0,InterCity,All,0,0,False,False,False,,,,,,
b_200,0,0,0,0,0,0,0,0,0,0,0,0,0.0,0.0,0.0,InterCity,Auto,0,0,False,False,True,,,,,,
b_200,0,0,0,0,0,0,0,0,0,0,0,0,0.0,0.0,0.0,InterCity,Bike,0,0,True,False,False,,,,,,
b_200,0,0,0,0,0,0,0,0,0,0,0,0,0.0,0.0,0.0,InterCity,Cab,0,0,False,True,False,,,,,,
b_200,25,25,15,8,0,0,0,0,0,0,0,0,0.0,0.0,0.0,OneWay,All,0,0,False,False,False,1.0,0.6,0.5333,0.0,0.0,
b_200,0,0,0,0,4,0,3,4,1,0,1,458,19.564,6.5213,152.6667,OneWay,Auto,9,4,False,False,True,,,,,,0.25
b_200,0,0,0,0,0,0,0,0,0,0,0,0,0.0,0.0,0.0,OneWay,Bike,0,0,True,False,False,,,,,,
b_200,0,0,0,0,4,0,1,4,3,0,3,266,11.123,11.123,266.0,OneWay,Cab,7,4,False,True,False,,,,,,0.75
b_200,0,0,0,0,0,0,0,0,0,0,0,0,0.0,0.0,0.0,Rental,All,0,0,False,False,False,,,,,,
b_200,0,0,0,0,0,0,0,0,0,0,0,0,0.0,0.0,0.0,Rental,Auto,0,0,False,False,True,,,,,,
b_200,0,0,0,0,0,0,0,0,0,0,0,0,0.0,0.0,0.0,Rental,Bike,0,0,True,False,False,,,,,,
b_200,0,0,0,0,0,0,0,0,0,0,0,0,0.0,0.0,0.0,Rental,Cab,0,0,False,True,False,,,,,,
b_201,0,0,0,0,0,0,0,0,0,0,0,0,0.0,0.0,0.0,InterCity,All,0,0,False,False,False,,,,,,
b_201,0,0,0,0,0,0,0,0,0,0,0,0,0.0,0.0,0.0,InterCity,Auto,0,0,False,False,True,,,,,,
b_201,0,0,0,0,0,0,0,0,0,0,0,0,0.0,0.0,0.0,InterCity,Bike,0,0,True,False,False,,,,,,
b_201,0,0,0,0,0,0,0,0,0,0,0,0,0.0,0.0,0.0,InterCity,Cab,0,0,False,True,False,,,,,,
b_201,28,28,16,14,0,0,0,0,0,0,0,0,0.0,0.0,0.0,OneWay,All,0,0,False,False,False,1.0,0.5714,0.875,0.0,0.0,
b_201,0,0,0,0,12,0,6,12,6,2,4,953,37.63,6.2717,158.8333,OneWay,Auto,14,12,False,False,True,,,,,,0.5
b_201,0,0,0,0,0,0,0,0,0,0,0,0,0.0,0.0,0.0,OneWay,Bike,0,0,True,False,False,,,,,,
b_201,0,0,0,0,2,0,2,2,0,0,0,604,27.076,13.538,302.0,OneWay,Cab,2,2,False,True,False,,,,,,0.0
b_201,1,1,1,1,0,0,0,0,0,0,0,0,0.0,0.0,0.0,Rental,All,0,0,False,False,False,1.0,1.0,1.0,0.0,0.0,
b_201,0,0,0,0,0,0,0,0,0,0,0,0,0.0,0.0,0.0,Rental,Auto,1,1,False,False,True,,,,,,
b_201,0,0,0,0,0,0,0,0,0,0,0,0,0.0,0.0,0.0,Rental,Bike,0,0,True,False,False,,,,,,
b_201,0,0,0,0,0,0,0,0,0,0,0,0,0.0,0.0,0.0,Rental,Cab,1,1,False,True,False,,,,,,
b_202,0,0,0,0,0,0,0,0,0,0,0,0,0.0,0.0,0.0,InterCity,All,0,0,False,False,False,,,,,,
b_202,0,0,0,0,0,0,0,0,0,0,0,0,0.0,0.0,0.0,InterCity,Auto,0,0,False,False,True,,,,,,
b_202,0,0,0,0,0,0,0,0,0,0,0,0,0.0,0.0,0.0,InterCity,Bike,0,0,True,False,False,,,,,,
b_202,0,0,0,0,0,0,0,0,0,0,0,0,0.0,0.0,0.0,InterCity,Cab,0,0,False,True,False,,,,,,
b_202,31,31,16,11,0,0,0,0,0,0,0,0,0.0,0.0,0.0,OneWay,All,0,0,False,False,False,1.0,0.5161,0.6875,0.0,0.0,
b_202,0,0,0,0,9,1,3,9,3,0,3,480,22.293,7.431,160.0,OneWay,Auto,14,9,False,False,True,,,,,,0.3333
b_202,0,0,0,0,0,0,0,0,0,0,0,0,0.0,0.0,0.0,OneWay,Bike,0,0,True,False,False,,,,,,
b_202,0,0,0,0,2,0,1,2,1,1,0,268,9.836,9.836,268.0,OneWay,Cab,2,2,False,True,False,,,,,,0.5
b_202,0,0,0,0,0,0,0,0,0,0,0,0,0.0,0.0,0.0,Rental,All,0,0,False,False,False,,,,,,
b_202,0,0,0,0,0,0,0,0,0,0,0,0,0.0,0.0,0.0,Rental,Auto,0,0,False,False,True,,,,,,
b_202,0,0,0,0,0,0,0,0,0,0,0,0,0.0,0.0,0.0,Rental,Bike,0,0,True,False,False,,,,,,
b_202,0,0,0,0,0,0,0,0,0,0,0,0,0.0,0.0,0.0,Rental,Cab,0,0,False,True,False,,,,,,
b_203,0,0,0,0,0,0,0,0,0,0,0,0,0.0,0.0,0.0,InterCity,All,0,0,False,False,False,,,,,,
b_203,0,0,0,0,0,0,0,0,0,0,0,0,0.0,0.0,0.0,InterCity,Auto,0,0,False,False,True,,,,,,
b_203,0,0,0,0,0,0,0,0,0,0,0,0,0.0,0.0,0.0,InterCity,Bike,0,0,True,False,False,,,,,,
b_203,0,0,0,0,0,0,0,0,0,0,0,0,0.0,0.0,0.0,InterCity,Cab,0,0,False,True,False,,,,,,
b_203,9,9,6,4,0,0,0,0,0,0,0,0,0.0,0.0,0.0,OneWay,All,0,0,False,False,False,1.0,0.6667,0.6667,0.0,0.0,
b_203,0,0,0,0,2,1,1,2,0,0,0,66,3.114,3.114,66.0,OneWay,Auto,4,2,False,False,True,,,,,,0.0
b_203,0,0,0,0,0,0,0,0,0,0,0,0,0.0,0.0,0.0,OneWay,Bike,0,0,True,False,False,,,,,,
b_203,0,0,0,0,2,0,2,2,0,0,0,293,11.666,5.833,146.5,OneWay,Cab,2,2,False,True,False,,,,,,0.0
b_203,0,0,0,0,0,0,0,0,0,0,0,0,0.0,0.0,0.0,Rental,All,0,0,False,False,False,,,,,,
b_203,0,0,0,0,0,0,0,0,0,0,0,0,0.0,0.0,0.0,Rental,Auto,0,0,False,False,True,,,,,,
b_203,0,0,0,0,0,0,0,0,0,0,0,0,0.0,0.0,0.0,Rental,Bike,0,0,True,False,False,,,,,,
b_203,0,0,0,0,0,0,0,0,0,0,0,0,0.0,0.0,0.0,Rental,Cab,0,0,False,True,False,,,,,,
b_204,0,0,0,0,0,0,0,0,0,0,0,0,0.0,0.0,0.0,InterCity,All,0,0,False,False,False,,,,,,
b_204,0,0,0,0,0,0,0,0,0,0,0,0,0.0,0.0,0.0,InterCity,Auto,0,0,False,False,True,,,,,,
b_204,0,0,0,0,0,0,0,0,0,0,0,0,0.0,0.0,0.0,InterCity,Bike,0,0,True,False,False,,,,,,
b_204,0,0,0,0,0,0,0,0,0,0,0,0,0.0,0.0,0.0,InterCity,Cab,0,0,False,True,False,,,,,,
b_204,30,30,24,18,0,0,0,0,0,0,0,0,0.0,0.0,0.0,OneWay,All,0,0,False,False,False,1.0,0.8,0.75,0.0,0.0,
b_204,0,0,0,0,17,1,8,17,8,4,4,1147,49.297,6.1621,143.375,OneWay,Auto,22,17,False,False,True,,,,,,0.4706
b_204,0,0,0,0,0,0,0,0,0,0,0,0,0.0,0.0,0.0,OneWay,Bike,0,0,True,False,False,,,,,,
b_204,0,0,0,0,1,0,1,1,0,0,0,837,42.53,42.53,837.0,OneWay,Cab,2,1,False,True,False,,,,,,0.0
b_204,0,0,0,0,0,0,0,0,0,0,0,0,0.0,0.0,0.0,Rental,All,0,0,False,False,False,,,,,,
b_204,0,0,0,0,0,0,0,0,0,0,0,0,0.0,0.0,0.0,Rental,Auto,0,0,False,False,True,,,,,,
b_204,0,0,0,0,0,0,0,0,0,0,0,0,0.0,0.0,0.0,Rental,Bike,0,0,True,False,False,,,,,,
b_204,0,0,0,0,0,0,0,0,0,0,0,0,0.0,0.0,0.0,Rental,Cab,0,0,False,True,False,,,,,,
b_205,0,0,0,0,0,0,0,0,0,0,0,0,0.0,0.0,0.0,InterCity,All,0,0,False,False,False,,,,,,
b_205,0,0,0,0,0,0,0,0,0,0,0,0,0.0,0.0,0.0,InterCity,Auto,0,0,False,False,True,,,,,,
b_205,0,0,0,0,0,0,0,0,0,0,0,0,0.0,0.0,0.0,InterCity,Bike,0,0,True,False,False,,,,,,
b_205,0,0,0,0,0,0,0,0,0,0,0,0,0.0,0.0,0.0,InterCity,Cab,0,0,False,True,False,,,,,,
b_205,17,17,7,4,0,0,0,0,0,0,0,0,0.0,0.0,0.0,OneWay,All,0,0,False,False,False,1.0,0.4118,0.5714,0.0,0.0,
b_205,0,0,0,0,4,1,2,4,1,0,1,252,12.879,6.4395,126.0,OneWay,Auto,7,4,False,False,True,,,,,,0.25
b_205,0,0,0,0,0,0,0,0,0,0,0,0,0.0,0.0,0.0,OneWay,Bike,0,0,True,False,False,,,,,,
b_205,0,0,0,0,0,0,0,0,0,0,0,0,0.0,0.0,0.0,OneWay,Cab,0,0,False,True,False,,,,,,
b_205,0,0,0,0,0,0,0,0,0,0,0,0,0.0,0.0,0.0,Rental,All,0,0,False,False,False,,,,,,
b_205,0,0,0,0,0,0,0,0,0,0,0,0,0.0,0.0,0.0,Rental,Auto,0,0,False,False,True,,,,,,
b_205,0,0,0,0,0,0,0,0,0,0,0,0,0.0,0.0,0.0,Rental,Bike,0,0,True,False,False,,,,,,
b_205,0,0,0,0,0,0,0,0,0,0,0,0,0.0,0.0,0.0,Rental,Cab,0,0,False,True,False,,,,,,
b_206,0,0,0,0,0,0,0,0,0,0,0,0,0.0,0.0,0.0,InterCity,All,0,0,False,False,False,,,,,,
b_206,0,0,0,0,0,0,0,0,0,0,0,0,0.0,0.0,0.0,InterCity,Auto,0,0,False,False,True,,,,,,
b_206,0,0,0,0,0,0,0,0,0,0,0,0,0.0,0.0,0.0,InterCity,Bike,0,0,True,False,False,,,,,,
b_206,0,0,0,0,0,0,0,0,0,0,0,0,0.0,0.0,0.0,InterCity,Cab,0,0,False,True,False,,,,,,
b_206,33,33,14,7,0,0,0,0,0,0,0,0,0.0,0.0,0.0,OneWay,All,0,0,False,False,False,1.0,0.4242,0.5,0.0,0.0,
b_206,0,0,0,0,4,2,1,4,1,0,1,55,2.5,2.5,55.0,OneWay,Auto,11,4,False,False,True,,,,,,0.25
b_206,0,0,0,0,0,0,0,0,0,0,0,0,0.0,0.0,0.0,OneWay,Bike,0,0,True,False,False,,,,,,
b_206,0,0,0,0,3,1,1,3,1,0,1,116,2.184,2.184,116.0,OneWay,Cab,3,3,False,True,False,,,,,,0.3333
b_206,0,0,0,0,0,0,0,0,0,0,0,0,0.0,0.0,0.0,Rental,All,0,0,False,False,False,,,,,,
b_206,0,0,0,0,0,0,0,0,0,0,0,0,0.0,0.0,0.0,Rental,Auto,0,0,False,False,True,,,,,,
b_206,0,0,0,0,0,0,0,0,0,0,0,0,0.0,0.0,0.0,Rental,Bike,0,0,True,False,False,,,,,,
b_206,0,0,0,0,0,0,0,0,0,0,0,0,0.0,0.0,0.0,Rental,Cab,0,0,False,True,False,,,,,,
b_207,0,0,0,0,0,0,0,0,0,0,0,0,0.0,0.0,0.0,InterCity,All,0,0,False,False,False,,,,,,
b_207,0,0,0,0,0,0,0,0,0,0,0,0,0.0,0.0,0.0,InterCity,Auto,0,0,False,False,True,,,,,,
b_207,0,0,0,0,0,0,0,0,0,0,0,0,0.0,0.0,0.0,InterCity,Bike,0,0,True,False,False,,,,,,
b_207,0,0,0,0,0,0,0,0,0,0,0,0,0.0,0.0,0.0,InterCity,Cab,0,0,False,True,False,,,,,,
b_207,14,14,8,7,0,0,0,0,0,0,0,0,0.0,0.0,0.0,OneWay,All,0,0,False,False,False,1.0,0.5714,0.875,0.0,0.0,
b_207,0,0,0,0,5,0,5,5,0,0,0,876,36.751,7.3502,175.2,OneWay,Auto,5,5,False,False,True,,,,,,0.0
b_207,0,0,0,0,0,0,0,0,0,0,0,0,0.0,0.0,0.0,OneWay,Bike,0,0,True,False,False,,,,,,
b_207,0,0,0,0,2,0,2,2,0,0,0,418,15.783,7.8915,209.0,OneWay,Cab,3,2,False,True,False,,,,,,0.0
b_207,0,0,0,0,0,0,0,0,0,0,0,0,0.0,0.0,0.0,Rental,All,0,0,False,False,False,,,,,,
b_207,0,0,0,0,0,0,0,0,0,0,0,0,0.0,0.0,0.0,Rental,Auto,0,0,False,False,True,,,,,,
b_207,0,0,0,0,0,0,0,0,0,0,0,0,0.0,0.0,0.0,Rental,Bike,0,0,True,False,False,,,,,,
b_207,0,0,0,0,0,0,0,0,0,0,0,0,0.0,0.0,0.0,Rental,Cab,0,0,False,True,False,,,,,,
b_208,0,0,0,0,0,0,0,0,0,0,0,0,0.0,0.0,0.0,InterCity,All,0,0,False,False,False,,,,,,
b_208,0,0,0,0,0,0,0,0,0,0,0,0,0.0,0.0,0.0,InterCity,Auto,0,0,False,False,True,,,,,,
b_208,0,0,0,0,0,0,0,0,0,0,0,0,0.0,0.0,0.0,InterCity,Bike,0,0,True,False,False,,,,,,
b_208,0,0,0,0,0,0,0,0,0,0,0,0,0.0,0.0,0.0,InterCity,Cab,0,0,False,True,False,,,,,,
b_208,10,10,8,5,0,0,0,0,0,0,0,0,0.0,0.0,0.0,OneWay,All,0,0,False,False,False,1.0,0.8,0.625,0.0,0.0,
b_208,0,0,0,0,2,0,2,2,0,0,0,399,16.456,8.228,199.5,OneWay,Auto,2,2,False,False,True,,,,,,0.0
b_208,0,0,0,0,0,0,0,0,0,0,0,0,0.0,0.0,0.0,OneWay,Bike,0,0,True,False,False,,,,,,
b_208,0,0,0,0,3,0,2,3,1,1,0,561,22.589,11.2945,280.5,OneWay,Cab,6,3,False,True,False,,,,,,0.3333
b_208,0,0,0,0,0,0,0,0,0,0,0,0,0.0,0.0,0.0,Rental,All,0,0,False,False,False,,,,,,
b_208,0,0,0,0,0,0,0,0,0,0,0,0,0.0,0.0,0.0,Rental,Auto,0,0,False,False,True,,,,,,
b_208,0,0,0,0,0,0,0,0,0,0,0,0,0.0,0.0,0.0,Rental,Bike,0,0,True,False,False,,,,,,
b_208,0,0,0,0,0,0,0,0,0,0,0,0,0.0,0.0,0.0,Rental,Cab,0,0,False,True,False,,,,,,
b_209,0,0,0,0,0,0,0,0,0,0,0,0,0.0,0.0,0.0,InterCity,All,0,0,False,False,False,,,,,,
b_209,0,0,0,0,0,0,0,0,0,0,0,0,0.0,0.0,0.0,InterCity,Auto,0,0,False,False,True,,,,,,
b_209,0,0,0,0,0,0,0,0,0,0,0,0,0.0,0.0,0.0,InterCity,Bike,0,0,True,False,False,,,,,,
b_209,0,0,0,0,0,0,0,0,0,0,0,0,0.0,0.0,0.0,InterCity,Cab,0,0,False,True,False,,,,,,
b_209,16,16,7,4,0,0,0,0,0,0,0,0,0.0,0.0,0.0,OneWay,All,0,0,False,False,False,1.0,0.4375,0.5714,0.0,0.0,
b_209,0,0,0,0,3,0,2,3,1,0,1,136,6.051,3.0255,68.0,OneWay,Auto,4,3,False,False,True,,,,,,0.3333
b_209,0,0,0,0,0,0,0,0,0,0,0,0,0.0,0.0,0.0,OneWay,Bike,0,0,True,False,False,,,,,,
b_209,0,0,0,0,1,0,1,1,0,0,0,379,16.227,16.227,379.0,OneWay,Cab,3,1,False,True,False,,,,,,0.0
b_209,0,0,0,0,0,0,0,0,0,0,0,0,0.0,0.0,0.0,Rental,All,0,0,False,False,False,,,,,,
b_209,0,0,0,0,0,0,0,0,0,0,0,0,0.0,0.0,0.0,Rental,Auto,0,0,False,False,True,,,,,,
b_209,0,0,0,0,0,0,0,0,0,0,0,0,0.0,0.0,0.0,Rental,Bike,0,0,True,False,False,,,,,,
b_209,0,0,0,0,0,0,0,0,0,0,0,0,0.0,0.0,0.0,Rental,Cab,0,0,False,True,False,,,,,,
b_21,0,0,0,0,0,0,0,0,0,0,0,0,0.0,0.0,0.0,InterCity,All,0,0,False,False,False,,,,,,
b_21,0,0,0,0,0,0,0,0,0,0,0,0,0.0,0.0,0.0,InterCity,Auto,0,0,False,False,True,,,,,,
b_21,0,0,0,0,0,0,0,0,0,0,0,0,0.0,0.0,0.0,InterCity,Bike,0,0,True,False,False,,,,,,
b_21,0,0,0,0,0,0,0,0,0,0,0,0,0.0,0.0,0.0,InterCity,Cab,0,0,False,True,False,,,,,,
b_21,62,62,26,20,0,0,0,0,0,0,0,0,0.0,0.0,0.0,OneWay,All,0,0,False,False,False,1.0,0.4194,0.7692,0.0,0.0,
b_21,0,0,0,0,18,1,7,18,9,5,4,890,38.76,5.5371,127.1429,OneWay,Auto,23,18,False,False,True,,,,,,0.5
b_21,0,0,0,0,0,0,0,0,0,0,0,0,0.0,0.0,0.0,OneWay,Bike,0,0,True,False,False,,,,,,
b_21,0,0,0,0,2,1,1,2,0,0,0,721,34.666,34.666,721.0,OneWay,Cab,3,2,False,True,False,,,,,,0.0
b_21,0,0,0,0,0,0,0,0,0,0,0,0,0.0,0.0,0.0,Rental,All,0,0,False,False,False,,,,,,
b_21,0,0,0,0,0,0,0,0,0,0,0,0,0.0,0.0,0.0,Rental,Auto,0,0,False,False,True,,,,,,
b_21,0,0,0,0,0,0,0,0,0,0,0,0,0.0,0.0,0.0,Rental,Bike,0,0,True,False,False,,,,,,
b_21,0,0,0,0,0,0,0,0,0,0,0,0,0.0,0.0,0.0,Rental,Cab,0,0,False,True,False,,,,,,
b_210,2,2,2,2,0,0,0,0,0,0,0,0,0.0,0.0,0.0,InterCity,All,0,0,False,False,False,1.0,1.0,1.0,0.0,0.0,
b_210,0,0,0,0,0,0,0,0,0,0,0,0,0.0,0.0,0.0,InterCity,Auto,0,0,False,False,True,,,,,,
b_210,0,0,0,0,0,0,0,0,0,0,0,0,0.0,0.0,0.0,InterCity,Bike,0,0,True,False,False,,,,,,
b_210,0,0,0,0,1,0,0,1,0,0,0,0,0.0,0.0,0.0,InterCity,Cab,2,1,False,True,False,,,,,,0.0
b_210,24,24,19,13,0,0,0,0,0,0,0,0,0.0,0.0,0.0,OneWay,All,0,0,False,False,False,1.0,0.7917,0.6842,0.0,0.0,
b_210,0,0,0,0,7,0,5,7,2,0,2,689,24.305,4.861,137.8,OneWay,Auto,10,7,False,False,True,,,,,,0.2857
b_210,0,0,0,0,0,0,0,0,0,0,0,0,0.0,0.0,0.0,OneWay,Bike,0,0,True,False,False,,,,,,
b_210,0,0,0,0,6,0,3,6,2,0,2,1499,65.391,21.797,499.6667,OneWay,Cab,9,6,False,True,False,,,,,,0.3333
b_210,0,0,0,0,0,0,0,0,0,0,0,0,0.0,0.0,0.0,Rental,All,0,0,False,False,False,,,,,,
b_210,0,0,0,0,0,0,0,0,0,0,0,0,0.0,0.0,0.0,Rental,Auto,0,0,False,False,True,,,,,,
b_210,0,0,0,0,0,0,0,0,0,0,0,0,0.0,0.0,0.0,Rental,Bike,0,0,True,False,False,,,,,,
b_210,0,0,0,0,0,0,0,0,0,0,0,0,0.0,0.0,0.0,Rental,Cab,0,0,False,True,False,,,,,,
b_211,0,0,0,0,0,0,0,0,0,0,0,0,0.0,0.0,0.0,InterCity,All,0,0,False,False,False,,,,,,
b_211,0,0,0,0,0,0,0,0,0,0,0,0,0.0,0.0,0.0,InterCity,Auto,0,0,False,False,True,,,,,,
b_211,0,0,0,0,0,0,0,0,0,0,0,0,0.0,0.0,0.0,InterCity,Bike,0,0,True,False,False,,,,,,
b_211,0,0,0,0,0,0,0,0,0,0,0,0,0.0,0.0,0.0,InterCity,Cab,0,0,False,True,False,,,,,,
b_211,47,47,31,14,0,0,0,0,0,0,0,0,0.0,0.0,0.0,OneWay,All,0,0,False,False,False,1.0,0.6596,0.4516,0.0,0.0,
b_211,0,0,0,0,13,3,6,13,4,2,2,643,25.609,4.2682,107.1667,OneWay,Auto,25,13,False,False,True,,,,,,0.3077
b_211,0,0,0,0,0,0,0,0,0,0,0,0,0.0,0.0,0.0,OneWay,Bike,0,0,True,False,False,,,,,,
b_211,0,0,0,0,1,0,0,1,1,0,1,0,0.0,0.0,0.0,OneWay,Cab,8,1,False,True,False,,,,,,1.0
b_211,0,0,0,0,0,0,0,0,0,0,0,0,0.0,0.0,0.0,Rental,All,0,0,False,False,False,,,,,,
b_211,0,0,0,0,0,0,0,0,0,0,0,0,0.0,0.0,0.0,Rental,Auto,0,0,False,False,True,,,,,,
b_211,0,0,0,0,0,0,0,0,0,0,0,0,0.0,0.0,0.0,Rental,Bike,0,0,True,False,False,,,,,,
b_211,0,0,0,0,0,0,0,0,0,0,0,0,0.0,0.0,0.0,Rental,Cab,0,0,False,True,False,,,,,,
b_212,0,0,0,0,0,0,0,0,0,0,0,0,0.0,0.0,0.0,InterCity,All,0,0,False,False,False,,,,,,
b_212,0,0,0,0,0,0,0,0,0,0,0,0,0.0,0.0,0.0,InterCity,Auto,0,0,False,False,True,,,,,,
b_212,0,0,0,0,0,0,0,0,0,0,0,0,0.0,0.0,0.0,InterCity,Bike,0,0,True,False,False,,,,,,
b_212,0,0,0,0,0,0,0,0,0,0,0,0,0.0,0.0,0.0,InterCity,Cab,0,0,False,True,False,,,,,,
b_212,30,30,14,6,0,0,0,0,0,0,0,0,0.0,0.0,0.0,OneWay,All,0,0,False,False,False,1.0,0.4667,0.4286,0.0,0.0,
b_212,0,0,0,0,5,1,2,5,2,1,1,127,5.397,2.6985,63.5,OneWay,Auto,11,5,False,False,True,,,,,,0.4
b_212,0,0,0,0,0,0,0,0,0,0,0,0,0.0,0.0,0.0,OneWay,Bike,0,0,True,False,False,,,,,,
b_212,0,0,0,0,1,1,0,1,0,0,0,0,0.0,0.0,0.0,OneWay,Cab,3,1,False,True,False,,,,,,0.0
b_212,0,0,0,0,0,0,0,0,0,0,0,0,0.0,0.0,0.0,Rental,All,0,0,False,False,False,,,,,,
b_212,0,0,0,0,0,0,0,0,0,0,0,0,0.0,0.0,0.0,Rental,Auto,0,0,False,False,True,,,,,,
b_212,0,0,0,0,0,0,0,0,0,0,0,0,0.0,0.0,0.0,Rental,Bike,0,0,True,False,False,,,,,,
b_212,0,0,0,0,0,0,0,0,0,0,0,0,0.0,0.0,0.0,Rental,Cab,0,0,False,True,False,,,,,,
b_213,0,0,0,0,0,0,0,0,0,0,0,0,0.0,0.0,0.0,InterCity,All,0,0,False,False,False,,,,,,
b_213,0,0,0,0,0,0,0,0,0,0,0,0,0.0,0.0,0.0,InterCity,Auto,0,0,False,False,True,,,,,,
b_213,0,0,0,0,0,0,0,0,0,0,0,0,0.0,0.0,0.0,InterCity,Bike,0,0,True,False,False,,,,,,
b_213,0,0,0,0,0,0,0,0,0,0,0,0,0.0,0.0,0.0,InterCity,Cab,0,0,False,True,False,,,,,,
b_213,18,18,15,8,0,0,0,0,0,0,0,0,0.0,0.0,0.0,OneWay,All,0,0,False,False,False,1.0,0.8333,0.5333,0.0,0.0,
b_213,0,0,0,0,8,1,5,8,2,2,0,647,28.375,5.675,129.4,OneWay,Auto,15,8,False,False,True,,,,,,0.25
b_213,0,0,0,0,0,0,0,0,0,0,0,0,0.0,0.0,0.0,OneWay,Bike,0,0,True,False,False,,,,,,
b_213,0,0,0,0,0,0,0,0,0,0,0,0,0.0,0.0,0.0,OneWay,Cab,0,0,False,True,False,,,,,,
b_213,0,0,0,0,0,0,0,0,0,0,0,0,0.0,0.0,0.0,Rental,All,0,0,False,False,False,,,,,,
b_213,0,0,0,0,0,0,0,0,0,0,0,0,0.0,0.0,0.0,Rental,Auto,0,0,False,False,True,,,,,,
b_213,0,0,0,0,0,0,0,0,0,0,0,0,0.0,0.0,0.0,Rental,Bike,0,0,True,False,False,,,,,,
b_213,0,0,0,0,0,0,0,0,0,0,0,0,0.0,0.0,0.0,Rental,Cab,0,0,False,True,False,,,,,,
b_214,1,1,1,1,0,0,0,0,0,0,0,0,0.0,0.0,0.0,InterCity,All,0,0,False,False,False,1.0,1.0,1.0,0.0,0.0,
b_214,0,0,0,0,0,0,0,0,0,0,0,0,0.0,0.0,0.0,InterCity,Auto,0,0,False,False,True,,,,,,
b_214,0,0,0,0,0,0,0,0,0,0,0,0,0.0,0.0,0.0,InterCity,Bike,0,0,True,False,False,,,,,,
b_214,0,0,0,0,0,0,0,0,0,0,0,0,0.0,0.0,0.0,InterCity,Cab,1,1,False,True,False,,,,,,
b_214,15,15,10,8,0,0,0,0,0,0,0,0,0.0,0.0,0.0,OneWay,All,0,0,False,False,False,1.0,0.6667,0.8,0.0,0.0,
b_214,0,0,0,0,8,0,7,8,1,0,1,803,30.614,4.3734,114.7143,OneWay,Auto,9,8,False,False,True,,,,,,0.125
b_214,0,0,0,0,0,0,0,0,0,0,0,0,0.0,0.0,0.0,OneWay,Bike,0,0,True,False,False,,,,,,
b_214,0,0,0,0,0,0,0,0,0,0,0,0,0.0,0.0,0.0,OneWay,Cab,1,0,False,True,False,,,,,,
b_214,0,0,0,0,0,0,0,0,0,0,0,0,0.0,0.0,0.0,Rental,All,0,0,False,False,False,,,,,,
b_214,0,0,0,0,0,0,0,0,0,0,0,0,0.0,0.0,0.0,Rental,Auto,0,0,False,False,True,,,,,,
b_214,0,0,0,0,0,0,0,0,0,0,0,0,0.0,0.0,0.0,Rental,Bike,0,0,True,False,False,,,,,,
b_214,0,0,0,0,0,0,0,0,0,0,0,0,0.0,0.0,0.0,Rental,Cab,0,0,False,True,False,,,,,,
b_215,1,1,1,1,0,0,0,0,0,0,0,0,0.0,0.0,0.0,InterCity,All,0,0,False,False,False,1.0,1.0,1.0,0.0,0.0,
b_215,0,0,0,0,0,0,0,0,0,0,0,0,0.0,0.0,0.0,InterCity,Auto,0,0,False,False,True,,,,,,
b_215,0,0,0,0,0,0,0,0,0,0,0,0,0.0,0.0,0.0,InterCity,Bike,0,0,True,False,False,,,,,,
b_215,0,0,0,0,0,0,0,0,0,0,0,0,0.0,0.0,0.0,InterCity,Cab,1,1,False,True,False,,,,,,
b_215,27,27,15,14,0,0,0,0,0,0,0,0,0.0,0.0,0.0,OneWay,All,0,0,False,False,False,1.0,0.5556,0.9333,0.0,0.0,
b_215,0,0,0,0,11,1,7,11,3,2,1,997,45.927,6.561,142.4286,OneWay,Auto,13,12,False,False,True,,,,,,0.2727
b_215,0,0,0,0,0,0,0,0,0,0,0,0,0.0,0.0,0.0,OneWay,Bike,0,0,True,False,False,,,,,,
b_215,0,0,0,0,2,0,1,2,1,1,0,830,42.254,42.254,830.0,OneWay,Cab,2,2,False,True,False,,,,,,0.5
b_215,0,0,0,0,0,0,0,0,0,0,0,0,0.0,0.0,0.0,Rental,All,0,0,False,False,False,,,,,,
b_215,0,0,0,0,0,0,0,0,0,0,0,0,0.0,0.0,0.0,Rental,Auto,0,0,False,False,True,,,,,,
b_215,0,0,0,0,0,0,0,0,0,0,0,0,0.0,0.0,0.0,Rental,Bike,0,0,True,False,False,,,,,,
b_215,0,0,0,0,0,0,0,0,0,0,0,0,0.0,0.0,0.0,Rental,Cab,0,0,False,True,False,,,,,,
b_216,0,0,0,0,0,0,0,0,0,0,0,0,0.0,0.0,0.0,InterCity,All,0,0,False,False,False,,,,,,
b_216,0,0,0,0,0,0,0,0,0,0,0,0,0.0,0.0,0.0,InterCity,Auto,0,0,False,False,True,,,,,,
b_216,0,0,0,0,0,0,0,0,0,0,0,0,0.0,0.0,0.0,InterCity,Bike,0,0,True,False,False,,,,,,
b_216,0,0,0,0,0,0,0,0,0,0,0,0,0.0,0.0,0.0,InterCity,Cab,0,0,False,True,False,,,,,,
b_216,37,37,23,12,0,0,0,0,0,0,0,0,0.0,0.0,0.0,OneWay,All,0,0,False,False,False,1.0,0.6216,0.5217,0.0,0.0,
b_216,0,0,0,0,5,0,1,5,3,1,2,72,2.674,2.674,72.0,OneWay,Auto,7,5,False,False,True,,,,,,0.6
b_216,0,0,0,0,0,0,0,0,0,0,0,0,0.0,0.0,0.0,OneWay,Bike,0,0,True,False,False,,,,,,
b_216,0,0,0,0,7,0,5,7,2,0,2,1611,68.422,13.6844,322.2,OneWay,Cab,16,7,False,True,False,,,,,,0.2857
b_216,0,0,0,0,0,0,0,0,0,0,0,0,0.0,0.0,0.0,Rental,All,0,0,False,False,False,,,,,,
b_216,0,0,0,0,0,0,0,0,0,0,0,0,0.0,0.0,0.0,Rental,Auto,0,0,False,False,True,,,,,,
b_216,0,0,0,0,0,0,0,0,0,0,0,0,0.0,0.0,0.0,Rental,Bike,0,0,True,False,False,,,,,,
b_216,0,0,0,0,0,0,0,0,0,0,0,0,0.0,0.0,0.0,Rental,Cab,0,0,False,True,False,,,,,,
b_217,0,0,0,0,0,0,0,0,0,0,0,0,0.0,0.0,0.0,InterCity,All,0,0,False,False,False,,,,,,
b_217,0,0,0,0,0,0,0,0,0,0,0,0,0.0,0.0,0.0,InterCity,Auto,0,0,False,False,True,,,,,,
b_217,0,0,0,0,0,0,0,0,0,0,0,0,0.0,0.0,0.0,InterCity,Bike,0,0,True,False,False,,,,,,
b_217,0,0,0,0,0,0,0,0,0,0,0,0,0.0,0.0,0.0,InterCity,Cab,0,0,False,True,False,,,,,,
b_217,21,21,15,12,0,0,0,0,0,0,0,0,0.0,0.0,0.0,OneWay,All,0,0,False,False,False,1.0,0.7143,0.8,0.0,0.0,
b_217,0,0,0,0,10,2,3,10,5,1,4,692,32.491,10.8303,230.6667,OneWay,Auto,13,10,False,False,True,,,,,,0.5
b_217,0,0,0,0,0,0,0,0,0,0,0,0,0.0,0.0,0.0,OneWay,Bike,0,0,True,False,False,,,,,,
b_217,0,0,0,0,2,1,1,2,0,0,0,415,15.675,15.675,415.0,OneWay,Cab,2,2,False,True,False,,,,,,0.0
b_217,0,0,0,0,0,0,0,0,0,0,0,0,0.0,0.0,0.0,Rental,All,0,0,False,False,False,,,,,,
b_217,0,0,0,0,0,0,0,0,0,0,0,0,0.0,0.0,0.0,Rental,Auto,0,0,False,False,True,,,,,,
b_217,0,0,0,0,0,0,0,0,0,0,0,0,0.0,0.0,0.0,Rental,Bike,0,0,True,False,False,,,,,,
b_217,0,0,0,0,0,0,0,0,0,0,0,0,0.0,0.0,0.0,Rental,Cab,0,0,False,True,False,,,,,,
b_218,0,0,0,0,0,0,0,0,0,0,0,0,0.0,0.0,0.0,InterCity,All,0,0,False,False,False,,,,,,
b_218,0,0,0,0,0,0,0,0,0,0,0,0,0.0,0.0,0.0,InterCity,Auto,0,0,False,False,True,,,,,,
b_218,0,0,0,0,0,0,0,0,0,0,0,0,0.0,0.0,0.0,InterCity,Bike,0,0,True,False,False,,,,,,
b_218,0,0,0,0,0,0,0,0,0,0,0,0,0.0,0.0,0.0,InterCity,Cab,0,0,False,True,False,,,,,,
b_218,69,69,41,26,0,0,0,0,0,0,0,0,0.0,0.0,0.0,OneWay,All,0,0,False,False,False,1.0,0.5942,0.6341,0.0,0.0,
b_218,0,0,0,0,15,0,13,15,2,2,0,2551,130.876,10.0674,196.2308,OneWay,Auto,27,15,False,False,True,,,,,,0.1333
b_218,0,0,0,0,0,0,0,0,0,0,0,0,0.0,0.0,0.0,OneWay,Bike,0,0,True,False,False,,,,,,
b_218,0,0,0,0,11,0,7,11,4,2,2,2183,82.771,11.8244,311.8571,OneWay,Cab,15,11,False,True,False,,,,,,0.3636
b_218,0,0,0,0,0,0,0,0,0,0,0,0,0.0,0.0,0.0,Rental,All,0,0,False,False,False,,,,,,
b_218,0,0,0,0,0,0,0,0,0,0,0,0,0.0,0.0,0.0,Rental,Auto,0,0,False,False,True,,,,,,
b_218,0,0,0,0,0,0,0,0,0,0,0,0,0.0,0.0,0.0,Rental,Bike,0,0,True,False,False,,,,,,
b_218,0,0,0,0,0,0,0,0,0,0,0,0,0.0,0.0,0.0,Rental,Cab,0,0,False,True,False,,,,,,
b_219,0,0,0,0,0,0,0,0,0,0,0,0,0.0,0.0,0.0,InterCity,All,0,0,False,False,False,,,,,,
b_219,0,0,0,0,0,0,0,0,0,0,0,0,0.0,0.0,0.0,InterCity,Auto,0,0,False,False,True,,,,,,
b_219,0,0,0,0,0,0,0,0,0,0,0,0,0.0,0.0,0.0,InterCity,Bike,0,0,True,False,False,,,,,,
b_219,0,0,0,0,0,0,0,0,0,0,0,0,0.0,0.0,0.0,InterCity,Cab,0,0,False,True,False,,,,,,
b_219,29,29,16,9,0,0,0,0,0,0,0,0,0.0,0.0,0.0,OneWay,All,0,0,False,False,False,1.0,0.5517,0.5625,0.0,0.0,
b_219,0,0,0,0,6,1,4,6,1,0,1,681,33.959,8.4898,170.25,OneWay,Auto,11,6,False,False,True,,,,,,0.1667
b_219,0,0,0,0,0,0,0,0,0,0,0,0,0.0,0.0,0.0,OneWay,Bike,0,0,True,False,False,,,,,,
b_219,0,0,0,0,3,0,3,3,0,0,0,1870,87.058,29.0193,623.3333,OneWay,Cab,5,3,False,True,False,,,,,,0.0
b_219,0,0,0,0,0,0,0,0,0,0,0,0,0.0,0.0,0.0,Rental,All,0,0,False,False,False,,,,,,
b_219,0,0,0,0,0,0,0,0,0,0,0,0,0.0,0.0,0.0,Rental,Auto,0,0,False,False,True,,,,,,
b_219,0,0,0,0,0,0,0,0,0,0,0,0,0.0,0.0,0.0,Rental,Bike,0,0,True,False,False,,,,,,
b_219,0,0,0,0,0,0,0,0,0,0,0,0,0.0,0.0,0.0,Rental,Cab,0,0,False,True,False,,,,,,
b_22,0,0,0,0,0,0,0,0,0,0,0,0,0.0,0.0,0.0,InterCity,All,0,0,False,False,False,,,,,,
b_22,0,0,0,0,0,0,0,0,0,0,0,0,0.0,0.0,0.0,InterCity,Auto,0,0,False,False,True,,,,,,
b_22,0,0,0,0,0,0,0,0,0,0,0,0,0.0,0.0,0.0,InterCity,Bike,0,0,True,False,False,,,,,,
b_22,0,0,0,0,0,0,0,0,0,0,0,0,0.0,0.0,0.0,InterCity,Cab,0,0,False,True,False,,,,,,
b_22,14,14,3,3,0,0,0,0,0,0,0,0,0.0,0.0,0.0,OneWay,All,0,0,False,False,False,1.0,0.2143,1.0,0.0,0.0,
b_22,0,0,0,0,1,0,1,1,0,0,0,53,2.393,2.393,53.0,OneWay,Auto,1,1,False,False,True,,,,,,0.0
b_22,0,0,0,0,0,0,0,0,0,0,0,0,0.0,0.0,0.0,OneWay,Bike,0,0,True,False,False,,,,,,
b_22,0,0,0,0,2,0,0,2,2,0,2,0,0.0,0.0,0.0,OneWay,Cab,2,2,False,True,False,,,,,,1.0
b_22,0,0,0,0,0,0,0,0,0,0,0,0,0.0,0.0,0.0,Rental,All,0,0,False,False,False,,,,,,
b_22,0,0,0,0,0,0,0,0,0,0,0,0,0.0,0.0,0.0,Rental,Auto,0,0,False,False,True,,,,,,
b_22,0,0,0,0,0,0,0,0,0,0,0,0,0.0,0.0,0.0,Rental,Bike,0,0,True,False,False,,,,,,
b_22,0,0,0,0,0,0,0,0,0,0,0,0,0.0,0.0,0.0,Rental,Cab,0,0,False,True,False,,,,,,
b_220,0,0,0,0,0,0,0,0,0,0,0,0,0.0,0.0,0.0,InterCity,All,0,0,False,False,False,,,,,,
b_220,0,0,0,0,0,0,0,0,0,0,0,0,0.0,0.0,0.0,InterCity,Auto,0,0,False,False,True,,,,,,
b_220,0,0,0,0,0,0,0,0,0,0,0,0,0.0,0.0,0.0,InterCity,Bike,0,0,True,False,False,,,,,,
b_220,0,0,0,0,0,0,0,0,0,0,0,0,0.0,0.0,0.0,InterCity,Cab,0,0,False,True,False,,,,,,
b_220,12,12,10,4,0,0,0,0,0,0,0,0,0.0,0.0,0.0,OneWay,All,0,0,False,False,False,1.0,0.8333,0.4,0.0,0.0,
b_220,0,0,0,0,4,0,3,4,1,1,0,547,27.982,9.3273,182.3333,OneWay,Auto,10,4,False,False,True,,,,,,0.25
b_220,0,0,0,0,0,0,0,0,0,0,0,0,0.0,0.0,0.0,OneWay,Bike,0,0,True,False,False,,,,,,
b_220,0,0,0,0,0,0,0,0,0,0,0,0,0.0,0.0,0.0,OneWay,Cab,0,0,False,True,False,,,,,,
b_220,0,0,0,0,0,0,0,0,0,0,0,0,0.0,0.0,0.0,Rental,All,0,0,False,False,False,,,,,,
b_220,0,0,0,0,0,0,0,0,0,0,0,0,0.0,0.0,0.0,Rental,Auto,0,0,False,False,True,,,,,,
b_220,0,0,0,0,0,0,0,0,0,0,0,0,0.0,0.0,0.0,Rental,Bike,0,0,True,False,False,,,,,,
b_220,0,0,0,0,0,0,0,0,0,0,0,0,0.0,0.0,0.0,Rental,Cab,0,0,False,True,False,,,,,,
b_221,0,0,0,0,0,0,0,0,0,0,0,0,0.0,0.0,0.0,InterCity,All,0,0,False,False,False,,,,,,
b_221,0,0,0,0,0,0,0,0,0,0,0,0,0.0,0.0,0.0,InterCity,Auto,0,0,False,False,True,,,,,,
b_221,0,0,0,0,0,0,0,0,0,0,0,0,0.0,0.0,0.0,InterCity,Bike,0,0,True,False,False,,,,,,
b_221,0,0,0,0,0,0,0,0,0,0,0,0,0.0,0.0,0.0,InterCity,Cab,0,0,False,True,False,,,,,,
b_221,61,60,35,27,0,0,0,0,0,0,0,0,0.0,0.0,0.0,OneWay,All,0,0,False,False,False,0.9836,0.5833,0.7714,0.0,0.0,
b_221,0,0,0,0,16,2,12,16,2,2,0,1470,62.059,5.1716,122.5,OneWay,Auto,20,16,False,False,True,,,,,,0.125
b_221,0,0,0,0,0,0,0,0,0,0,0,0,0.0,0.0,0.0,OneWay,Bike,0,0,True,False,False,,,,,,
b_221,0,0,0,0,11,0,8,11,3,2,1,3122,122.856,15.357,390.25,OneWay,Cab,15,11,False,True,False,,,,,,0.2727
b_221,0,0,0,0,0,0,0,0,0,0,0,0,0.0,0.0,0.0,Rental,All,0,0,False,False,False,,,,,,
b_221,0,0,0,0,0,0,0,0,0,0,0,0,0.0,0.0,0.0,Rental,Auto,0,0,False,False,True,,,,,,
b_221,0,0,0,0,0,0,0,0,0,0,0,0,0.0,0.0,0.0,Rental,Bike,0,0,True,False,False,,,,,,
b_221,0,0,0,0,0,0,0,0,0,0,0,0,0.0,0.0,0.0,Rental,Cab,0,0,False,True,False,,,,,,
b_222,0,0,0,0,0,0,0,0,0,0,0,0,0.0,0.0,0.0,InterCity,All,0,0,False,False,False,,,,,,
b_222,0,0,0,0,0,0,0,0,0,0,0,0,0.0,0.0,0.0,InterCity,Auto,0,0,False,False,True,,,,,,
b_222,0,0,0,0,0,0,0,0,0,0,0,0,0.0,0.0,0.0,InterCity,Bike,0,0,True,False,False,,,,,,
b_222,0,0,0,0,0,0,0,0,0,0,0,0,0.0,0.0,0.0,InterCity,Cab,0,0,False,True,False,,,,,,
b_222,48,48,34,24,0,0,0,0,0,0,0,0,0.0,0.0,0.0,OneWay,All,0,0,False,False,False,1.0,0.7083,0.7059,0.0,0.0,
b_222,0,0,0,0,12,1,4,12,5,3,2,770,34.484,8.621,192.5,OneWay,Auto,22,12,False,False,True,,,,,,0.4167
b_222,0,0,0,0,0,0,0,0,0,0,0,0,0.0,0.0,0.0,OneWay,Bike,0,0,True,False,False,,,,,,
b_222,0,0,0,0,12,0,7,12,5,1,4,3096,129.797,18.5424,442.2857,OneWay,Cab,13,12,False,True,False,,,,,,0.4167
b_222,0,0,0,0,0,0,0,0,0,0,0,0,0.0,0.0,0.0,Rental,All,0,0,False,False,False,,,,,,
b_222,0,0,0,0,0,0,0,0,0,0,0,0,0.0,0.0,0.0,Rental,Auto,0,0,False,False,True,,,,,,
b_222,0,0,0,0,0,0,0,0,0,0,0,0,0.0,0.0,0.0,Rental,Bike,0,0,True,False,False,,,,,,
b_222,0,0,0,0,0,0,0,0,0,0,0,0,0.0,0.0,0.0,Rental,Cab,0,0,False,True,False,,,,,,
b_223,0,0,0,0,0,0,0,0,0,0,0,0,0.0,0.0,0.0,InterCity,All,0,0,False,False,False,,,,,,
b_223,0,0,0,0,0,0,0,0,0,0,0,0,0.0,0.0,0.0,InterCity,Auto,0,0,False,False,True,,,,,,
b_223,0,0,0,0,0,0,0,0,0,0,0,0,0.0,0.0,0.0,InterCity,Bike,0,0,True,False,False,,,,,,
b_223,0,0,0,0,0,0,0,0,0,0,0,0,0.0,0.0,0.0,InterCity,Cab,0,0,False,True,False,,,,,,
b_223,39,39,19,10,0,0,0,0,0,0,0,0,0.0,0.0,0.0,OneWay,All,0,0,False,False,False,1.0,0.4872,0.5263,0.0,0.0,
b_223,0,0,0,0,4,0,2,4,1,0,1,352,16.322,8.161,176.0,OneWay,Auto,12,4,False,False,True,,,,,,0.25
b_223,0,0,0,0,0,0,0,0,0,0,0,0,0.0,0.0,0.0,OneWay,Bike,0,0,True,False,False,,,,,,
b_223,0,0,0,0,5,0,3,5,2,1,1,1288,60.828,20.276,429.3333,OneWay,Cab,7,6,False,True,False,,,,,,0.4
b_223,0,0,0,0,0,0,0,0,0,0,0,0,0.0,0.0,0.0,Rental,All,0,0,False,False,False,,,,,,
b_223,0,0,0,0,0,0,0,0,0,0,0,0,0.0,0.0,0.0,Rental,Auto,0,0,False,False,True,,,,,,
b_223,0,0,0,0,0,0,0,0,0,0,0,0,0.0,0.0,0.0,Rental,Bike,0,0,True,False,False,,,,,,
b_223,0,0,0,0,0,0,0,0,0,0,0,0,0.0,0.0,0.0,Rental,Cab,0,0,False,True,False,,,,,,
b_224,0,0,0,0,0,0,0,0,0,0,0,0,0.0,0.0,0.0,InterCity,All,0,0,False,False,False,,,,,,
b_224,0,0,0,0,0,0,0,0,0,0,0,0,0.0,0.0,0.0,InterCity,Auto,0,0,False,False,True,,,,,,
b_224,0,0,0,0,0,0,0,0,0,0,0,0,0.0,0.0,0.0,InterCity,Bike,0,0,True,False,False,,,,,,
b_224,0,0,0,0,0,0,0,0,0,0,0,0,0.0,0.0,0.0,InterCity,Cab,0,0,False,True,False,,,,,,
b_224,29,29,12,8,0,0,0,0,0,0,0,0,0.0,0.0,0.0,OneWay,All,0,0,False,False,False,1.0,0.4138,0.6667,0.0,0.0,
b_224,0,0,0,0,5,1,2,5,1,0,1,456,21.945,10.9725,228.0,OneWay,Auto,5,5,False,False,True,,,,,,0.2
b_224,0,0,0,0,0,0,0,0,0,0,0,0,0.0,0.0,0.0,OneWay,Bike,0,0,True,False,False,,,,,,
b_224,0,0,0,0,3,1,2,3,0,0,0,512,20.54,10.27,256.0,OneWay,Cab,7,3,False,True,False,,,,,,0.0
b_224,0,0,0,0,0,0,0,0,0,0,0,0,0.0,0.0,0.0,Rental,All,0,0,False,False,False,,,,,,
b_224,0,0,0,0,0,0,0,0,0,0,0,0,0.0,0.0,0.0,Rental,Auto,0,0,False,False,True,,,,,,
b_224,0,0,0,0,0,0,0,0,0,0,0,0,0.0,0.0,0.0,Rental,Bike,0,0,True,False,False,,,,,,
b_224,0,0,0,0,0,0,0,0,0,0,0,0,0.0,0.0,0.0,Rental,Cab,0,0,False,True,False,,,,,,
b_225,0,0,0,0,0,0,0,0,0,0,0,0,0.0,0.0,0.0,InterCity,All,0,0,False,False,False,,,,,,
b_225,0,0,0,0,0,0,0,0,0,0,0,0,0.0,0.0,0.0,InterCity,Auto,0,0,False,False,True,,,,,,
b_225,0,0,0,0,0,0,0,0,0,0,0,0,0.0,0.0,0.0,InterCity,Bike,0,0,True,False,False,,,,,,
b_225,0,0,0,0,0,0,0,0,0,0,0,0,0.0,0.0,0.0,InterCity,Cab,0,0,False,True,False,,,,,,
b_225,28,28,18,15,0,0,0,0,0,0,0,0,0.0,0.0,0.0,OneWay,All,0,0,False,False,False,1.0,0.6429,0.8333,0.0,0.0,
b_225,0,0,0,0,12,1,7,12,4,0,4,1467,68.975,9.8536,209.5714,OneWay,Auto,15,12,False,False,True,,,,,,0.3333
b_225,0,0,0,0,0,0,0,0,0,0,0,0,0.0,0.0,0.0,OneWay,Bike,0,0,True,False,False,,,,,,
b_225,0,0,0,0,3,0,1,3,2,0,2,1003,28.247,28.247,1003.0,OneWay,Cab,3,3,False,True,False,,,,,,0.6667
b_225,0,0,0,0,0,0,0,0,0,0,0,0,0.0,0.0,0.0,Rental,All,0,0,False,False,False,,,,,,
b_225,0,0,0,0,0,0,0,0,0,0,0,0,0.0,0.0,0.0,Rental,Auto,0,0,False,False,True,,,,,,
b_225,0,0,0,0,0,0,0,0,0,0,0,0,0.0,0.0,0.0,Rental,Bike,0,0,True,False,False,,,,,,
b_225,0,0,0,0,0,0,0,0,0,0,0,0,0.0,0.0,0.0,Rental,Cab,0,0,False,True,False,,,,,,
b_226,3,1,1,1,0,0,0,0,0,0,0,0,0.0,0.0,0.0,InterCity,All,0,0,False,False,False,0.3333,1.0,1.0,0.0,0.0,
b_226,0,0,0,0,0,0,0,0,0,0,0,0,0.0,0.0,0.0,InterCity,Auto,0,0,False,False,True,,,,,,
b_226,0,0,0,0,0,0,0,0,0,0,0,0,0.0,0.0,0.0,InterCity,Bike,0,0,True,False,False,,,,,,
b_226,0,0,0,0,0,0,0,0,0,0,0,0,0.0,0.0,0.0,InterCity,Cab,1,1,False,True,False,,,,,,
b_226,89,89,61,28,0,0,0,0,0,0,0,0,0.0,0.0,0.0,OneWay,All,0,0,False,False,False,1.0,0.6854,0.459,0.0,0.0,
b_226,0,0,0,0,18,1,4,18,12,4,8,991,52.486,13.1215,247.75,OneWay,Auto,47,18,False,False,True,,,,,,0.6667
b_226,0,0,0,0,0,0,0,0,0,0,0,0,0.0,0.0,0.0,OneWay,Bike,0,0,True,False,False,,,,,,
b_226,0,0,0,0,10,1,5,10,4,0,4,1693,76.41,15.282,338.6,OneWay,Cab,14,10,False,True,False,,,,,,0.4
b_226,0,0,0,0,0,0,0,0,0,0,0,0,0.0,0.0,0.0,Rental,All,0,0,False,False,False,,,,,,
b_226,0,0,0,0,0,0,0,0,0,0,0,0,0.0,0.0,0.0,Rental,Auto,0,0,False,False,True,,,,,,
b_226,0,0,0,0,0,0,0,0,0,0,0,0,0.0,0.0,0.0,Rental,Bike,0,0,True,False,False,,,,,,
b_226,0,0,0,0,0,0,0,0,0,0,0,0,0.0,0.0,0.0,Rental,Cab,0,0,False,True,False,,,,,,
b_227,1,1,1,1,0,0,0,0,0,0,0,0,0.0,0.0,0.0,InterCity,All,0,0,False,False,False,1.0,1.0,1.0,0.0,0.0,
b_227,0,0,0,0,0,0,0,0,0,0,0,0,0.0,0.0,0.0,InterCity,Auto,0,0,False,False,True,,,,,,
b_227,0,0,0,0,0,0,0,0,0,0,0,0,0.0,0.0,0.0,InterCity,Bike,0,0,True,False,False,,,,,,
b_227,0,0,0,0,1,0,1,1,0,0,0,521,32.251,32.251,521.0,InterCity,Cab,1,1,False,True,False,,,,,,0.0
b_227,46,46,25,15,0,0,0,0,0,0,0,0,0.0,0.0,0.0,OneWay,All,0,0,False,False,False,1.0,0.5435,0.6,0.0,0.0,
b_227,0,0,0,0,10,0,7,10,3,2,1,1671,77.94,11.1343,238.7143,OneWay,Auto,19,10,False,False,True,,,,,,0.3
b_227,0,0,0,0,0,0,0,0,0,0,0,0,0.0,0.0,0.0,OneWay,Bike,0,0,True,False,False,,,,,,
b_227,0,0,0,0,5,1,2,5,2,0,2,1026,39.484,19.742,513.0,OneWay,Cab,6,5,False,True,False,,,,,,0.4
b_227,0,0,0,0,0,0,0,0,0,0,0,0,0.0,0.0,0.0,Rental,All,0,0,False,False,False,,,,,,
b_227,0,0,0,0,0,0,0,0,0,0,0,0,0.0,0.0,0.0,Rental,Auto,0,0,False,False,True,,,,,,
b_227,0,0,0,0,0,0,0,0,0,0,0,0,0.0,0.0,0.0,Rental,Bike,0,0,True,False,False,,,,,,
b_227,0,0,0,0,0,0,0,0,0,0,0,0,0.0,0.0,0.0,Rental,Cab,0,0,False,True,False,,,,,,
b_228,0,0,0,0,0,0,0,0,0,0,0,0,0.0,0.0,0.0,InterCity,All,0,0,False,False,False,,,,,,
b_228,0,0,0,0,0,0,0,0,0,0,0,0,0.0,0.0,0.0,InterCity,Auto,0,0,False,False,True,,,,,,
b_228,0,0,0,0,0,0,0,0,0,0,0,0,0.0,0.0,0.0,InterCity,Bike,0,0,True,False,False,,,,,,
b_228,0,0,0,0,0,0,0,0,0,0,0,0,0.0,0.0,0.0,InterCity,Cab,0,0,False,True,False,,,,,,
b_228,22,22,13,10,0,0,0,0,0,0,0,0,0.0,0.0,0.0,OneWay,All,0,0,False,False,False,1.0,0.5909,0.7692,0.0,0.0,
b_228,0,0,0,0,5,0,3,5,1,0,1,753,32.14,10.7133,251.0,OneWay,Auto,8,5,False,False,True,,,,,,0.2
b_228,0,0,0,0,0,0,0,0,0,0,0,0,0.0,0.0,0.0,OneWay,Bike,0,0,True,False,False,,,,,,
b_228,0,0,0,0,5,0,3,5,2,0,2,1419,60.527,20.1757,473.0,OneWay,Cab,5,5,False,True,False,,,,,,0.4
b_228,0,0,0,0,0,0,0,0,0,0,0,0,0.0,0.0,0.0,Rental,All,0,0,False,False,False,,,,,,
b_228,0,0,0,0,0,0,0,0,0,0,0,0,0.0,0.0,0.0,Rental,Auto,0,0,False,False,True,,,,,,
b_228,0,0,0,0,0,0,0,0,0,0,0,0,0.0,0.0,0.0,Rental,Bike,0,0,True,False,False,,,,,,
b_228,0,0,0,0,0,0,0,0,0,0,0,0,0.0,0.0,0.0,Rental,Cab,0,0,False,True,False,,,,,,
b_229,0,0,0,0,0,0,0,0,0,0,0,0,0.0,0.0,0.0,InterCity,All,0,0,False,False,False,,,,,,
b_229,0,0,0,0,0,0,0,0,0,0,0,0,0.0,0.0,0.0,InterCity,Auto,0,0,False,False,True,,,,,,
b_229,0,0,0,0,0,0,0,0,0,0,0,0,0.0,0.0,0.0,InterCity,Bike,0,0,True,False,False,,,,,,
b_229,0,0,0,0,0,0,0,0,0,0,0,0,0.0,0.0,0.0,InterCity,Cab,0,0,False,True,False,,,,,,
b_229,93,93,57,37,0,0,0,0,0,0,0,0,0.0,0.0,0.0,OneWay,All,0,0,False,False,False,1.0,0.6129,0.6491,0.0,0.0,
b_229,0,0,0,0,25,1,14,25,10,8,2,2327,90.535,6.4668,166.2143,OneWay,Auto,39,25,False,False,True,,,,,,0.4
b_229,0,0,0,0,0,0,0,0,0,0,0,0,0.0,0.0,0.0,OneWay,Bike,0,0,True,False,False,,,,,,
b_229,0,0,0,0,12,0,9,12,3,1,2,2523,98.122,10.9024,280.3333,OneWay,Cab,19,12,False,True,False,,,,,,0.25
b_229,0,0,0,0,0,0,0,0,0,0,0,0,0.0,0.0,0.0,Rental,All,0,0,False,False,False,,,,,,
b_229,0,0,0,0,0,0,0,0,0,0,0,0,0.0,0.0,0.0,Rental,Auto,0,0,False,False,True,,,,,,
b_229,0,0,0,0,0,0,0,0,0,0,0,0,0.0,0.0,0.0,Rental,Bike,0,0,True,False,False,,,,,,
b_229,0,0,0,0,0,0,0,0,0,0,0,0,0.0,0.0,0.0,Rental,Cab,0,0,False,True,False,,,,,,
b_23,0,0,0,0,0,0,0,0,0,0,0,0,0.0,0.0,0.0,InterCity,All,0,0,False,False,False,,,,,,
b_23,0,0,0,0,0,0,0,0,0,0,0,0,0.0,0.0,0.0,InterCity,Auto,0,0,False,False,True,,,,,,
b_23,0,0,0,0,0,0,0,0,0,0,0,0,0.0,0.0,0.0,InterCity,Bike,0,0,True,False,False,,,,,,
b_23,0,0,0,0,0,0,0,0,0,0,0,0,0.0,0.0,0.0,InterCity,Cab,0,0,False,True,False,,,,,,
b_23,9,9,2,1,0,0,0,0,0,0,0,0,0.0,0.0,0.0,OneWay,All,0,0,False,False,False,1.0,0.2222,0.5,0.0,0.0,
b_23,0,0,0,0,1,0,1,1,0,0,0,142,7.353,7.353,142.0,OneWay,Auto,2,1,False,False,True,,,,,,0.0
b_23,0,0,0,0,0,0,0,0,0,0,0,0,0.0,0.0,0.0,OneWay,Bike,0,0,True,False,False,,,,,,
b_23,0,0,0,0,0,0,0,0,0,0,0,0,0.0,0.0,0.0,OneWay,Cab,0,0,False,True,False,,,,,,
b_23,0,0,0,0,0,0,0,0,0,0,0,0,0.0,0.0,0.0,Rental,All,0,0,False,False,False,,,,,,
b_23,0,0,0,0,0,0,0,0,0,0,0,0,0.0,0.0,0.0,Rental,Auto,0,0,False,False,True,,,,,,
b_23,0,0,0,0,0,0,0,0,0,0,0,0,0.0,0.0,0.0,Rental,Bike,0,0,True,False,False,,,,,,
b_23,0,0,0,0,0,0,0,0,0,0,0,0,0.0,0.0,0.0,Rental,Cab,0,0,False,True,False,,,,,,
b_230,0,0,0,0,0,0,0,0,0,0,0,0,0.0,0.0,0.0,InterCity,All,0,0,False,False,False,,,,,,
b_230,0,0,0,0,0,0,0,0,0,0,0,0,0.0,0.0,0.0,InterCity,Auto,0,0,False,False,True,,,,,,
b_230,0,0,0,0,0,0,0,0,0,0,0,0,0.0,0.0,0.0,InterCity,Bike,0,0,True,False,False,,,,,,
b_230,0,0,0,0,0,0,0,0,0,0,0,0,0.0,0.0,0.0,InterCity,Cab,0,0,False,True,False,,,,,,
b_230,209,209,134,98,0,0,0,0,0,0,0,0,0.0,0.0,0.0,OneWay,All,0,0,False,False,False,1.0,0.6411,0.7313,0.0,0.0,
b_230,0,0,0,0,60,0,37,60,23,11,12,5302,196.551,5.3122,143.2973,OneWay,Auto,85,60,False,False,True,,,,,,0.3833
b_230,0,0,0,0,0,0,0,0,0,0,0,0,0.0,0.0,0.0,OneWay,Bike,0,0,True,False,False,,,,,,
b_230,0,0,0,0,38,0,21,38,16,5,11,4820,171.372,8.1606,229.5238,OneWay,Cab,49,38,False,True,False,,,,,,0.4211
b_230,5,5,5,5,0,0,0,0,0,0,0,0,0.0,0.0,0.0,Rental,All,0,0,False,False,False,1.0,1.0,1.0,0.0,0.0,
b_230,0,0,0,0,0,0,0,0,0,0,0,0,0.0,0.0,0.0,Rental,Auto,5,5,False,False,True,,,,,,
b_230,0,0,0,0,0,0,0,0,0,0,0,0,0.0,0.0,0.0,Rental,Bike,0,0,True,False,False,,,,,,
b_230,0,0,0,0,0,0,0,0,0,0,0,0,0.0,0.0,0.0,Rental,Cab,5,5,False,True,False,,,,,,
b_231,0,0,0,0,0,0,0,0,0,0,0,0,0.0,0.0,0.0,InterCity,All,0,0,False,False,False,,,,,,
b_231,0,0,0,0,0,0,0,0,0,0,0,0,0.0,0.0,0.0,InterCity,Auto,0,0,False,False,True,,,,,,
b_231,0,0,0,0,0,0,0,0,0,0,0,0,0.0,0.0,0.0,InterCity,Bike,0,0,True,False,False,,,,,,
b_231,0,0,0,0,0,0,0,0,0,0,0,0,0.0,0.0,0.0,InterCity,Cab,0,0,False,True,False,,,,,,
b_231,35,35,16,8,0,0,0,0,0,0,0,0,0.0,0.0,0.0,OneWay,All,0,0,False,False,False,1.0,0.4571,0.5,0.0,0.0,
b_231,0,0,0,0,6,0,6,6,0,0,0,1185,43.322,7.2203,197.5,OneWay,Auto,12,6,False,False,True,,,,,,0.0
b_231,0,0,0,0,0,0,0,0,0,0,0,0,0.0,0.0,0.0,OneWay,Bike,0,0,True,False,False,,,,,,
b_231,0,0,0,0,2,0,2,2,0,0,0,617,26.994,13.497,308.5,OneWay,Cab,4,2,False,True,False,,,,,,0.0
b_231,0,0,0,0,0,0,0,0,0,0,0,0,0.0,0.0,0.0,Rental,All,0,0,False,False,False,,,,,,
b_231,0,0,0,0,0,0,0,0,0,0,0,0,0.0,0.0,0.0,Rental,Auto,0,0,False,False,True,,,,,,
b_231,0,0,0,0,0,0,0,0,0,0,0,0,0.0,0.0,0.0,Rental,Bike,0,0,True,False,False,,,,,,
b_231,0,0,0,0,0,0,0,0,0,0,0,0,0.0,0.0,0.0,Rental,Cab,0,0,False,True,False,,,,,,
b_232,0,0,0,0,0,0,0,0,0,0,0,0,0.0,0.0,0.0,InterCity,All,0,0,False,False,False,,,,,,
b_232,0,0,0,0,0,0,0,0,0,0,0,0,0.0,0.0,0.0,InterCity,Auto,0,0,False,False,True,,,,,,
b_232,0,0,0,0,0,0,0,0,0,0,0,0,0.0,0.0,0.0,InterCity,Bike,0,0,True,False,False,,,,,,
b_232,0,0,0,0,0,0,0,0,0,0,0,0,0.0,0.0,0.0,InterCity,Cab,0,0,False,True,False,,,,,,
b_232,222,222,147,72,0,0,0,0,0,0,0,0,0.0,0.0,0.0,OneWay,All,0,0,False,False,False,1.0,0.6622,0.4898,0.0,0.0,
b_232,0,0,0,0,45,6,18,45,21,8,13,3097,124.075,6.8931,172.0556,OneWay,Auto,109,45,False,False,True,,,,,,0.4667
b_232,0,0,0,0,0,0,0,0,0,0,0,0,0.0,0.0,0.0,OneWay,Bike,0,0,True,False,False,,,,,,
b_232,0,0,0,0,26,0,17,26,9,4,5,4630,183.845,10.8144,272.3529,OneWay,Cab,41,27,False,True,False,,,,,,0.3462
b_232,1,1,1,1,0,0,0,0,0,0,0,0,0.0,0.0,0.0,Rental,All,0,0,False,False,False,1.0,1.0,1.0,0.0,0.0,
b_232,0,0,0,0,0,0,0,0,0,0,0,0,0.0,0.0,0.0,Rental,Auto,1,1,False,False,True,,,,,,
b_232,0,0,0,0,0,0,0,0,0,0,0,0,0.0,0.0,0.0,Rental,Bike,0,0,True,False,False,,,,,,
b_232,0,0,0,0,0,0,0,0,0,0,0,0,0.0,0.0,0.0,Rental,Cab,1,1,False,True,False,,,,,,
b_233,2,2,2,2,0,0,0,0,0,0,0,0,0.0,0.0,0.0,InterCity,All,0,0,False,False,False,1.0,1.0,1.0,0.0,0.0,
b_233,0,0,0,0,0,0,0,0,0,0,0,0,0.0,0.0,0.0,InterCity,Auto,0,0,False,False,True,,,,,,
b_233,0,0,0,0,0,0,0,0,0,0,0,0,0.0,0.0,0.0,InterCity,Bike,0,0,True,False,False,,,,,,
b_233,0,0,0,0,1,0,1,1,0,0,0,2734,143.049,143.049,2734.0,InterCity,Cab,2,1,False,True,False,,,,,,0.0
b_233,394,394,322,102,0,0,0,0,0,0,0,0,0.0,0.0,0.0,OneWay,All,0,0,False,False,False,1.0,0.8173,0.3168,0.0,0.0,
b_233,0,0,0,0,62,2,25,62,35,22,13,4371,198.91,7.9564,174.84,OneWay,Auto,247,63,False,False,True,,,,,,0.5645
b_233,0,0,0,0,0,0,0,0,0,0,0,0,0.0,0.0,0.0,OneWay,Bike,0,0,True,False,False,,,,,,
b_233,0,0,0,0,39,3,23,39,13,3,10,8002,326.142,14.1801,347.913,OneWay,Cab,92,39,False,True,False,,,,,,0.3333
b_233,0,0,0,0,0,0,0,0,0,0,0,0,0.0,0.0,0.0,Rental,All,0,0,False,False,False,,,,,,
b_233,0,0,0,0,0,0,0,0,0,0,0,0,0.0,0.0,0.0,Rental,Auto,0,0,False,False,True,,,,,,
b_233,0,0,0,0,0,0,0,0,0,0,0,0,0.0,0.0,0.0,Rental,Bike,0,0,True,False,False,,,,,,
b_233,0,0,0,0,0,0,0,0,0,0,0,0,0.0,0.0,0.0,Rental,Cab,0,0,False,True,False,,,,,,
b_234,0,0,0,0,0,0,0,0,0,0,0,0,0.0,0.0,0.0,InterCity,All,0,0,False,False,False,,,,,,
b_234,0,0,0,0,0,0,0,0,0,0,0,0,0.0,0.0,0.0,InterCity,Auto,0,0,False,False,True,,,,,,
b_234,0,0,0,0,0,0,0,0,0,0,0,0,0.0,0.0,0.0,InterCity,Bike,0,0,True,False,False,,,,,,
b_234,0,0,0,0,0,0,0,0,0,0,0,0,0.0,0.0,0.0,InterCity,Cab,0,0,False,True,False,,,,,,
b_234,12,12,7,7,0,0,0,0,0,0,0,0,0.0,0.0,0.0,OneWay,All,0,0,False,False,False,1.0,0.5833,1.0,0.0,0.0,
b_234,0,0,0,0,6,0,3,6,3,0,3,266,9.764,3.2547,88.6667,OneWay,Auto,6,6,False,False,True,,,,,,0.5
b_234,0,0,0,0,0,0,0,0,0,0,0,0,0.0,0.0,0.0,OneWay,Bike,0,0,True,False,False,,,,,,
b_234,0,0,0,0,1,0,0,1,1,0,1,0,0.0,0.0,0.0,OneWay,Cab,1,1,False,True,False,,,,,,1.0
b_234,0,0,0,0,0,0,0,0,0,0,0,0,0.0,0.0,0.0,Rental,All,0,0,False,False,False,,,,,,
b_234,0,0,0,0,0,0,0,0,0,0,0,0,0.0,0.0,0.0,Rental,Auto,0,0,False,False,True,,,,,,
b_234,0,0,0,0,0,0,0,0,0,0,0,0,0.0,0.0,0.0,Rental,Bike,0,0,True,False,False,,,,,,
b_234,0,0,0,0,0,0,0,0,0,0,0,0,0.0,0.0,0.0,Rental,Cab,0,0,False,True,False,,,,,,
b_235,0,0,0,0,0,0,0,0,0,0,0,0,0.0,0.0,0.0,InterCity,All,0,0,False,False,False,,,,,,
b_235,0,0,0,0,0,0,0,0,0,0,0,0,0.0,0.0,0.0,InterCity,Auto,0,0,False,False,True,,,,,,
b_235,0,0,0,0,0,0,0,0,0,0,0,0,0.0,0.0,0.0,InterCity,Bike,0,0,True,False,False,,,,,,
b_235,0,0,0,0,0,0,0,0,0,0,0,0,0.0,0.0,0.0,InterCity,Cab,0,0,False,True,False,,,,,,
b_235,41,41,26,7,0,0,0,0,0,0,0,0,0.0,0.0,0.0,OneWay,All,0,0,False,False,False,1.0,0.6341,0.2692,0.0,0.0,
b_235,0,0,0,0,5,0,3,5,2,2,0,732,33.651,11.217,244.0,OneWay,Auto,24,5,False,False,True,,,,,,0.4
b_235,0,0,0,0,0,0,0,0,0,0,0,0,0.0,0.0,0.0,OneWay,Bike,0,0,True,False,False,,,,,,
b_235,0,0,0,0,2,0,0,2,1,0,1,0,0.0,0.0,0.0,OneWay,Cab,2,2,False,True,False,,,,,,0.5
b_235,0,0,0,0,0,0,0,0,0,0,0,0,0.0,0.0,0.0,Rental,All,0,0,False,False,False,,,,,,
b_235,0,0,0,0,0,0,0,0,0,0,0,0,0.0,0.0,0.0,Rental,Auto,0,0,False,False,True,,,,,,
b_235,0,0,0,0,0,0,0,0,0,0,0,0,0.0,0.0,0.0,Rental,Bike,0,0,True,False,False,,,,,,
b_235,0,0,0,0,0,0,0,0,0,0,0,0,0.0,0.0,0.0,Rental,Cab,0,0,False,True,False,,,,,,
b_236,0,0,0,0,0,0,0,0,0,0,0,0,0.0,0.0,0.0,InterCity,All,0,0,False,False,False,,,,,,
b_236,0,0,0,0,0,0,0,0,0,0,0,0,0.0,0.0,0.0,InterCity,Auto,0,0,False,False,True,,,,,,
b_236,0,0,0,0,0,0,0,0,0,0,0,0,0.0,0.0,0.0,InterCity,Bike,0,0,True,False,False,,,,,,
b_236,0,0,0,0,0,0,0,0,0,0,0,0,0.0,0.0,0.0,InterCity,Cab,0,0,False,True,False,,,,,,
b_236,38,38,17,12,0,0,0,0,0,0,0,0,0.0,0.0,0.0,OneWay,All,0,0,False,False,False,1.0,0.4474,0.7059,0.0,0.0,
b_236,0,0,0,0,8,0,5,8,2,0,2,484,20.189,4.0378,96.8,OneWay,Auto,13,8,False,False,True,,,,,,0.25
b_236,0,0,0,0,0,0,0,0,0,0,0,0,0.0,0.0,0.0,OneWay,Bike,0,0,True,False,False,,,,,,
b_236,0,0,0,0,4,1,1,4,2,0,2,105,1.57,1.57,105.0,OneWay,Cab,4,4,False,True,False,,,,,,0.5
b_236,0,0,0,0,0,0,0,0,0,0,0,0,0.0,0.0,0.0,Rental,All,0,0,False,False,False,,,,,,
b_236,0,0,0,0,0,0,0,0,0,0,0,0,0.0,0.0,0.0,Rental,Auto,0,0,False,False,True,,,,,,
b_236,0,0,0,0,0,0,0,0,0,0,0,0,0.0,0.0,0.0,Rental,Bike,0,0,True,False,False,,,,,,
b_236,0,0,0,0,0,0,0,0,0,0,0,0,0.0,0.0,0.0,Rental,Cab,0,0,False,True,False,,,,,,
b_237,0,0,0,0,0,0,0,0,0,0,0,0,0.0,0.0,0.0,InterCity,All,0,0,False,False,False,,,,,,
b_237,0,0,0,0,0,0,0,0,0,0,0,0,0.0,0.0,0.0,InterCity,Auto,0,0,False,False,True,,,,,,
b_237,0,0,0,0,0,0,0,0,0,0,0,0,0.0,0.0,0.0,InterCity,Bike,0,0,True,False,False,,,,,,
b_237,0,0,0,0,0,0,0,0,0,0,0,0,0.0,0.0,0.0,InterCity,Cab,0,0,False,True,False,,,,,,
b_237,57,57,36,26,0,0,0,0,0,0,0,0,0.0,0.0,0.0,OneWay,All,0,0,False,False,False,1.0,0.6316,0.7222,0.0,0.0,
b_237,0,0,0,0,14,1,7,14,6,2,4,1374,53.246,7.6066,196.2857,OneWay,Auto,24,15,False,False,True,,,,,,0.4286
b_237,0,0,0,0,0,0,0,0,0,0,0,0,0.0,0.0,0.0,OneWay,Bike,0,0,True,False,False,,,,,,
b_237,0,0,0,0,10,0,5,10,5,2,3,1640,72.266,14.4532,328.0,OneWay,Cab,12,11,False,True,False,,,,,,0.5
b_237,0,0,0,0,0,0,0,0,0,0,0,0,0.0,0.0,0.0,Rental,All,0,0,False,False,False,,,,,,
b_237,0,0,0,0,0,0,0,0,0,0,0,0,0.0,0.0,0.0,Rental,Auto,0,0,False,False,True,,,,,,
b_237,0,0,0,0,0,0,0,0,0,0,0,0,0.0,0.0,0.0,Rental,Bike,0,0,True,False,False,,,,,,
b_237,0,0,0,0,0,0,0,0,0,0,0,0,0.0,0.0,0.0,Rental,Cab,0,0,False,True,False,,,,,,
b_238,0,0,0,0,0,0,0,0,0,0,0,0,0.0,0.0,0.0,InterCity,All,0,0,False,False,False,,,,,,
b_238,0,0,0,0,0,0,0,0,0,0,0,0,0.0,0.0,0.0,InterCity,Auto,0,0,False,False,True,,,,,,
b_238,0,0,0,0,0,0,0,0,0,0,0,0,0.0,0.0,0.0,InterCity,Bike,0,0,True,False,False,,,,,,
b_238,0,0,0,0,0,0,0,0,0,0,0,0,0.0,0.0,0.0,InterCity,Cab,0,0,False,True,False,,,,,,
b_238,45,45,29,16,0,0,0,0,0,0,0,0,0.0,0.0,0.0,OneWay,All,0,0,False,False,False,1.0,0.6444,0.5517,0.0,0.0,
b_238,0,0,0,0,13,3,8,13,1,1,0,1063,42.296,5.287,132.875,OneWay,Auto,24,13,False,False,True,,,,,,0.0769
b_238,0,0,0,0,0,0,0,0,0,0,0,0,0.0,0.0,0.0,OneWay,Bike,0,0,True,False,False,,,,,,
b_238,0,0,0,0,3,0,1,3,2,1,1,140,5.218,5.218,140.0,OneWay,Cab,5,3,False,True,False,,,,,,0.6667
b_238,0,0,0,0,0,0,0,0,0,0,0,0,0.0,0.0,0.0,Rental,All,0,0,False,False,False,,,,,,
b_238,0,0,0,0,0,0,0,0,0,0,0,0,0.0,0.0,0.0,Rental,Auto,0,0,False,False,True,,,,,,
b_238,0,0,0,0,0,0,0,0,0,0,0,0,0.0,0.0,0.0,Rental,Bike,0,0,True,False,False,,,,,,
b_238,0,0,0,0,0,0,0,0,0,0,0,0,0.0,0.0,0.0,Rental,Cab,0,0,False,True,False,,,,,,
b_239,0,0,0,0,0,0,0,0,0,0,0,0,0.0,0.0,0.0,InterCity,All,0,0,False,False,False,,,,,,
b_239,0,0,0,0,0,0,0,0,0,0,0,0,0.0,0.0,0.0,InterCity,Auto,0,0,False,False,True,,,,,,
b_239,0,0,0,0,0,0,0,0,0,0,0,0,0.0,0.0,0.0,InterCity,Bike,0,0,True,False,False,,,,,,
b_239,0,0,0,0,0,0,0,0,0,0,0,0,0.0,0.0,0.0,InterCity,Cab,0,0,False,True,False,,,,,,
b_239,66,66,44,25,0,0,0,0,0,0,0,0,0.0,0.0,0.0,OneWay,All,0,0,False,False,False,1.0,0.6667,0.5682,0.0,0.0,
b_239,0,0,0,0,19,0,13,19,6,4,2,2882,115.562,8.8894,221.6923,OneWay,Auto,37,19,False,False,True,,,,,,0.3158
b_239,0,0,0,0,0,0,0,0,0,0,0,0,0.0,0.0,0.0,OneWay,Bike,0,0,True,False,False,,,,,,
b_239,0,0,0,0,6,0,5,6,1,0,1,1247,47.729,9.5458,249.4,OneWay,Cab,7,6,False,True,False,,,,,,0.1667
b_239,0,0,0,0,0,0,0,0,0,0,0,0,0.0,0.0,0.0,Rental,All,0,0,False,False,False,,,,,,
b_239,0,0,0,0,0,0,0,0,0,0,0,0,0.0,0.0,0.0,Rental,Auto,0,0,False,False,True,,,,,,
b_239,0,0,0,0,0,0,0,0,0,0,0,0,0.0,0.0,0.0,Rental,Bike,0,0,True,False,False,,,,,,
b_239,0,0,0,0,0,0,0,0,0,0,0,0,0.0,0.0,0.0,Rental,Cab,0,0,False,True,False,,,,,,
b_24,0,0,0,0,0,0,0,0,0,0,0,0,0.0,0.0,0.0,InterCity,All,0,0,False,False,False,,,,,,
b_24,0,0,0,0,0,0,0,0,0,0,0,0,0.0,0.0,0.0,InterCity,Auto,0,0,False,False,True,,,,,,
b_24,0,0,0,0,0,0,0,0,0,0,0,0,0.0,0.0,0.0,InterCity,Bike,0,0,True,False,False,,,,,,
b_24,0,0,0,0,0,0,0,0,0,0,0,0,0.0,0.0,0.0,InterCity,Cab,0,0,False,True,False,,,,,,
b_24,8,8,6,2,0,0,0,0,0,0,0,0,0.0,0.0,0.0,OneWay,All,0,0,False,False,False,1.0,0.75,0.3333,0.0,0.0,
b_24,0,0,0,0,1,0,1,1,0,0,0,88,4.342,4.342,88.0,OneWay,Auto,4,1,False,False,True,,,,,,0.0
b_24,0,0,0,0,0,0,0,0,0,0,0,0,0.0,0.0,0.0,OneWay,Bike,0,0,True,False,False,,,,,,
b_24,0,0,0,0,1,0,0,1,1,0,1,0,0.0,0.0,0.0,OneWay,Cab,2,1,False,True,False,,,,,,1.0
b_24,0,0,0,0,0,0,0,0,0,0,0,0,0.0,0.0,0.0,Rental,All,0,0,False,False,False,,,,,,
b_24,0,0,0,0,0,0,0,0,0,0,0,0,0.0,0.0,0.0,Rental,Auto,0,0,False,False,True,,,,,,
b_24,0,0,0,0,0,0,0,0,0,0,0,0,0.0,0.0,0.0,Rental,Bike,0,0,True,False,False,,,,,,
b_24,0,0,0,0,0,0,0,0,0,0,0,0,0.0,0.0,0.0,Rental,Cab,0,0,False,True,False,,,,,,
b_240,0,0,0,0,0,0,0,0,0,0,0,0,0.0,0.0,0.0,InterCity,All,0,0,False,False,False,,,,,,
b_240,0,0,0,0,0,0,0,0,0,0,0,0,0.0,0.0,0.0,InterCity,Auto,0,0,False,False,True,,,,,,
b_240,0,0,0,0,0,0,0,0,0,0,0,0,0.0,0.0,0.0,InterCity,Bike,0,0,True,False,False,,,,,,
b_240,0,0,0,0,0,0,0,0,0,0,0,0,0.0,0.0,0.0,InterCity,Cab,0,0,False,True,False,,,,,,
b_240,99,99,77,48,0,0,0,0,0,0,0,0,0.0,0.0,0.0,OneWay,All,0,0,False,False,False,1.0,0.7778,0.6234,0.0,0.0,
b_240,0,0,0,0,32,0,14,32,18,10,8,2349,88.549,6.3249,167.7857,OneWay,Auto,52,33,False,False,True,,,,,,0.5625
b_240,0,0,0,0,0,0,0,0,0,0,0,0,0.0,0.0,0.0,OneWay,Bike,0,0,True,False,False,,,,,,
b_240,0,0,0,0,15,1,6,15,8,0,8,2512,110.739,18.4565,418.6667,OneWay,Cab,25,15,False,True,False,,,,,,0.5333
b_240,0,0,0,0,0,0,0,0,0,0,0,0,0.0,0.0,0.0,Rental,All,0,0,False,False,False,,,,,,
b_240,0,0,0,0,0,0,0,0,0,0,0,0,0.0,0.0,0.0,Rental,Auto,0,0,False,False,True,,,,,,
b_240,0,0,0,0,0,0,0,0,0,0,0,0,0.0,0.0,0.0,Rental,Bike,0,0,True,False,False,,,,,,
b_240,0,0,0,0,0,0,0,0,0,0,0,0,0.0,0.0,0.0,Rental,Cab,0,0,False,True,False,,,,,,
b_241,0,0,0,0,0,0,0,0,0,0,0,0,0.0,0.0,0.0,InterCity,All,0,0,False,False,False,,,,,,
b_241,0,0,0,0,0,0,0,0,0,0,0,0,0.0,0.0,0.0,InterCity,Auto,0,0,False,False,True,,,,,,
b_241,0,0,0,0,0,0,0,0,0,0,0,0,0.0,0.0,0.0,InterCity,Bike,0,0,True,False,False,,,,,,
b_241,0,0,0,0,0,0,0,0,0,0,0,0,0.0,0.0,0.0,InterCity,Cab,0,0,False,True,False,,,,,,
b_241,24,24,11,10,0,0,0,0,0,0,0,0,0.0,0.0,0.0,OneWay,All,0,0,False,False,False,1.0,0.4583,0.9091,0.0,0.0,
b_241,0,0,0,0,5,1,3,5,1,1,0,534,24.568,8.1893,178.0,OneWay,Auto,5,5,False,False,True,,,,,,0.2
b_241,0,0,0,0,0,0,0,0,0,0,0,0,0.0,0.0,0.0,OneWay,Bike,0,0,True,False,False,,,,,,
b_241,0,0,0,0,5,0,2,5,3,0,3,755,28.991,14.4955,377.5,OneWay,Cab,6,5,False,True,False,,,,,,0.6
b_241,0,0,0,0,0,0,0,0,0,0,0,0,0.0,0.0,0.0,Rental,All,0,0,False,False,False,,,,,,
b_241,0,0,0,0,0,0,0,0,0,0,0,0,0.0,0.0,0.0,Rental,Auto,0,0,False,False,True,,,,,,
b_241,0,0,0,0,0,0,0,0,0,0,0,0,0.0,0.0,0.0,Rental,Bike,0,0,True,False,False,,,,,,
b_241,0,0,0,0,0,0,0,0,0,0,0,0,0.0,0.0,0.0,Rental,Cab,0,0,False,True,False,,,,,,
b_242,0,0,0,0,0,0,0,0,0,0,0,0,0.0,0.0,0.0,InterCity,All,0,0,False,False,False,,,,,,
b_242,0,0,0,0,0,0,0,0,0,0,0,0,0.0,0.0,0.0,InterCity,Auto,0,0,False,False,True,,,,,,
b_242,0,0,0,0,0,0,0,0,0,0,0,0,0.0,0.0,0.0,InterCity,Bike,0,0,True,False,False,,,,,,
b_242,0,0,0,0,0,0,0,0,0,0,0,0,0.0,0.0,0.0,InterCity,Cab,0,0,False,True,False,,,,,,
b_242,26,26,9,4,0,0,0,0,0,0,0,0,0.0,0.0,0.0,OneWay,All,0,0,False,False,False,1.0,0.3462,0.4444,0.0,0.0,
b_242,0,0,0,0,4,0,4,4,0,0,0,706,32.617,8.1542,176.5,OneWay,Auto,9,4,False,False,True,,,,,,0.0
b_242,0,0,0,0,0,0,0,0,0,0,0,0,0.0,0.0,0.0,OneWay,Bike,0,0,True,False,False,,,,,,
b_242,0,0,0,0,0,0,0,0,0,0,0,0,0.0,0.0,0.0,OneWay,Cab,0,0,False,True,False,,,,,,
b_242,0,0,0,0,0,0,0,0,0,0,0,0,0.0,0.0,0.0,Rental,All,0,0,False,False,False,,,,,,
b_242,0,0,0,0,0,0,0,0,0,0,0,0,0.0,0.0,0.0,Rental,Auto,0,0,False,False,True,,,,,,
b_242,0,0,0,0,0,0,0,0,0,0,0,0,0.0,0.0,0.0,Rental,Bike,0,0,True,False,False,,,,,,
b_242,0,0,0,0,0,0,0,0,0,0,0,0,0.0,0.0,0.0,Rental,Cab,0,0,False,True,False,,,,,,
b_243,0,0,0,0,0,0,0,0,0,0,0,0,0.0,0.0,0.0,InterCity,All,0,0,False,False,False,,,,,,
b_243,0,0,0,0,0,0,0,0,0,0,0,0,0.0,0.0,0.0,InterCity,Auto,0,0,False,False,True,,,,,,
b_243,0,0,0,0,0,0,0,0,0,0,0,0,0.0,0.0,0.0,InterCity,Bike,0,0,True,False,False,,,,,,
b_243,0,0,0,0,0,0,0,0,0,0,0,0,0.0,0.0,0.0,InterCity,Cab,0,0,False,True,False,,,,,,
b_243,36,36,23,13,0,0,0,0,0,0,0,0,0.0,0.0,0.0,OneWay,All,0,0,False,False,False,1.0,0.6389,0.5652,0.0,0.0,
b_243,0,0,0,0,9,0,6,9,3,0,3,1210,50.828,8.4713,201.6667,OneWay,Auto,18,9,False,False,True,,,,,,0.3333
b_243,0,0,0,0,0,0,0,0,0,0,0,0,0.0,0.0,0.0,OneWay,Bike,0,0,True,False,False,,,,,,
b_243,0,0,0,0,4,0,3,4,1,0,1,1078,48.744,16.248,359.3333,OneWay,Cab,5,4,False,True,False,,,,,,0.25
b_243,0,0,0,0,0,0,0,0,0,0,0,0,0.0,0.0,0.0,Rental,All,0,0,False,False,False,,,,,,
b_243,0,0,0,0,0,0,0,0,0,0,0,0,0.0,0.0,0.0,Rental,Auto,0,0,False,False,True,,,,,,
b_243,0,0,0,0,0,0,0,0,0,0,0,0,0.0,0.0,0.0,Rental,Bike,0,0,True,False,False,,,,,,
b_243,0,0,0,0,0,0,0,0,0,0,0,0,0.0,0.0,0.0,Rental,Cab,0,0,False,True,False,,,,,,
b_25,1,1,1,1,0,0,0,0,0,0,0,0,0.0,0.0,0.0,InterCity,All,0,0,False,False,False,1.0,1.0,1.0,0.0,0.0,
b_25,0,0,0,0,0,0,0,0,0,0,0,0,0.0,0.0,0.0,InterCity,Auto,0,0,False,False,True,,,,,,
b_25,0,0,0,0,0,0,0,0,0,0,0,0,0.0,0.0,0.0,InterCity,Bike,0,0,True,False,False,,,,,,
b_25,0,0,0,0,0,0,0,0,0,0,0,0,0.0,0.0,0.0,InterCity,Cab,1,1,False,True,False,,,,,,
b_25,9,9,3,3,0,0,0,0,0,0,0,0,0.0,0.0,0.0,OneWay,All,0,0,False,False,False,1.0,0.3333,1.0,0.0,0.0,
b_25,0,0,0,0,3,0,3,3,0,0,0,202,9.513,3.171,67.3333,OneWay,Auto,3,3,False,False,True,,,,,,0.0
b_25,0,0,0,0,0,0,0,0,0,0,0,0,0.0,0.0,0.0,OneWay,Bike,0,0,True,False,False,,,,,,
b_25,0,0,0,0,0,0,0,0,0,0,0,0,0.0,0.0,0.0,OneWay,Cab,0,0,False,True,False,,,,,,
b_25,0,0,0,0,0,0,0,0,0,0,0,0,0.0,0.0,0.0,Rental,All,0,0,False,False,False,,,,,,
b_25,0,0,0,0,0,0,0,0,0,0,0,0,0.0,0.0,0.0,Rental,Auto,0,0,False,False,True,,,,,,
b_25,0,0,0,0,0,0,0,0,0,0,0,0,0.0,0.0,0.0,Rental,Bike,0,0,True,False,False,,,,,,
b_25,0,0,0,0,0,0,0,0,0,0,0,0,0.0,0.0,0.0,Rental,Cab,0,0,False,True,False,,,,,,
b_26,0,0,0,0,0,0,0,0,0,0,0,0,0.0,0.0,0.0,InterCity,All,0,0,False,False,False,,,,,,
b_26,0,0,0,0,0,0,0,0,0,0,0,0,0.0,0.0,0.0,InterCity,Auto,0,0,False,False,True,,,,,,
b_26,0,0,0,0,0,0,0,0,0,0,0,0,0.0,0.0,0.0,InterCity,Bike,0,0,True,False,False,,,,,,
b_26,0,0,0,0,0,0,0,0,0,0,0,0,0.0,0.0,0.0,InterCity,Cab,0,0,False,True,False,,,,,,
b_26,8,8,1,0,0,0,0,0,0,0,0,0,0.0,0.0,0.0,OneWay,All,0,0,False,False,False,1.0,0.125,0.0,,0.0,
b_26,0,0,0,0,0,0,0,0,0,0,0,0,0.0,0.0,0.0,OneWay,Auto,1,0,False,False,True,,,,,,
b_26,0,0,0,0,0,0,0,0,0,0,0,0,0.0,0.0,0.0,OneWay,Bike,0,0,True,False,False,,,,,,
b_26,0,0,0,0,0,0,0,0,0,0,0,0,0.0,0.0,0.0,OneWay,Cab,0,0,False,True,False,,,,,,
b_26,0,0,0,0,0,0,0,0,0,0,0,0,0.0,0.0,0.0,Rental,All,0,0,False,False,False,,,,,,
b_26,0,0,0,0,0,0,0,0,0,0,0,0,0.0,0.0,0.0,Rental,Auto,0,0,False,False,True,,,,,,
b_26,0,0,0,0,0,0,0,0,0,0,0,0,0.0,0.0,0.0,Rental,Bike,0,0,True,False,False,,,,,,
b_26,0,0,0,0,0,0,0,0,0,0,0,0,0.0,0.0,0.0,Rental,Cab,0,0,False,True,False,,,,,,
b_27,0,0,0,0,0,0,0,0,0,0,0,0,0.0,0.0,0.0,InterCity,All,0,0,False,False,False,,,,,,
b_27,0,0,0,0,0,0,0,0,0,0,0,0,0.0,0.0,0.0,InterCity,Auto,0,0,False,False,True,,,,,,
b_27,0,0,0,0,0,0,0,0,0,0,0,0,0.0,0.0,0.0,InterCity,Bike,0,0,True,False,False,,,,,,
b_27,0,0,0,0,0,0,0,0,0,0,0,0,0.0,0.0,0.0,InterCity,Cab,0,0,False,True,False,,,,,,
b_27,10,10,5,4,0,0,0,0,0,0,0,0,0.0,0.0,0.0,OneWay,All,0,0,False,False,False,1.0,0.5,0.8,0.0,0.0,
b_27,0,0,0,0,4,1,2,4,1,1,0,186,7.672,3.836,93.0,OneWay,Auto,5,4,False,False,True,,,,,,0.25
b_27,0,0,0,0,0,0,0,0,0,0,0,0,0.0,0.0,0.0,OneWay,Bike,0,0,True,False,False,,,,,,
b_27,0,0,0,0,0,0,0,0,0,0,0,0,0.0,0.0,0.0,OneWay,Cab,0,0,False,True,False,,,,,,
b_27,0,0,0,0,0,0,0,0,0,0,0,0,0.0,0.0,0.0,Rental,All,0,0,False,False,False,,,,,,
b_27,0,0,0,0,0,0,0,0,0,0,0,0,0.0,0.0,0.0,Rental,Auto,0,0,False,False,True,,,,,,
b_27,0,0,0,0,0,0,0,0,0,0,0,0,0.0,0.0,0.0,Rental,Bike,0,0,True,False,False,,,,,,
b_27,0,0,0,0,0,0,0,0,0,0,0,0,0.0,0.0,0.0,Rental,Cab,0,0,False,True,False,,,,,,
b_28,1,1,1,1,0,0,0,0,0,0,0,0,0.0,0.0,0.0,InterCity,All,0,0,False,False,False,1.0,1.0,1.0,0.0,0.0,
b_28,0,0,0,0,0,0,0,0,0,0,0,0,0.0,0.0,0.0,InterCity,Auto,0,0,False,False,True,,,,,,
b_28,0,0,0,0,0,0,0,0,0,0,0,0,0.0,0.0,0.0,InterCity,Bike,0,0,True,False,False,,,,,,
b_28,0,0,0,0,0,0,0,0,0,0,0,0,0.0,0.0,0.0,InterCity,Cab,1,1,False,True,False,,,,,,
b_28,30,30,19,10,0,0,0,0,0,0,0,0,0.0,0.0,0.0,OneWay,All,0,0,False,False,False,1.0,0.6333,0.5263,0.0,0.0,
b_28,0,0,0,0,9,1,6,9,2,2,0,885,38.358,6.393,147.5,OneWay,Auto,16,9,False,False,True,,,,,,0.2222
b_28,0,0,0,0,0,0,0,0,0,0,0,0,0.0,0.0,0.0,OneWay,Bike,0,0,True,False,False,,,,,,
b_28,0,0,0,0,1,0,0,1,1,0,1,0,0.0,0.0,0.0,OneWay,Cab,5,1,False,True,False,,,,,,1.0
b_28,0,0,0,0,0,0,0,0,0,0,0,0,0.0,0.0,0.0,Rental,All,0,0,False,False,False,,,,,,
b_28,0,0,0,0,0,0,0,0,0,0,0,0,0.0,0.0,0.0,Rental,Auto,0,0,False,False,True,,,,,,
b_28,0,0,0,0,0,0,0,0,0,0,0,0,0.0,0.0,0.0,Rental,Bike,0,0,True,False,False,,,,,,
b_28,0,0,0,0,0,0,0,0,0,0,0,0,0.0,0.0,0.0,Rental,Cab,0,0,False,True,False,,,,,,
b_29,0,0,0,0,0,0,0,0,0,0,0,0,0.0,0.0,0.0,InterCity,All,0,0,False,False,False,,,,,,
b_29,0,0,0,0,0,0,0,0,0,0,0,0,0.0,0.0,0.0,InterCity,Auto,0,0,False,False,True,,,,,,
b_29,0,0,0,0,0,0,0,0,0,0,0,0,0.0,0.0,0.0,InterCity,Bike,0,0,True,False,False,,,,,,
b_29,0,0,0,0,0,0,0,0,0,0,0,0,0.0,0.0,0.0,InterCity,Cab,0,0,False,True,False,,,,,,
b_29,7,7,2,2,0,0,0,0,0,0,0,0,0.0,0.0,0.0,OneWay,All,0,0,False,False,False,1.0,0.2857,1.0,0.0,0.0,
b_29,0,0,0,0,2,0,2,2,0,0,0,377,19.011,9.5055,188.5,OneWay,Auto,2,2,False,False,True,,,,,,0.0
b_29,0,0,0,0,0,0,0,0,0,0,0,0,0.0,0.0,0.0,OneWay,Bike,0,0,True,False,False,,,,,,
b_29,0,0,0,0,0,0,0,0,0,0,0,0,0.0,0.0,0.0,OneWay,Cab,0,0,False,True,False,,,,,,
b_29,0,0,0,0,0,0,0,0,0,0,0,0,0.0,0.0,0.0,Rental,All,0,0,False,False,False,,,,,,
b_29,0,0,0,0,0,0,0,0,0,0,0,0,0.0,0.0,0.0,Rental,Auto,0,0,False,False,True,,,,,,
b_29,0,0,0,0,0,0,0,0,0,0,0,0,0.0,0.0,0.0,Rental,Bike,0,0,True,False,False,,,,,,
b_29,0,0,0,0,0,0,0,0,0,0,0,0,0.0,0.0,0.0,Rental,Cab,0,0,False,True,False,,,,,,
b_3,0,0,0,0,0,0,0,0,0,0,0,0,0.0,0.0,0.0,InterCity,All,0,0,False,False,False,,,,,,
b_3,0,0,0,0,0,0,0,0,0,0,0,0,0.0,0.0,0.0,InterCity,Auto,0,0,False,False,True,,,,,,
b_3,0,0,0,0,0,0,0,0,0,0,0,0,0.0,0.0,0.0,InterCity,Bike,0,0,True,False,False,,,,,,
b_3,0,0,0,0,0,0,0,0,0,0,0,0,0.0,0.0,0.0,InterCity,Cab,0,0,False,True,False,,,,,,
b_3,27,27,11,8,0,0,0,0,0,0,0,0,0.0,0.0,0.0,OneWay,All,0,0,False,False,False,1.0,0.4074,0.7273,0.0,0.0,
b_3,0,0,0,0,6,1,2,6,3,1,2,146,6.758,3.379,73.0,OneWay,Auto,9,6,False,False,True,,,,,,0.5
b_3,0,0,0,0,0,0,0,0,0,0,0,0,0.0,0.0,0.0,OneWay,Bike,0,0,True,False,False,,,,,,
b_3,0,0,0,0,2,0,1,2,1,0,1,766,37.895,37.895,766.0,OneWay,Cab,2,2,False,True,False,,,,,,0.5
b_3,0,0,0,0,0,0,0,0,0,0,0,0,0.0,0.0,0.0,Rental,All,0,0,False,False,False,,,,,,
b_3,0,0,0,0,0,0,0,0,0,0,0,0,0.0,0.0,0.0,Rental,Auto,0,0,False,False,True,,,,,,
b_3,0,0,0,0,0,0,0,0,0,0,0,0,0.0,0.0,0.0,Rental,Bike,0,0,True,False,False,,,,,,
b_3,0,0,0,0,0,0,0,0,0,0,0,0,0.0,0.0,0.0,Rental,Cab,0,0,False,True,False,,,,,,
b_30,0,0,0,0,0,0,0,0,0,0,0,0,0.0,0.0,0.0,InterCity,All,0,0,False,False,False,,,,,,
b_30,0,0,0,0,0,0,0,0,0,0,0,0,0.0,0.0,0.0,InterCity,Auto,0,0,False,False,True,,,,,,
b_30,0,0,0,0,0,0,0,0,0,0,0,0,0.0,0.0,0.0,InterCity,Bike,0,0,True,False,False,,,,,,
b_30,0,0,0,0,0,0,0,0,0,0,0,0,0.0,0.0,0.0,InterCity,Cab,0,0,False,True,False,,,,,,
b_30,12,12,7,4,0,0,0,0,0,0,0,0,0.0,0.0,0.0,OneWay,All,0,0,False,False,False,1.0,0.5833,0.5714,0.0,0.0,
b_30,0,0,0,0,2,0,2,2,0,0,0,345,18.034,9.017,172.5,OneWay,Auto,4,2,False,False,True,,,,,,0.0
b_30,0,0,0,0,0,0,0,0,0,0,0,0,0.0,0.0,0.0,OneWay,Bike,0,0,True,False,False,,,,,,
b_30,0,0,0,0,2,0,2,2,0,0,0,770,34.995,17.4975,385.0,OneWay,Cab,5,2,False,True,False,,,,,,0.0
b_30,0,0,0,0,0,0,0,0,0,0,0,0,0.0,0.0,0.0,Rental,All,0,0,False,False,False,,,,,,
b_30,0,0,0,0,0,0,0,0,0,0,0,0,0.0,0.0,0.0,Rental,Auto,0,0,False,False,True,,,,,,
b_30,0,0,0,0,0,0,0,0,0,0,0,0,0.0,0.0,0.0,Rental,Bike,0,0,True,False,False,,,,,,
b_30,0,0,0,0,0,0,0,0,0,0,0,0,0.0,0.0,0.0,Rental,Cab,0,0,False,True,False,,,,,,
b_31,0,0,0,0,0,0,0,0,0,0,0,0,0.0,0.0,0.0,InterCity,All,0,0,False,False,False,,,,,,
b_31,0,0,0,0,0,0,0,0,0,0,0,0,0.0,0.0,0.0,InterCity,Auto,0,0,False,False,True,,,,,,
b_31,0,0,0,0,0,0,0,0,0,0,0,0,0.0,0.0,0.0,InterCity,Bike,0,0,True,False,False,,,,,,
b_31,0,0,0,0,0,0,0,0,0,0,0,0,0.0,0.0,0.0,InterCity,Cab,0,0,False,True,False,,,,,,
b_31,22,22,17,9,0,0,0,0,0,0,0,0,0.0,0.0,0.0,OneWay,All,0,0,False,False,False,1.0,0.7727,0.5294,0.0,0.0,
b_31,0,0,0,0,7,2,3,7,2,0,2,826,42.144,14.048,275.3333,OneWay,Auto,10,7,False,False,True,,,,,,0.2857
b_31,0,0,0,0,0,0,0,0,0,0,0,0,0.0,0.0,0.0,OneWay,Bike,0,0,True,False,False,,,,,,
b_31,0,0,0,0,2,1,0,2,0,0,0,0,0.0,0.0,0.0,OneWay,Cab,8,2,False,True,False,,,,,,0.0
b_31,0,0,0,0,0,0,0,0,0,0,0,0,0.0,0.0,0.0,Rental,All,0,0,False,False,False,,,,,,
b_31,0,0,0,0,0,0,0,0,0,0,0,0,0.0,0.0,0.0,Rental,Auto,0,0,False,False,True,,,,,,
b_31,0,0,0,0,0,0,0,0,0,0,0,0,0.0,0.0,0.0,Rental,Bike,0,0,True,False,False,,,,,,
b_31,0,0,0,0,0,0,0,0,0,0,0,0,0.0,0.0,0.0,Rental,Cab,0,0,False,True,False,,,,,,
b_32,0,0,0,0,0,0,0,0,0,0,0,0,0.0,0.0,0.0,InterCity,All,0,0,False,False,False,,,,,,
b_32,0,0,0,0,0,0,0,0,0,0,0,0,0.0,0.0,0.0,InterCity,Auto,0,0,False,False,True,,,,,,
b_32,0,0,0,0,0,0,0,0,0,0,0,0,0.0,0.0,0.0,InterCity,Bike,0,0,True,False,False,,,,,,
b_32,0,0,0,0,0,0,0,0,0,0,0,0,0.0,0.0,0.0,InterCity,Cab,0,0,False,True,False,,,,,,
b_32,35,35,14,8,0,0,0,0,0,0,0,0,0.0,0.0,0.0,OneWay,All,0,0,False,False,False,1.0,0.4,0.5714,0.0,0.0,
b_32,0,0,0,0,5,3,1,5,1,0,1,139,5.993,5.993,139.0,OneWay,Auto,11,5,False,False,True,,,,,,0.2
b_32,0,0,0,0,0,0,0,0,0,0,0,0,0.0,0.0,0.0,OneWay,Bike,0,0,True,False,False,,,,,,
b_32,0,0,0,0,3,1,1,3,1,0,1,398,17.855,17.855,398.0,OneWay,Cab,3,3,False,True,False,,,,,,0.3333
b_32,0,0,0,0,0,0,0,0,0,0,0,0,0.0,0.0,0.0,Rental,All,0,0,False,False,False,,,,,,
b_32,0,0,0,0,0,0,0,0,0,0,0,0,0.0,0.0,0.0,Rental,Auto,0,0,False,False,True,,,,,,
b_32,0,0,0,0,0,0,0,0,0,0,0,0,0.0,0.0,0.0,Rental,Bike,0,0,True,False,False,,,,,,
b_32,0,0,0,0,0,0,0,0,0,0,0,0,0.0,0.0,0.0,Rental,Cab,0,0,False,True,False,,,,,,
b_33,0,0,0,0,0,0,0,0,0,0,0,0,0.0,0.0,0.0,InterCity,All,0,0,False,False,False,,,,,,
b_33,0,0,0,0,0,0,0,0,0,0,0,0,0.0,0.0,0.0,InterCity,Auto,0,0,False,False,True,,,,,,
b_33,0,0,0,0,0,0,0,0,0,0,0,0,0.0,0.0,0.0,InterCity,Bike,0,0,True,False,False,,,,,,
b_33,0,0,0,0,0,0,0,0,0,0,0,0,0.0,0.0,0.0,InterCity,Cab,0,0,False,True,False,,,,,,
b_33,44,44,33,21,0,0,0,0,0,0,0,0,0.0,0.0,0.0,OneWay,All,0,0,False,False,False,1.0,0.75,0.6364,0.0,0.0,
b_33,0,0,0,0,16,2,10,16,4,4,0,1151,49.971,4.9971,115.1,OneWay,Auto,28,16,False,False,True,,,,,,0.25
b_33,0,0,0,0,0,0,0,0,0,0,0,0,0.0,0.0,0.0,OneWay,Bike,0,0,True,False,False,,,,,,
b_33,0,0,0,0,5,1,3,5,1,1,0,847,35.209,11.7363,282.3333,OneWay,Cab,5,5,False,True,False,,,,,,0.2
b_33,0,0,0,0,0,0,0,0,0,0,0,0,0.0,0.0,0.0,Rental,All,0,0,False,False,False,,,,,,
b_33,0,0,0,0,0,0,0,0,0,0,0,0,0.0,0.0,0.0,Rental,Auto,0,0,False,False,True,,,,,,
b_33,0,0,0,0,0,0,0,0,0,0,0,0,0.0,0.0,0.0,Rental,Bike,0,0,True,False,False,,,,,,
b_33,0,0,0,0,0,0,0,0,0,0,0,0,0.0,0.0,0.0,Rental,Cab,0,0,False,True,False,,,,,,
b_34,0,0,0,0,0,0,0,0,0,0,0,0,0.0,0.0,0.0,InterCity,All,0,0,False,False,False,,,,,,
b_34,0,0,0,0,0,0,0,0,0,0,0,0,0.0,0.0,0.0,InterCity,Auto,0,0,False,False,True,,,,,,
b_34,0,0,0,0,0,0,0,0,0,0,0,0,0.0,0.0,0.0,InterCity,Bike,0,0,True,False,False,,,,,,
b_34,0,0,0,0,0,0,0,0,0,0,0,0,0.0,0.0,0.0,InterCity,Cab,0,0,False,True,False,,,,,,
b_34,96,96,46,18,0,0,0,0,0,0,0,0,0.0,0.0,0.0,OneWay,All,0,0,False,False,False,1.0,0.4792,0.3913,0.0,0.0,
b_34,0,0,0,0,9,1,5,9,2,1,1,1283,53.697,10.7394,256.6,OneWay,Auto,29,9,False,False,True,,,,,,0.2222
b_34,0,0,0,0,0,0,0,0,0,0,0,0,0.0,0.0,0.0,OneWay,Bike,0,0,True,False,False,,,,,,
b_34,0,0,0,0,9,0,4,9,5,2,3,2363,107.81,26.9525,590.75,OneWay,Cab,18,9,False,True,False,,,,,,0.5556
b_34,0,0,0,0,0,0,0,0,0,0,0,0,0.0,0.0,0.0,Rental,All,0,0,False,False,False,,,,,,
b_34,0,0,0,0,0,0,0,0,0,0,0,0,0.0,0.0,0.0,Rental,Auto,0,0,False,False,True,,,,,,
b_34,0,0,0,0,0,0,0,0,0,0,0,0,0.0,0.0,0.0,Rental,Bike,0,0,True,False,False,,,,,,
b_34,0,0,0,0,0,0,0,0,0,0,0,0,0.0,0.0,0.0,Rental,Cab,0,0,False,True,False,,,,,,
b_35,3,3,3,3,0,0,0,0,0,0,0,0,0.0,0.0,0.0,InterCity,All,0,0,False,False,False,1.0,1.0,1.0,0.0,0.0,
b_35,0,0,0,0,0,0,0,0,0,0,0,0,0.0,0.0,0.0,InterCity,Auto,0,0,False,False,True,,,,,,
b_35,0,0,0,0,0,0,0,0,0,0,0,0,0.0,0.0,0.0,InterCity,Bike,0,0,True,False,False,,,,,,
b_35,0,0,0,0,0,0,0,0,0,0,0,0,0.0,0.0,0.0,InterCity,Cab,3,3,False,True,False,,,,,,
b_35,106,106,62,28,0,0,0,0,0,0,0,0,0.0,0.0,0.0,OneWay,All,0,0,False,False,False,1.0,0.5849,0.4516,0.0,0.0,
b_35,0,0,0,0,16,4,4,16,8,5,3,766,28.813,7.2032,191.5,OneWay,Auto,45,16,False,False,True,,,,,,0.5
b_35,0,0,0,0,0,0,0,0,0,0,0,0,0.0,0.0,0.0,OneWay,Bike,0,0,True,False,False,,,,,,
b_35,0,0,0,0,12,1,6,12,4,1,3,2975,137.577,22.9295,495.8333,OneWay,Cab,18,12,False,True,False,,,,,,0.3333
b_35,1,1,1,1,0,0,0,0,0,0,0,0,0.0,0.0,0.0,Rental,All,0,0,False,False,False,1.0,1.0,1.0,0.0,0.0,
b_35,0,0,0,0,0,0,0,0,0,0,0,0,0.0,0.0,0.0,Rental,Auto,1,1,False,False,True,,,,,,
b_35,0,0,0,0,0,0,0,0,0,0,0,0,0.0,0.0,0.0,Rental,Bike,0,0,True,False,False,,,,,,
b_35,0,0,0,0,0,0,0,0,0,0,0,0,0.0,0.0,0.0,Rental,Cab,1,1,False,True,False,,,,,,
b_36,0,0,0,0,0,0,0,0,0,0,0,0,0.0,0.0,0.0,InterCity,All,0,0,False,False,False,,,,,,
b_36,0,0,0,0,0,0,0,0,0,0,0,0,0.0,0.0,0.0,InterCity,Auto,0,0,False,False,True,,,,,,
b_36,0,0,0,0,0,0,0,0,0,0,0,0,0.0,0.0,0.0,InterCity,Bike,0,0,True,False,False,,,,,,
b_36,0,0,0,0,0,0,0,0,0,0,0,0,0.0,0.0,0.0,InterCity,Cab,0,0,False,True,False,,,,,,
b_36,447,447,286,147,0,0,0,0,0,0,0,0,0.0,0.0,0.0,OneWay,All,0,0,False,False,False,1.0,0.6398,0.514,0.0,0.0,
b_36,0,0,0,0,84,7,36,84,39,25,14,7377,323.841,8.9956,204.9167,OneWay,Auto,185,84,False,False,True,,,,,,0.4643
b_36,0,0,0,0,0,0,0,0,0,0,0,0,0.0,0.0,0.0,OneWay,Bike,0,0,True,False,False,,,,,,
b_36,0,0,0,0,63,5,30,63,24,12,12,10930,441.052,14.7017,364.3333,OneWay,Cab,111,64,False,True,False,,,,,,0.381
b_36,0,0,0,0,0,0,0,0,0,0,0,0,0.0,0.0,0.0,Rental,All,0,0,False,False,False,,,,,,
b_36,0,0,0,0,0,0,0,0,0,0,0,0,0.0,0.0,0.0,Rental,Auto,0,0,False,False,True,,,,,,
b_36,0,0,0,0,0,0,0,0,0,0,0,0,0.0,0.0,0.0,Rental,Bike,0,0,True,False,False,,,,,,
b_36,0,0,0,0,0,0,0,0,0,0,0,0,0.0,0.0,0.0,Rental,Cab,0,0,False,True,False,,,,,,
b_37,0,0,0,0,0,0,0,0,0,0,0,0,0.0,0.0,0.0,InterCity,All,0,0,False,False,False,,,,,,
b_37,0,0,0,0,0,0,0,0,0,0,0,0,0.0,0.0,0.0,InterCity,Auto,0,0,False,False,True,,,,,,
b_37,0,0,0,0,0,0,0,0,0,0,0,0,0.0,0.0,0.0,InterCity,Bike,0,0,True,False,False,,,,,,
b_37,0,0,0,0,0,0,0,0,0,0,0,0,0.0,0.0,0.0,InterCity,Cab,0,0,False,True,False,,,,,,
b_37,173,173,104,62,0,0,0,0,0,0,0,0,0.0,0.0,0.0,OneWay,All,0,0,False,False,False,1.0,0.6012,0.5962,0.0,0.0,
b_37,0,0,0,0,38,5,21,38,12,9,3,4196,189.883,9.042,199.8095,OneWay,Auto,55,38,False,False,True,,,,,,0.3158
b_37,0,0,0,0,0,0,0,0,0,0,0,0,0.0,0.0,0.0,OneWay,Bike,0,0,True,False,False,,,,,,
b_37,0,0,0,0,24,0,6,24,15,7,8,1769,68.678,11.4463,294.8333,OneWay,Cab,49,24,False,True,False,,,,,,0.625
b_37,0,0,0,0,0,0,0,0,0,0,0,0,0.0,0.0,0.0,Rental,All,0,0,False,False,False,,,,,,
b_37,0,0,0,0,0,0,0,0,0,0,0,0,0.0,0.0,0.0,Rental,Auto,0,0,False,False,True,,,,,,
b_37,0,0,0,0,0,0,0,0,0,0,0,0,0.0,0.0,0.0,Rental,Bike,0,0,True,False,False,,,,,,
b_37,0,0,0,0,0,0,0,0,0,0,0,0,0.0,0.0,0.0,Rental,Cab,0,0,False,True,False,,,,,,
b_38,0,0,0,0,0,0,0,0,0,0,0,0,0.0,0.0,0.0,InterCity,All,0,0,False,False,False,,,,,,
b_38,0,0,0,0,0,0,0,0,0,0,0,0,0.0,0.0,0.0,InterCity,Auto,0,0,False,False,True,,,,,,
b_38,0,0,0,0,0,0,0,0,0,0,0,0,0.0,0.0,0.0,InterCity,Bike,0,0,True,False,False,,,,,,
b_38,0,0,0,0,0,0,0,0,0,0,0,0,0.0,0.0,0.0,InterCity,Cab,0,0,False,True,False,,,,,,
b_38,28,28,16,13,0,0,0,0,0,0,0,0,0.0,0.0,0.0,OneWay,All,0,0,False,False,False,1.0,0.5714,0.8125,0.0,0.0,
b_38,0,0,0,0,11,1,6,11,4,2,2,758,32.577,5.4295,126.3333,OneWay,Auto,14,11,False,False,True,,,,,,0.3636
b_38,0,0,0,0,0,0,0,0,0,0,0,0,0.0,0.0,0.0,OneWay,Bike,0,0,True,False,False,,,,,,
b_38,0,0,0,0,2,0,2,2,0,0,0,1322,49.786,24.893,661.0,OneWay,Cab,2,2,False,True,False,,,,,,0.0
b_38,0,0,0,0,0,0,0,0,0,0,0,0,0.0,0.0,0.0,Rental,All,0,0,False,False,False,,,,,,
b_38,0,0,0,0,0,0,0,0,0,0,0,0,0.0,0.0,0.0,Rental,Auto,0,0,False,False,True,,,,,,
b_38,0,0,0,0,0,0,0,0,0,0,0,0,0.0,0.0,0.0,Rental,Bike,0,0,True,False,False,,,,,,
b_38,0,0,0,0,0,0,0,0,0,0,0,0,0.0,0.0,0.0,Rental,Cab,0,0,False,True,False,,,,,,
b_39,0,0,0,0,0,0,0,0,0,0,0,0,0.0,0.0,0.0,InterCity,All,0,0,False,False,False,,,,,,
b_39,0,0,0,0,0,0,0,0,0,0,0,0,0.0,0.0,0.0,InterCity,Auto,0,0,False,False,True,,,,,,
b_39,0,0,0,0,0,0,0,0,0,0,0,0,0.0,0.0,0.0,InterCity,Bike,0,0,True,False,False,,,,,,
b_39,0,0,0,0,0,0,0,0,0,0,0,0,0.0,0.0,0.0,InterCity,Cab,0,0,False,True,False,,,,,,
b_39,46,46,29,16,0,0,0,0,0,0,0,0,0.0,0.0,0.0,OneWay,All,0,0,False,False,False,1.0,0.6304,0.5517,0.0,0.0,
b_39,0,0,0,0,12,0,8,12,4,0,3,1360,61.753,7.7191,170.0,OneWay,Auto,19,12,False,False,True,,,,,,0.3333
b_39,0,0,0,0,0,0,0,0,0,0,0,0,0.0,0.0,0.0,OneWay,Bike,0,0,True,False,False,,,,,,
b_39,0,0,0,0,4,0,1,4,2,1,1,681,18.486,18.486,681.0,OneWay,Cab,12,4,False,True,False,,,,,,0.5
b_39,0,0,0,0,0,0,0,0,0,0,0,0,0.0,0.0,0.0,Rental,All,0,0,False,False,False,,,,,,
b_39,0,0,0,0,0,0,0,0,0,0,0,0,0.0,0.0,0.0,Rental,Auto,0,0,False,False,True,,,,,,
b_39,0,0,0,0,0,0,0,0,0,0,0,0,0.0,0.0,0.0,Rental,Bike,0,0,True,False,False,,,,,,
b_39,0,0,0,0,0,0,0,0,0,0,0,0,0.0,0.0,0.0,Rental,Cab,0,0,False,True,False,,,,,,
b_4,0,0,0,0,0,0,0,0,0,0,0,0,0.0,0.0,0.0,InterCity,All,0,0,False,False,False,,,,,,
b_4,0,0,0,0,0,0,0,0,0,0,0,0,0.0,0.0,0.0,InterCity,Auto,0,0,False,False,True,,,,,,
b_4,0,0,0,0,0,0,0,0,0,0,0,0,0.0,0.0,0.0,InterCity,Bike,0,0,True,False,False,,,,,,
b_4,0,0,0,0,0,0,0,0,0,0,0,0,0.0,0.0,0.0,InterCity,Cab,0,0,False,True,False,,,,,,
b_4,18,18,8,6,0,0,0,0,0,0,0,0,0.0,0.0,0.0,OneWay,All,0,0,False,False,False,1.0,0.4444,0.75,0.0,0.0,
b_4,0,0,0,0,3,1,0,3,1,1,0,0,0.0,0.0,0.0,OneWay,Auto,5,3,False,False,True,,,,,,0.3333
b_4,0,0,0,0,0,0,0,0,0,0,0,0,0.0,0.0,0.0,OneWay,Bike,0,0,True,False,False,,,,,,
b_4,0,0,0,0,3,0,1,3,2,0,2,646,32.731,32.731,646.0,OneWay,Cab,3,3,False,True,False,,,,,,0.6667
b_4,0,0,0,0,0,0,0,0,0,0,0,0,0.0,0.0,0.0,Rental,All,0,0,False,False,False,,,,,,
b_4,0,0,0,0,0,0,0,0,0,0,0,0,0.0,0.0,0.0,Rental,Auto,0,0,False,False,True,,,,,,
b_4,0,0,0,0,0,0,0,0,0,0,0,0,0.0,0.0,0.0,Rental,Bike,0,0,True,False,False,,,,,,
b_4,0,0,0,0,0,0,0,0,0,0,0,0,0.0,0.0,0.0,Rental,Cab,0,0,False,True,False,,,,,,
b_40,0,0,0,0,0,0,0,0,0,0,0,0,0.0,0.0,0.0,InterCity,All,0,0,False,False,False,,,,,,
b_40,0,0,0,0,0,0,0,0,0,0,0,0,0.0,0.0,0.0,InterCity,Auto,0,0,False,False,True,,,,,,
b_40,0,0,0,0,0,0,0,0,0,0,0,0,0.0,0.0,0.0,InterCity,Bike,0,0,True,False,False,,,,,,
b_40,0,0,0,0,0,0,0,0,0,0,0,0,0.0,0.0,0.0,InterCity,Cab,0,0,False,True,False,,,,,,
b_40,147,147,96,65,0,0,0,0,0,0,0,0,0.0,0.0,0.0,OneWay,All,0,0,False,False,False,1.0,0.6531,0.6771,0.0,0.0,
b_40,0,0,0,0,36,7,20,36,9,4,4,3823,181.827,9.0914,191.15,OneWay,Auto,54,36,False,False,True,,,,,,0.25
b_40,0,0,0,0,0,0,0,0,0,0,0,0,0.0,0.0,0.0,OneWay,Bike,0,0,True,False,False,,,,,,
b_40,0,0,0,0,28,3,13,28,7,5,2,4436,182.927,14.0713,341.2308,OneWay,Cab,42,29,False,True,False,,,,,,0.25
b_40,0,0,0,0,0,0,0,0,0,0,0,0,0.0,0.0,0.0,Rental,All,0,0,False,False,False,,,,,,
b_40,0,0,0,0,0,0,0,0,0,0,0,0,0.0,0.0,0.0,Rental,Auto,0,0,False,False,True,,,,,,
b_40,0,0,0,0,0,0,0,0,0,0,0,0,0.0,0.0,0.0,Rental,Bike,0,0,True,False,False,,,,,,
b_40,0,0,0,0,0,0,0,0,0,0,0,0,0.0,0.0,0.0,Rental,Cab,0,0,False,True,False,,,,,,
b_41,1,1,1,1,0,0,0,0,0,0,0,0,0.0,0.0,0.0,InterCity,All,0,0,False,False,False,1.0,1.0,1.0,0.0,0.0,
b_41,0,0,0,0,0,0,0,0,0,0,0,0,0.0,0.0,0.0,InterCity,Auto,0,0,False,False,True,,,,,,
b_41,0,0,0,0,0,0,0,0,0,0,0,0,0.0,0.0,0.0,InterCity,Bike,0,0,True,False,False,,,,,,
b_41,0,0,0,0,0,0,0,0,0,0,0,0,0.0,0.0,0.0,InterCity,Cab,1,1,False,True,False,,,,,,
b_41,30,30,14,9,0,0,0,0,0,0,0,0,0.0,0.0,0.0,OneWay,All,0,0,False,False,False,1.0,0.4667,0.6429,0.0,0.0,
b_41,0,0,0,0,5,1,4,5,0,0,0,456,20.775,5.1937,114.0,OneWay,Auto,7,5,False,False,True,,,,,,0.0
b_41,0,0,0,0,0,0,0,0,0,0,0,0,0.0,0.0,0.0,OneWay,Bike,0,0,True,False,False,,,,,,
b_41,0,0,0,0,4,0,2,4,2,2,0,632,28.739,14.3695,316.0,OneWay,Cab,7,4,False,True,False,,,,,,0.5
b_41,0,0,0,0,0,0,0,0,0,0,0,0,0.0,0.0,0.0,Rental,All,0,0,False,False,False,,,,,,
b_41,0,0,0,0,0,0,0,0,0,0,0,0,0.0,0.0,0.0,Rental,Auto,0,0,False,False,True,,,,,,
b_41,0,0,0,0,0,0,0,0,0,0,0,0,0.0,0.0,0.0,Rental,Bike,0,0,True,False,False,,,,,,
b_41,0,0,0,0,0,0,0,0,0,0,0,0,0.0,0.0,0.0,Rental,Cab,0,0,False,True,False,,,,,,
b_42,0,0,0,0,0,0,0,0,0,0,0,0,0.0,0.0,0.0,InterCity,All,0,0,False,False,False,,,,,,
b_42,0,0,0,0,0,0,0,0,0,0,0,0,0.0,0.0,0.0,InterCity,Auto,0,0,False,False,True,,,,,,
b_42,0,0,0,0,0,0,0,0,0,0,0,0,0.0,0.0,0.0,InterCity,Bike,0,0,True,False,False,,,,,,
b_42,0,0,0,0,0,0,0,0,0,0,0,0,0.0,0.0,0.0,InterCity,Cab,0,0,False,True,False,,,,,,
b_42,5,5,1,1,0,0,0,0,0,0,0,0,0.0,0.0,0.0,OneWay,All,0,0,False,False,False,1.0,0.2,1.0,0.0,0.0,
b_42,0,0,0,0,1,0,0,1,0,0,0,0,0.0,0.0,0.0,OneWay,Auto,1,1,False,False,True,,,,,,0.0
b_42,0,0,0,0,0,0,0,0,0,0,0,0,0.0,0.0,0.0,OneWay,Bike,0,0,True,False,False,,,,,,
b_42,0,0,0,0,0,0,0,0,0,0,0,0,0.0,0.0,0.0,OneWay,Cab,0,0,False,True,False,,,,,,
b_42,0,0,0,0,0,0,0,0,0,0,0,0,0.0,0.0,0.0,Rental,All,0,0,False,False,False,,,,,,
b_42,0,0,0,0,0,0,0,0,0,0,0,0,0.0,0.0,0.0,Rental,Auto,0,0,False,False,True,,,,,,
b_42,0,0,0,0,0,0,0,0,0,0,0,0,0.0,0.0,0.0,Rental,Bike,0,0,True,False,False,,,,,,
b_42,0,0,0,0,0,0,0,0,0,0,0,0,0.0,0.0,0.0,Rental,Cab,0,0,False,True,False,,,,,,
b_43,0,0,0,0,0,0,0,0,0,0,0,0,0.0,0.0,0.0,InterCity,All,0,0,False,False,False,,,,,,
b_43,0,0,0,0,0,0,0,0,0,0,0,0,0.0,0.0,0.0,InterCity,Auto,0,0,False,False,True,,,,,,
b_43,0,0,0,0,0,0,0,0,0,0,0,0,0.0,0.0,0.0,InterCity,Bike,0,0,True,False,False,,,,,,
b_43,0,0,0,0,0,0,0,0,0,0,0,0,0.0,0.0,0.0,InterCity,Cab,0,0,False,True,False,,,,,,
b_43,10,10,4,3,0,0,0,0,0,0,0,0,0.0,0.0,0.0,OneWay,All,0,0,False,False,False,1.0,0.4,0.75,0.0,0.0,
b_43,0,0,0,0,2,0,2,2,0,0,0,335,15.308,7.654,167.5,OneWay,Auto,2,2,False,False,True,,,,,,0.0
b_43,0,0,0,0,0,0,0,0,0,0,0,0,0.0,0.0,0.0,OneWay,Bike,0,0,True,False,False,,,,,,
b_43,0,0,0,0,1,0,1,1,0,0,0,245,9.999,9.999,245.0,OneWay,Cab,2,1,False,True,False,,,,,,0.0
b_43,0,0,0,0,0,0,0,0,0,0,0,0,0.0,0.0,0.0,Rental,All,0,0,False,False,False,,,,,,
b_43,0,0,0,0,0,0,0,0,0,0,0,0,0.0,0.0,0.0,Rental,Auto,0,0,False,False,True,,,,,,
b_43,0,0,0,0,0,0,0,0,0,0,0,0,0.0,0.0,0.0,Rental,Bike,0,0,True,False,False,,,,,,
b_43,0,0,0,0,0,0,0,0,0,0,0,0,0.0,0.0,0.0,Rental,Cab,0,0,False,True,False,,,,,,
b_44,0,0,0,0,0,0,0,0,0,0,0,0,0.0,0.0,0.0,InterCity,All,0,0,False,False,False,,,,,,
b_44,0,0,0,0,0,0,0,0,0,0,0,0,0.0,0.0,0.0,InterCity,Auto,0,0,False,False,True,,,,,,
b_44,0,0,0,0,0,0,0,0,0,0,0,0,0.0,0.0,0.0,InterCity,Bike,0,0,True,False,False,,,,,,
b_44,0,0,0,0,0,0,0,0,0,0,0,0,0.0,0.0,0.0,InterCity,Cab,0,0,False,True,False,,,,,,
b_44,2,2,0,0,0,0,0,0,0,0,0,0,0.0,0.0,0.0,OneWay,All,0,0,False,False,False,1.0,0.0,,,0.0,
b_44,0,0,0,0,0,0,0,0,0,0,0,0,0.0,0.0,0.0,OneWay,Auto,0,0,False,False,True,,,,,,
b_44,0,0,0,0,0,0,0,0,0,0,0,0,0.0,0.0,0.0,OneWay,Bike,0,0,True,False,False,,,,,,
b_44,0,0,0,0,0,0,0,0,0,0,0,0,0.0,0.0,0.0,OneWay,Cab,0,0,False,True,False,,,,,,
b_44,0,0,0,0,0,0,0,0,0,0,0,0,0.0,0.0,0.0,Rental,All,0,0,False,False,False,,,,,,
b_44,0,0,0,0,0,0,0,0,0,0,0,0,0.0,0.0,0.0,Rental,Auto,0,0,False,False,True,,,,,,
b_44,0,0,0,0,0,0,0,0,0,0,0,0,0.0,0.0,0.0,Rental,Bike,0,0,True,False,False,,,,,,
b_44,0,0,0,0,0,0,0,0,0,0,0,0,0.0,0.0,0.0,Rental,Cab,0,0,False,True,False,,,,,,
b_45,0,0,0,0,0,0,0,0,0,0,0,0,0.0,0.0,0.0,InterCity,All,0,0,False,False,False,,,,,,
b_45,0,0,0,0,0,0,0,0,0,0,0,0,0.0,0.0,0.0,InterCity,Auto,0,0,False,False,True,,,,,,
b_45,0,0,0,0,0,0,0,0,0,0,0,0,0.0,0.0,0.0,InterCity,Bike,0,0,True,False,False,,,,,,
b_45,0,0,0,0,0,0,0,0,0,0,0,0,0.0,0.0,0.0,InterCity,Cab,0,0,False,True,False,,,,,,
b_45,11,11,5,3,0,0,0,0,0,0,0,0,0.0,0.0,0.0,OneWay,All,0,0,False,False,False,1.0,0.4545,0.6,0.0,0.0,
b_45,0,0,0,0,2,1,0,2,1,1,0,0,0.0,0.0,0.0,OneWay,Auto,4,2,False,False,True,,,,,,0.5
b_45,0,0,0,0,0,0,0,0,0,0,0,0,0.0,0.0,0.0,OneWay,Bike,0,0,True,False,False,,,,,,
b_45,0,0,0,0,1,0,0,1,1,0,1,0,0.0,0.0,0.0,OneWay,Cab,1,1,False,True,False,,,,,,1.0
b_45,0,0,0,0,0,0,0,0,0,0,0,0,0.0,0.0,0.0,Rental,All,0,0,False,False,False,,,,,,
b_45,0,0,0,0,0,0,0,0,0,0,0,0,0.0,0.0,0.0,Rental,Auto,0,0,False,False,True,,,,,,
b_45,0,0,0,0,0,0,0,0,0,0,0,0,0.0,0.0,0.0,Rental,Bike,0,0,True,False,False,,,,,,
b_45,0,0,0,0,0,0,0,0,0,0,0,0,0.0,0.0,0.0,Rental,Cab,0,0,False,True,False,,,,,,
b_46,0,0,0,0,0,0,0,0,0,0,0,0,0.0,0.0,0.0,InterCity,All,0,0,False,False,False,,,,,,
b_46,0,0,0,0,0,0,0,0,0,0,0,0,0.0,0.0,0.0,InterCity,Auto,0,0,False,False,True,,,,,,
b_46,0,0,0,0,0,0,0,0,0,0,0,0,0.0,0.0,0.0,InterCity,Bike,0,0,True,False,False,,,,,,
b_46,0,0,0,0,0,0,0,0,0,0,0,0,0.0,0.0,0.0,InterCity,Cab,0,0,False,True,False,,,,,,
b_46,12,12,5,4,0,0,0,0,0,0,0,0,0.0,0.0,0.0,OneWay,All,0,0,False,False,False,1.0,0.4167,0.8,0.0,0.0,
b_46,0,0,0,0,3,0,3,3,0,0,0,378,18.163,6.0543,126.0,OneWay,Auto,4,3,False,False,True,,,,,,0.0
b_46,0,0,0,0,0,0,0,0,0,0,0,0,0.0,0.0,0.0,OneWay,Bike,0,0,True,False,False,,,,,,
b_46,0,0,0,0,1,0,1,1,0,0,0,215,8.595,8.595,215.0,OneWay,Cab,1,1,False,True,False,,,,,,0.0
b_46,0,0,0,0,0,0,0,0,0,0,0,0,0.0,0.0,0.0,Rental,All,0,0,False,False,False,,,,,,
b_46,0,0,0,0,0,0,0,0,0,0,0,0,0.0,0.0,0.0,Rental,Auto,0,0,False,False,True,,,,,,
b_46,0,0,0,0,0,0,0,0,0,0,0,0,0.0,0.0,0.0,Rental,Bike,0,0,True,False,False,,,,,,
b_46,0,0,0,0,0,0,0,0,0,0,0,0,0.0,0.0,0.0,Rental,Cab,0,0,False,True,False,,,,,,
b_47,0,0,0,0,0,0,0,0,0,0,0,0,0.0,0.0,0.0,InterCity,All,0,0,False,False,False,,,,,,
b_47,0,0,0,0,0,0,0,0,0,0,0,0,0.0,0.0,0.0,InterCity,Auto,0,0,False,False,True,,,,,,
b_47,0,0,0,0,0,0,0,0,0,0,0,0,0.0,0.0,0.0,InterCity,Bike,0,0,True,False,False,,,,,,
b_47,0,0,0,0,0,0,0,0,0,0,0,0,0.0,0.0,0.0,InterCity,Cab,0,0,False,True,False,,,,,,
b_47,39,39,19,10,0,0,0,0,0,0,0,0,0.0,0.0,0.0,OneWay,All,0,0,False,False,False,1.0,0.4872,0.5263,0.0,0.0,
b_47,0,0,0,0,9,0,7,9,2,1,1,1174,45.651,6.5216,167.7143,OneWay,Auto,15,9,False,False,True,,,,,,0.2222
b_47,0,0,0,0,0,0,0,0,0,0,0,0,0.0,0.0,0.0,OneWay,Bike,0,0,True,False,False,,,,,,
b_47,0,0,0,0,1,0,0,1,1,1,0,0,0.0,0.0,0.0,OneWay,Cab,4,1,False,True,False,,,,,,1.0
b_47,0,0,0,0,0,0,0,0,0,0,0,0,0.0,0.0,0.0,Rental,All,0,0,False,False,False,,,,,,
b_47,0,0,0,0,0,0,0,0,0,0,0,0,0.0,0.0,0.0,Rental,Auto,0,0,False,False,True,,,,,,
b_47,0,0,0,0,0,0,0,0,0,0,0,0,0.0,0.0,0.0,Rental,Bike,0,0,True,False,False,,,,,,
b_47,0,0,0,0,0,0,0,0,0,0,0,0,0.0,0.0,0.0,Rental,Cab,0,0,False,True,False,,,,,,
b_48,0,0,0,0,0,0,0,0,0,0,0,0,0.0,0.0,0.0,InterCity,All,0,0,False,False,False,,,,,,
b_48,0,0,0,0,0,0,0,0,0,0,0,0,0.0,0.0,0.0,InterCity,Auto,0,0,False,False,True,,,,,,
b_48,0,0,0,0,0,0,0,0,0,0,0,0,0.0,0.0,0.0,InterCity,Bike,0,0,True,False,False,,,,,,
b_48,0,0,0,0,0,0,0,0,0,0,0,0,0.0,0.0,0.0,InterCity,Cab,0,0,False,True,False,,,,,,
b_48,91,91,47,26,0,0,0,0,0,0,0,0,0.0,0.0,0.0,OneWay,All,0,0,False,False,False,1.0,0.5165,0.5532,0.0,0.0,
b_48,0,0,0,0,19,4,8,19,7,2,5,1420,61.619,7.7024,177.5,OneWay,Auto,36,20,False,False,True,,,,,,0.3684
b_48,0,0,0,0,0,0,0,0,0,0,0,0,0.0,0.0,0.0,OneWay,Bike,0,0,True,False,False,,,,,,
b_48,0,0,0,0,6,0,4,6,2,1,1,903,35.164,8.791,225.75,OneWay,Cab,11,6,False,True,False,,,,,,0.3333
b_48,0,0,0,0,0,0,0,0,0,0,0,0,0.0,0.0,0.0,Rental,All,0,0,False,False,False,,,,,,
b_48,0,0,0,0,0,0,0,0,0,0,0,0,0.0,0.0,0.0,Rental,Auto,0,0,False,False,True,,,,,,
b_48,0,0,0,0,0,0,0,0,0,0,0,0,0.0,0.0,0.0,Rental,Bike,0,0,True,False,False,,,,,,
b_48,0,0,0,0,0,0,0,0,0,0,0,0,0.0,0.0,0.0,Rental,Cab,0,0,False,True,False,,,,,,
b_49,0,0,0,0,0,0,0,0,0,0,0,0,0.0,0.0,0.0,InterCity,All,0,0,False,False,False,,,,,,
b_49,0,0,0,0,0,0,0,0,0,0,0,0,0.0,0.0,0.0,InterCity,Auto,0,0,False,False,True,,,,,,
b_49,0,0,0,0,0,0,0,0,0,0,0,0,0.0,0.0,0.0,InterCity,Bike,0,0,True,False,False,,,,,,
b_49,0,0,0,0,0,0,0,0,0,0,0,0,0.0,0.0,0.0,InterCity,Cab,0,0,False,True,False,,,,,,
b_49,66,66,36,28,0,0,0,0,0,0,0,0,0.0,0.0,0.0,OneWay,All,0,0,False,False,False,1.0,0.5455,0.7778,0.0,0.0,
b_49,0,0,0,0,14,6,5,14,3,2,1,1417,68.807,13.7614,283.4,OneWay,Auto,21,14,False,False,True,,,,,,0.2143
b_49,0,0,0,0,0,0,0,0,0,0,0,0,0.0,0.0,0.0,OneWay,Bike,0,0,True,False,False,,,,,,
b_49,0,0,0,0,14,4,5,14,5,2,3,1731,75.92,15.184,346.2,OneWay,Cab,15,14,False,True,False,,,,,,0.3571
b_49,0,0,0,0,0,0,0,0,0,0,0,0,0.0,0.0,0.0,Rental,All,0,0,False,False,False,,,,,,
b_49,0,0,0,0,0,0,0,0,0,0,0,0,0.0,0.0,0.0,Rental,Auto,0,0,False,False,True,,,,,,
b_49,0,0,0,0,0,0,0,0,0,0,0,0,0.0,0.0,0.0,Rental,Bike,0,0,True,False,False,,,,,,
b_49,0,0,0,0,0,0,0,0,0,0,0,0,0.0,0.0,0.0,Rental,Cab,0,0,False,True,False,,,,,,
b_5,0,0,0,0,0,0,0,0,0,0,0,0,0.0,0.0,0.0,InterCity,All,0,0,False,False,False,,,,,,
b_5,0,0,0,0,0,0,0,0,0,0,0,0,0.0,0.0,0.0,InterCity,Auto,0,0,False,False,True,,,,,,
b_5,0,0,0,0,0,0,0,0,0,0,0,0,0.0,0.0,0.0,InterCity,Bike,0,0,True,False,False,,,,,,
b_5,0,0,0,0,0,0,0,0,0,0,0,0,0.0,0.0,0.0,InterCity,Cab,0,0,False,True,False,,,,,,
b_5,48,48,33,25,0,0,0,0,0,0,0,0,0.0,0.0,0.0,OneWay,All,0,0,False,False,False,1.0,0.6875,0.7576,0.0,0.0,
b_5,0,0,0,0,12,0,8,12,4,0,4,1958,84.401,10.5501,244.75,OneWay,Auto,16,12,False,False,True,,,,,,0.3333
b_5,0,0,0,0,0,0,0,0,0,0,0,0,0.0,0.0,0.0,OneWay,Bike,0,0,True,False,False,,,,,,
b_5,0,0,0,0,13,1,8,13,4,1,3,3035,126.397,15.7996,379.375,OneWay,Cab,18,13,False,True,False,,,,,,0.3077
b_5,10,10,10,10,0,0,0,0,0,0,0,0,0.0,0.0,0.0,Rental,All,0,0,False,False,False,1.0,1.0,1.0,0.0,0.0,
b_5,0,0,0,0,0,0,0,0,0,0,0,0,0.0,0.0,0.0,Rental,Auto,5,5,False,False,True,,,,,,
b_5,0,0,0,0,0,0,0,0,0,0,0,0,0.0,0.0,0.0,Rental,Bike,0,0,True,False,False,,,,,,
b_5,0,0,0,0,5,0,0,4,5,3,1,0,0.0,0.0,0.0,Rental,Cab,10,8,False,True,False,,,,,,1.0
b_50,0,0,0,0,0,0,0,0,0,0,0,0,0.0,0.0,0.0,InterCity,All,0,0,False,False,False,,,,,,
b_50,0,0,0,0,0,0,0,0,0,0,0,0,0.0,0.0,0.0,InterCity,Auto,0,0,False,False,True,,,,,,
b_50,0,0,0,0,0,0,0,0,0,0,0,0,0.0,0.0,0.0,InterCity,Bike,0,0,True,False,False,,,,,,
b_50,0,0,0,0,0,0,0,0,0,0,0,0,0.0,0.0,0.0,InterCity,Cab,0,0,False,True,False,,,,,,
b_50,65,65,44,29,0,0,0,0,0,0,0,0,0.0,0.0,0.0,OneWay,All,0,0,False,False,False,1.0,0.6769,0.6591,0.0,0.0,
b_50,0,0,0,0,20,4,8,20,8,4,4,1317,58.171,7.2714,164.625,OneWay,Auto,34,20,False,False,True,,,,,,0.4
b_50,0,0,0,0,0,0,0,0,0,0,0,0,0.0,0.0,0.0,OneWay,Bike,0,0,True,False,False,,,,,,
b_50,0,0,0,0,9,0,3,9,6,3,3,1227,55.42,18.4733,409.0,OneWay,Cab,10,9,False,True,False,,,,,,0.6667
b_50,0,0,0,0,0,0,0,0,0,0,0,0,0.0,0.0,0.0,Rental,All,0,0,False,False,False,,,,,,
b_50,0,0,0,0,0,0,0,0,0,0,0,0,0.0,0.0,0.0,Rental,Auto,0,0,False,False,True,,,,,,
b_50,0,0,0,0,0,0,0,0,0,0,0,0,0.0,0.0,0.0,Rental,Bike,0,0,True,False,False,,,,,,
b_50,0,0,0,0,0,0,0,0,0,0,0,0,0.0,0.0,0.0,Rental,Cab,0,0,False,True,False,,,,,,
b_51,0,0,0,0,0,0,0,0,0,0,0,0,0.0,0.0,0.0,InterCity,All,0,0,False,False,False,,,,,,
b_51,0,0,0,0,0,0,0,0,0,0,0,0,0.0,0.0,0.0,InterCity,Auto,0,0,False,False,True,,,,,,
b_51,0,0,0,0,0,0,0,0,0,0,0,0,0.0,0.0,0.0,InterCity,Bike,0,0,True,False,False,,,,,,
b_51,0,0,0,0,0,0,0,0,0,0,0,0,0.0,0.0,0.0,InterCity,Cab,0,0,False,True,False,,,,,,
b_51,127,127,105,50,0,0,0,0,0,0,0,0,0.0,0.0,0.0,OneWay,All,0,0,False,False,False,1.0,0.8268,0.4762,0.0,0.0,
b_51,0,0,0,0,35,3,19,35,13,7,6,3229,150.733,7.9333,169.9474,OneWay,Auto,83,35,False,False,True,,,,,,0.3714
b_51,0,0,0,0,0,0,0,0,0,0,0,0,0.0,0.0,0.0,OneWay,Bike,0,0,True,False,False,,,,,,
b_51,0,0,0,0,15,2,5,15,8,4,4,2063,82.049,16.4098,412.6,OneWay,Cab,23,15,False,True,False,,,,,,0.5333
b_51,0,0,0,0,0,0,0,0,0,0,0,0,0.0,0.0,0.0,Rental,All,0,0,False,False,False,,,,,,
b_51,0,0,0,0,0,0,0,0,0,0,0,0,0.0,0.0,0.0,Rental,Auto,0,0,False,False,True,,,,,,
b_51,0,0,0,0,0,0,0,0,0,0,0,0,0.0,0.0,0.0,Rental,Bike,0,0,True,False,False,,,,,,
b_51,0,0,0,0,0,0,0,0,0,0,0,0,0.0,0.0,0.0,Rental,Cab,0,0,False,True,False,,,,,,
b_52,0,0,0,0,0,0,0,0,0,0,0,0,0.0,0.0,0.0,InterCity,All,0,0,False,False,False,,,,,,
b_52,0,0,0,0,0,0,0,0,0,0,0,0,0.0,0.0,0.0,InterCity,Auto,0,0,False,False,True,,,,,,
b_52,0,0,0,0,0,0,0,0,0,0,0,0,0.0,0.0,0.0,InterCity,Bike,0,0,True,False,False,,,,,,
b_52,0,0,0,0,0,0,0,0,0,0,0,0,0.0,0.0,0.0,InterCity,Cab,0,0,False,True,False,,,,,,
b_52,22,22,18,13,0,0,0,0,0,0,0,0,0.0,0.0,0.0,OneWay,All,0,0,False,False,False,1.0,0.8182,0.7222,0.0,0.0,
b_52,0,0,0,0,9,0,4,9,5,0,5,581,24.178,6.0445,145.25,OneWay,Auto,13,9,False,False,True,,,,,,0.5556
b_52,0,0,0,0,0,0,0,0,0,0,0,0,0.0,0.0,0.0,OneWay,Bike,0,0,True,False,False,,,,,,
b_52,0,0,0,0,4,0,2,4,2,1,1,1098,54.525,27.2625,549.0,OneWay,Cab,5,4,False,True,False,,,,,,0.5
b_52,0,0,0,0,0,0,0,0,0,0,0,0,0.0,0.0,0.0,Rental,All,0,0,False,False,False,,,,,,
b_52,0,0,0,0,0,0,0,0,0,0,0,0,0.0,0.0,0.0,Rental,Auto,0,0,False,False,True,,,,,,
b_52,0,0,0,0,0,0,0,0,0,0,0,0,0.0,0.0,0.0,Rental,Bike,0,0,True,False,False,,,,,,
b_52,0,0,0,0,0,0,0,0,0,0,0,0,0.0,0.0,0.0,Rental,Cab,0,0,False,True,False,,,,,,
b_53,1,1,1,1,0,0,0,0,0,0,0,0,0.0,0.0,0.0,InterCity,All,0,0,False,False,False,1.0,1.0,1.0,0.0,0.0,
b_53,0,0,0,0,0,0,0,0,0,0,0,0,0.0,0.0,0.0,InterCity,Auto,0,0,False,False,True,,,,,,
b_53,0,0,0,0,0,0,0,0,0,0,0,0,0.0,0.0,0.0,InterCity,Bike,0,0,True,False,False,,,,,,
b_53,0,0,0,0,0,0,0,0,0,0,0,0,0.0,0.0,0.0,InterCity,Cab,1,1,False,True,False,,,,,,
b_53,18,18,5,2,0,0,0,0,0,0,0,0,0.0,0.0,0.0,OneWay,All,0,0,False,False,False,1.0,0.2778,0.4,0.0,0.0,
b_53,0,0,0,0,0,0,0,0,0,0,0,0,0.0,0.0,0.0,OneWay,Auto,0,0,False,False,True,,,,,,
b_53,0,0,0,0,0,0,0,0,0,0,0,0,0.0,0.0,0.0,OneWay,Bike,0,0,True,False,False,,,,,,
b_53,0,0,0,0,2,0,1,2,1,0,1,155,2.211,2.211,155.0,OneWay,Cab,5,2,False,True,False,,,,,,0.5
b_53,0,0,0,0,0,0,0,0,0,0,0,0,0.0,0.0,0.0,Rental,All,0,0,False,False,False,,,,,,
b_53,0,0,0,0,0,0,0,0,0,0,0,0,0.0,0.0,0.0,Rental,Auto,0,0,False,False,True,,,,,,
b_53,0,0,0,0,0,0,0,0,0,0,0,0,0.0,0.0,0.0,Rental,Bike,0,0,True,False,False,,,,,,
b_53,0,0,0,0,0,0,0,0,0,0,0,0,0.0,0.0,0.0,Rental,Cab,0,0,False,True,False,,,,,,
b_54,0,0,0,0,0,0,0,0,0,0,0,0,0.0,0.0,0.0,InterCity,All,0,0,False,False,False,,,,,,
b_54,0,0,0,0,0,0,0,0,0,0,0,0,0.0,0.0,0.0,InterCity,Auto,0,0,False,False,True,,,,,,
b_54,0,0,0,0,0,0,0,0,0,0,0,0,0.0,0.0,0.0,InterCity,Bike,0,0,True,False,False,,,,,,
b_54,0,0,0,0,0,0,0,0,0,0,0,0,0.0,0.0,0.0,InterCity,Cab,0,0,False,True,False,,,,,,
b_54,3,3,1,1,0,0,0,0,0,0,0,0,0.0,0.0,0.0,OneWay,All,0,0,False,False,False,1.0,0.3333,1.0,0.0,0.0,
b_54,0,0,0,0,0,0,0,0,0,0,0,0,0.0,0.0,0.0,OneWay,Auto,0,0,False,False,True,,,,,,
b_54,0,0,0,0,0,0,0,0,0,0,0,0,0.0,0.0,0.0,OneWay,Bike,0,0,True,False,False,,,,,,
b_54,0,0,0,0,1,0,1,1,0,0,0,320,14.248,14.248,320.0,OneWay,Cab,1,1,False,True,False,,,,,,0.0
b_54,0,0,0,0,0,0,0,0,0,0,0,0,0.0,0.0,0.0,Rental,All,0,0,False,False,False,,,,,,
b_54,0,0,0,0,0,0,0,0,0,0,0,0,0.0,0.0,0.0,Rental,Auto,0,0,False,False,True,,,,,,
b_54,0,0,0,0,0,0,0,0,0,0,0,0,0.0,0.0,0.0,Rental,Bike,0,0,True,False,False,,,,,,
b_54,0,0,0,0,0,0,0,0,0,0,0,0,0.0,0.0,0.0,Rental,Cab,0,0,False,True,False,,,,,,
b_55,0,0,0,0,0,0,0,0,0,0,0,0,0.0,0.0,0.0,InterCity,All,0,0,False,False,False,,,,,,
b_55,0,0,0,0,0,0,0,0,0,0,0,0,0.0,0.0,0.0,InterCity,Auto,0,0,False,False,True,,,,,,
b_55,0,0,0,0,0,0,0,0,0,0,0,0,0.0,0.0,0.0,InterCity,Bike,0,0,True,False,False,,,,,,
b_55,0,0,0,0,0,0,0,0,0,0,0,0,0.0,0.0,0.0,InterCity,Cab,0,0,False,True,False,,,,,,
b_55,10,10,7,6,0,0,0,0,0,0,0,0,0.0,0.0,0.0,OneWay,All,0,0,False,False,False,1.0,0.7,0.8571,0.0,0.0,
b_55,0,0,0,0,5,0,2,5,3,0,3,185,8.366,4.183,92.5,OneWay,Auto,6,5,False,False,True,,,,,,0.6
b_55,0,0,0,0,0,0,0,0,0,0,0,0,0.0,0.0,0.0,OneWay,Bike,0,0,True,False,False,,,,,,
b_55,0,0,0,0,1,0,1,1,0,0,0,303,11.346,11.346,303.0,OneWay,Cab,1,1,False,True,False,,,,,,0.0
b_55,0,0,0,0,0,0,0,0,0,0,0,0,0.0,0.0,0.0,Rental,All,0,0,False,False,False,,,,,,
b_55,0,0,0,0,0,0,0,0,0,0,0,0,0.0,0.0,0.0,Rental,Auto,0,0,False,False,True,,,,,,
b_55,0,0,0,0,0,0,0,0,0,0,0,0,0.0,0.0,0.0,Rental,Bike,0,0,True,False,False,,,,,,
b_55,0,0,0,0,0,0,0,0,0,0,0,0,0.0,0.0,0.0,Rental,Cab,0,0,False,True,False,,,,,,
b_56,1,1,1,1,0,0,0,0,0,0,0,0,0.0,0.0,0.0,InterCity,All,0,0,False,False,False,1.0,1.0,1.0,0.0,0.0,
b_56,0,0,0,0,0,0,0,0,0,0,0,0,0.0,0.0,0.0,InterCity,Auto,0,0,False,False,True,,,,,,
b_56,0,0,0,0,0,0,0,0,0,0,0,0,0.0,0.0,0.0,InterCity,Bike,0,0,True,False,False,,,,,,
b_56,0,0,0,0,0,0,0,0,0,0,0,0,0.0,0.0,0.0,InterCity,Cab,1,1,False,True,False,,,,,,
b_56,3,3,2,2,0,0,0,0,0,0,0,0,0.0,0.0,0.0,OneWay,All,0,0,False,False,False,1.0,0.6667,1.0,0.0,0.0,
b_56,0,0,0,0,2,0,1,2,1,0,1,73,3.415,3.415,73.0,OneWay,Auto,2,2,False,False,True,,,,,,0.5
b_56,0,0,0,0,0,0,0,0,0,0,0,0,0.0,0.0,0.0,OneWay,Bike,0,0,True,False,False,,,,,,
b_56,0,0,0,0,0,0,0,0,0,0,0,0,0.0,0.0,0.0,OneWay,Cab,0,0,False,True,False,,,,,,
b_56,0,0,0,0,0,0,0,0,0,0,0,0,0.0,0.0,0.0,Rental,All,0,0,False,False,False,,,,,,
b_56,0,0,0,0,0,0,0,0,0,0,0,0,0.0,0.0,0.0,Rental,Auto,0,0,False,False,True,,,,,,
b_56,0,0,0,0,0,0,0,0,0,0,0,0,0.0,0.0,0.0,Rental,Bike,0,0,True,False,False,,,,,,
b_56,0,0,0,0,0,0,0,0,0,0,0,0,0.0,0.0,0.0,Rental,Cab,0,0,False,True,False,,,,,,
b_57,1,1,1,1,0,0,0,0,0,0,0,0,0.0,0.0,0.0,InterCity,All,0,0,False,False,False,1.0,1.0,1.0,0.0,0.0,
b_57,0,0,0,0,0,0,0,0,0,0,0,0,0.0,0.0,0.0,InterCity,Auto,0,0,False,False,True,,,,,,
b_57,0,0,0,0,0,0,0,0,0,0,0,0,0.0,0.0,0.0,InterCity,Bike,0,0,True,False,False,,,,,,
b_57,0,0,0,0,0,0,0,0,0,0,0,0,0.0,0.0,0.0,InterCity,Cab,1,1,False,True,False,,,,,,
b_57,15,15,13,10,0,0,0,0,0,0,0,0,0.0,0.0,0.0,OneWay,All,0,0,False,False,False,1.0,0.8667,0.7692,0.0,0.0,
b_57,0,0,0,0,7,1,2,7,4,3,1,241,10.797,5.3985,120.5,OneWay,Auto,8,7,False,False,True,,,,,,0.5714
b_57,0,0,0,0,0,0,0,0,0,0,0,0,0.0,0.0,0.0,OneWay,Bike,0,0,True,False,False,,,,,,
b_57,0,0,0,0,3,1,2,3,0,0,0,741,32.25,16.125,370.5,OneWay,Cab,4,3,False,True,False,,,,,,0.0
b_57,0,0,0,0,0,0,0,0,0,0,0,0,0.0,0.0,0.0,Rental,All,0,0,False,False,False,,,,,,
b_57,0,0,0,0,0,0,0,0,0,0,0,0,0.0,0.0,0.0,Rental,Auto,0,0,False,False,True,,,,,,
b_57,0,0,0,0,0,0,0,0,0,0,0,0,0.0,0.0,0.0,Rental,Bike,0,0,True,False,False,,,,,,
b_57,0,0,0,0,0,0,0,0,0,0,0,0,0.0,0.0,0.0,Rental,Cab,0,0,False,True,False,,,,,,
b_58,0,0,0,0,0,0,0,0,0,0,0,0,0.0,0.0,0.0,InterCity,All,0,0,False,False,False,,,,,,
b_58,0,0,0,0,0,0,0,0,0,0,0,0,0.0,0.0,0.0,InterCity,Auto,0,0,False,False,True,,,,,,
b_58,0,0,0,0,0,0,0,0,0,0,0,0,0.0,0.0,0.0,InterCity,Bike,0,0,True,False,False,,,,,,
b_58,0,0,0,0,0,0,0,0,0,0,0,0,0.0,0.0,0.0,InterCity,Cab,0,0,False,True,False,,,,,,
b_58,23,23,8,5,0,0,0,0,0,0,0,0,0.0,0.0,0.0,OneWay,All,0,0,False,False,False,1.0,0.3478,0.625,0.0,0.0,
b_58,0,0,0,0,2,0,0,2,2,1,1,0,0.0,0.0,0.0,OneWay,Auto,2,2,False,False,True,,,,,,1.0
b_58,0,0,0,0,0,0,0,0,0,0,0,0,0.0,0.0,0.0,OneWay,Bike,0,0,True,False,False,,,,,,
b_58,0,0,0,0,3,0,1,3,2,2,0,199,6.974,6.974,199.0,OneWay,Cab,6,3,False,True,False,,,,,,0.6667
b_58,0,0,0,0,0,0,0,0,0,0,0,0,0.0,0.0,0.0,Rental,All,0,0,False,False,False,,,,,,
b_58,0,0,0,0,0,0,0,0,0,0,0,0,0.0,0.0,0.0,Rental,Auto,0,0,False,False,True,,,,,,
b_58,0,0,0,0,0,0,0,0,0,0,0,0,0.0,0.0,0.0,Rental,Bike,0,0,True,False,False,,,,,,
b_58,0,0,0,0,0,0,0,0,0,0,0,0,0.0,0.0,0.0,Rental,Cab,0,0,False,True,False,,,,,,
b_59,0,0,0,0,0,0,0,0,0,0,0,0,0.0,0.0,0.0,InterCity,All,0,0,False,False,False,,,,,,
b_59,0,0,0,0,0,0,0,0,0,0,0,0,0.0,0.0,0.0,InterCity,Auto,0,0,False,False,True,,,,,,
b_59,0,0,0,0,0,0,0,0,0,0,0,0,0.0,0.0,0.0,InterCity,Bike,0,0,True,False,False,,,,,,
b_59,0,0,0,0,0,0,0,0,0,0,0,0,0.0,0.0,0.0,InterCity,Cab,0,0,False,True,False,,,,,,
b_59,39,39,18,12,0,0,0,0,0,0,0,0,0.0,0.0,0.0,OneWay,All,0,0,False,False,False,1.0,0.4615,0.6667,0.0,0.0,
b_59,0,0,0,0,9,0,6,9,2,1,1,569,18.932,3.1553,94.8333,OneWay,Auto,15,9,False,False,True,,,,,,0.2222
b_59,0,0,0,0,0,0,0,0,0,0,0,0,0.0,0.0,0.0,OneWay,Bike,0,0,True,False,False,,,,,,
b_59,0,0,0,0,3,0,3,3,0,0,0,879,34.591,11.5303,293.0,OneWay,Cab,3,3,False,True,False,,,,,,0.0
b_59,0,0,0,0,0,0,0,0,0,0,0,0,0.0,0.0,0.0,Rental,All,0,0,False,False,False,,,,,,
b_59,0,0,0,0,0,0,0,0,0,0,0,0,0.0,0.0,0.0,Rental,Auto,0,0,False,False,True,,,,,,
b_59,0,0,0,0,0,0,0,0,0,0,0,0,0.0,0.0,0.0,Rental,Bike,0,0,True,False,False,,,,,,
b_59,0,0,0,0,0,0,0,0,0,0,0,0,0.0,0.0,0.0,Rental,Cab,0,0,False,True,False,,,,,,
b_6,1,1,1,1,0,0,0,0,0,0,0,0,0.0,0.0,0.0,InterCity,All,0,0,False,False,False,1.0,1.0,1.0,0.0,0.0,
b_6,0,0,0,0,0,0,0,0,0,0,0,0,0.0,0.0,0.0,InterCity,Auto,0,0,False,False,True,,,,,,
b_6,0,0,0,0,0,0,0,0,0,0,0,0,0.0,0.0,0.0,InterCity,Bike,0,0,True,False,False,,,,,,
b_6,0,0,0,0,0,0,0,0,0,0,0,0,0.0,0.0,0.0,InterCity,Cab,1,1,False,True,False,,,,,,
b_6,85,85,38,30,0,0,0,0,0,0,0,0,0.0,0.0,0.0,OneWay,All,0,0,False,False,False,1.0,0.4471,0.7895,0.0,0.0,
b_6,0,0,0,0,16,2,7,16,6,3,3,1679,64.512,9.216,239.8571,OneWay,Auto,24,16,False,False,True,,,,,,0.375
b_6,0,0,0,0,0,0,0,0,0,0,0,0,0.0,0.0,0.0,OneWay,Bike,0,0,True,False,False,,,,,,
b_6,0,0,0,0,14,2,8,14,3,0,3,3240,135.036,16.8795,405.0,OneWay,Cab,16,14,False,True,False,,,,,,0.2143
b_6,0,0,0,0,0,0,0,0,0,0,0,0,0.0,0.0,0.0,Rental,All,0,0,False,False,False,,,,,,
b_6,0,0,0,0,0,0,0,0,0,0,0,0,0.0,0.0,0.0,Rental,Auto,0,0,False,False,True,,,,,,
b_6,0,0,0,0,0,0,0,0,0,0,0,0,0.0,0.0,0.0,Rental,Bike,0,0,True,False,False,,,,,,
b_6,0,0,0,0,0,0,0,0,0,0,0,0,0.0,0.0,0.0,Rental,Cab,0,0,False,True,False,,,,,,
b_60,0,0,0,0,0,0,0,0,0,0,0,0,0.0,0.0,0.0,InterCity,All,0,0,False,False,False,,,,,,
b_60,0,0,0,0,0,0,0,0,0,0,0,0,0.0,0.0,0.0,InterCity,Auto,0,0,False,False,True,,,,,,
b_60,0,0,0,0,0,0,0,0,0,0,0,0,0.0,0.0,0.0,InterCity,Bike,0,0,True,False,False,,,,,,
b_60,0,0,0,0,0,0,0,0,0,0,0,0,0.0,0.0,0.0,InterCity,Cab,0,0,False,True,False,,,,,,
b_60,230,230,179,74,0,0,0,0,0,0,0,0,0.0,0.0,0.0,OneWay,All,0,0,False,False,False,1.0,0.7783,0.4134,0.0,0.0,
b_60,0,0,0,0,46,0,32,46,14,6,8,5637,203.18,6.3494,176.1562,OneWay,Auto,87,46,False,False,True,,,,,,0.3043
b_60,0,0,0,0,0,0,0,0,0,0,0,0,0.0,0.0,0.0,OneWay,Bike,0,0,True,False,False,,,,,,
b_60,0,0,0,0,28,0,16,28,12,6,6,5480,220.224,13.764,342.5,OneWay,Cab,98,28,False,True,False,,,,,,0.4286
b_60,0,0,0,0,0,0,0,0,0,0,0,0,0.0,0.0,0.0,Rental,All,0,0,False,False,False,,,,,,
b_60,0,0,0,0,0,0,0,0,0,0,0,0,0.0,0.0,0.0,Rental,Auto,0,0,False,False,True,,,,,,
b_60,0,0,0,0,0,0,0,0,0,0,0,0,0.0,0.0,0.0,Rental,Bike,0,0,True,False,False,,,,,,
b_60,0,0,0,0,0,0,0,0,0,0,0,0,0.0,0.0,0.0,Rental,Cab,0,0,False,True,False,,,,,,
b_61,0,0,0,0,0,0,0,0,0,0,0,0,0.0,0.0,0.0,InterCity,All,0,0,False,False,False,,,,,,
b_61,0,0,0,0,0,0,0,0,0,0,0,0,0.0,0.0,0.0,InterCity,Auto,0,0,False,False,True,,,,,,
b_61,0,0,0,0,0,0,0,0,0,0,0,0,0.0,0.0,0.0,InterCity,Bike,0,0,True,False,False,,,,,,
b_61,0,0,0,0,0,0,0,0,0,0,0,0,0.0,0.0,0.0,InterCity,Cab,0,0,False,True,False,,,,,,
b_61,57,57,39,22,0,0,0,0,0,0,0,0,0.0,0.0,0.0,OneWay,All,0,0,False,False,False,1.0,0.6842,0.5641,0.0,0.0,
b_61,0,0,0,0,12,2,7,12,3,1,2,1146,50.176,7.168,163.7143,OneWay,Auto,21,13,False,False,True,,,,,,0.25
b_61,0,0,0,0,0,0,0,0,0,0,0,0,0.0,0.0,0.0,OneWay,Bike,0,0,True,False,False,,,,,,
b_61,0,0,0,0,9,0,4,9,5,3,2,1776,69.195,17.2987,444.0,OneWay,Cab,18,9,False,True,False,,,,,,0.5556
b_61,0,0,0,0,0,0,0,0,0,0,0,0,0.0,0.0,0.0,Rental,All,0,0,False,False,False,,,,,,
b_61,0,0,0,0,0,0,0,0,0,0,0,0,0.0,0.0,0.0,Rental,Auto,0,0,False,False,True,,,,,,
b_61,0,0,0,0,0,0,0,0,0,0,0,0,0.0,0.0,0.0,Rental,Bike,0,0,True,False,False,,,,,,
b_61,0,0,0,0,0,0,0,0,0,0,0,0,0.0,0.0,0.0,Rental,Cab,0,0,False,True,False,,,,,,
b_62,0,0,0,0,0,0,0,0,0,0,0,0,0.0,0.0,0.0,InterCity,All,0,0,False,False,False,,,,,,
b_62,0,0,0,0,0,0,0,0,0,0,0,0,0.0,0.0,0.0,InterCity,Auto,0,0,False,False,True,,,,,,
b_62,0,0,0,0,0,0,0,0,0,0,0,0,0.0,0.0,0.0,InterCity,Bike,0,0,True,False,False,,,,,,
b_62,0,0,0,0,0,0,0,0,0,0,0,0,0.0,0.0,0.0,InterCity,Cab,0,0,False,True,False,,,,,,
b_62,93,93,73,47,0,0,0,0,0,0,0,0,0.0,0.0,0.0,OneWay,All,0,0,False,False,False,1.0,0.7849,0.6438,0.0,0.0,
b_62,0,0,0,0,21,2,12,21,7,4,3,2682,102.012,8.501,223.5,OneWay,Auto,37,22,False,False,True,,,,,,0.3333
b_62,0,0,0,0,0,0,0,0,0,0,0,0,0.0,0.0,0.0,OneWay,Bike,0,0,True,False,False,,,,,,
b_62,0,0,0,0,20,0,14,20,6,0,6,3886,155.053,11.0752,277.5714,OneWay,Cab,38,25,False,True,False,,,,,,0.3
b_62,0,0,0,0,0,0,0,0,0,0,0,0,0.0,0.0,0.0,Rental,All,0,0,False,False,False,,,,,,
b_62,0,0,0,0,0,0,0,0,0,0,0,0,0.0,0.0,0.0,Rental,Auto,0,0,False,False,True,,,,,,
b_62,0,0,0,0,0,0,0,0,0,0,0,0,0.0,0.0,0.0,Rental,Bike,0,0,True,False,False,,,,,,
b_62,0,0,0,0,0,0,0,0,0,0,0,0,0.0,0.0,0.0,Rental,Cab,0,0,False,True,False,,,,,,
b_63,0,0,0,0,0,0,0,0,0,0,0,0,0.0,0.0,0.0,InterCity,All,0,0,False,False,False,,,,,,
b_63,0,0,0,0,0,0,0,0,0,0,0,0,0.0,0.0,0.0,InterCity,Auto,0,0,False,False,True,,,,,,
b_63,0,0,0,0,0,0,0,0,0,0,0,0,0.0,0.0,0.0,InterCity,Bike,0,0,True,False,False,,,,,,
b_63,0,0,0,0,0,0,0,0,0,0,0,0,0.0,0.0,0.0,InterCity,Cab,0,0,False,True,False,,,,,,
b_63,36,36,26,10,0,0,0,0,0,0,0,0,0.0,0.0,0.0,OneWay,All,0,0,False,False,False,1.0,0.7222,0.3846,0.0,0.0,
b_63,0,0,0,0,10,0,3,10,5,3,2,545,28.153,9.3843,181.6667,OneWay,Auto,26,10,False,False,True,,,,,,0.5
b_63,0,0,0,0,0,0,0,0,0,0,0,0,0.0,0.0,0.0,OneWay,Bike,0,0,True,False,False,,,,,,
b_63,0,0,0,0,0,0,0,0,0,0,0,0,0.0,0.0,0.0,OneWay,Cab,1,0,False,True,False,,,,,,
b_63,0,0,0,0,0,0,0,0,0,0,0,0,0.0,0.0,0.0,Rental,All,0,0,False,False,False,,,,,,
b_63,0,0,0,0,0,0,0,0,0,0,0,0,0.0,0.0,0.0,Rental,Auto,0,0,False,False,True,,,,,,
b_63,0,0,0,0,0,0,0,0,0,0,0,0,0.0,0.0,0.0,Rental,Bike,0,0,True,False,False,,,,,,
b_63,0,0,0,0,0,0,0,0,0,0,0,0,0.0,0.0,0.0,Rental,Cab,0,0,False,True,False,,,,,,
b_64,2,2,1,1,0,0,0,0,0,0,0,0,0.0,0.0,0.0,InterCity,All,0,0,False,False,False,1.0,0.5,1.0,0.0,0.0,
b_64,0,0,0,0,0,0,0,0,0,0,0,0,0.0,0.0,0.0,InterCity,Auto,0,0,False,False,True,,,,,,
b_64,0,0,0,0,0,0,0,0,0,0,0,0,0.0,0.0,0.0,InterCity,Bike,0,0,True,False,False,,,,,,
b_64,0,0,0,0,0,0,0,0,0,0,0,0,0.0,0.0,0.0,InterCity,Cab,1,1,False,True,False,,,,,,
b_64,60,60,36,11,0,0,0,0,0,0,0,0,0.0,0.0,0.0,OneWay,All,0,0,False,False,False,1.0,0.6,0.3056,0.0,0.0,
b_64,0,0,0,0,9,1,6,9,1,0,1,745,31.262,5.2103,124.1667,OneWay,Auto,34,9,False,False,True,,,,,,0.1111
b_64,0,0,0,0,0,0,0,0,0,0,0,0,0.0,0.0,0.0,OneWay,Bike,0,0,True,False,False,,,,,,
b_64,0,0,0,0,2,0,2,2,0,0,0,913,42.547,21.2735,456.5,OneWay,Cab,2,2,False,True,False,,,,,,0.0
b_64,0,0,0,0,0,0,0,0,0,0,0,0,0.0,0.0,0.0,Rental,All,0,0,False,False,False,,,,,,
b_64,0,0,0,0,0,0,0,0,0,0,0,0,0.0,0.0,0.0,Rental,Auto,0,0,False,False,True,,,,,,
b_64,0,0,0,0,0,0,0,0,0,0,0,0,0.0,0.0,0.0,Rental,Bike,0,0,True,False,False,,,,,,
b_64,0,0,0,0,0,0,0,0,0,0,0,0,0.0,0.0,0.0,Rental,Cab,0,0,False,True,False,,,,,,
b_65,0,0,0,0,0,0,0,0,0,0,0,0,0.0,0.0,0.0,InterCity,All,0,0,False,False,False,,,,,,
b_65,0,0,0,0,0,0,0,0,0,0,0,0,0.0,0.0,0.0,InterCity,Auto,0,0,False,False,True,,,,,,
b_65,0,0,0,0,0,0,0,0,0,0,0,0,0.0,0.0,0.0,InterCity,Bike,0,0,True,False,False,,,,,,
b_65,0,0,0,0,0,0,0,0,0,0,0,0,0.0,0.0,0.0,InterCity,Cab,0,0,False,True,False,,,,,,
b_65,37,37,27,11,0,0,0,0,0,0,0,0,0.0,0.0,0.0,OneWay,All,0,0,False,False,False,1.0,0.7297,0.4074,0.0,0.0,
b_65,0,0,0,0,6,1,3,6,1,0,1,676,27.515,9.1717,225.3333,OneWay,Auto,16,6,False,False,True,,,,,,0.1667
b_65,0,0,0,0,0,0,0,0,0,0,0,0,0.0,0.0,0.0,OneWay,Bike,0,0,True,False,False,,,,,,
b_65,0,0,0,0,5,0,1,5,4,2,2,689,30.67,30.67,689.0,OneWay,Cab,12,5,False,True,False,,,,,,0.8
b_65,0,0,0,0,0,0,0,0,0,0,0,0,0.0,0.0,0.0,Rental,All,0,0,False,False,False,,,,,,
b_65,0,0,0,0,0,0,0,0,0,0,0,0,0.0,0.0,0.0,Rental,Auto,0,0,False,False,True,,,,,,
b_65,0,0,0,0,0,0,0,0,0,0,0,0,0.0,0.0,0.0,Rental,Bike,0,0,True,False,False,,,,,,
b_65,0,0,0,0,0,0,0,0,0,0,0,0,0.0,0.0,0.0,Rental,Cab,0,0,False,True,False,,,,,,
b_66,0,0,0,0,0,0,0,0,0,0,0,0,0.0,0.0,0.0,InterCity,All,0,0,False,False,False,,,,,,
b_66,0,0,0,0,0,0,0,0,0,0,0,0,0.0,0.0,0.0,InterCity,Auto,0,0,False,False,True,,,,,,
b_66,0,0,0,0,0,0,0,0,0,0,0,0,0.0,0.0,0.0,InterCity,Bike,0,0,True,False,False,,,,,,
b_66,0,0,0,0,0,0,0,0,0,0,0,0,0.0,0.0,0.0,InterCity,Cab,0,0,False,True,False,,,,,,
b_66,86,86,62,44,0,0,0,0,0,0,0,0,0.0,0.0,0.0,OneWay,All,0,0,False,False,False,1.0,0.7209,0.7097,0.0,0.0,
b_66,0,0,0,0,30,1,17,30,12,2,10,3467,136.231,8.0136,203.9412,OneWay,Auto,42,30,False,False,True,,,,,,0.4
b_66,0,0,0,0,0,0,0,0,0,0,0,0,0.0,0.0,0.0,OneWay,Bike,0,0,True,False,False,,,,,,
b_66,0,0,0,0,14,2,5,14,7,1,6,1559,63.019,12.6038,311.8,OneWay,Cab,20,14,False,True,False,,,,,,0.5
b_66,0,0,0,0,0,0,0,0,0,0,0,0,0.0,0.0,0.0,Rental,All,0,0,False,False,False,,,,,,
b_66,0,0,0,0,0,0,0,0,0,0,0,0,0.0,0.0,0.0,Rental,Auto,0,0,False,False,True,,,,,,
b_66,0,0,0,0,0,0,0,0,0,0,0,0,0.0,0.0,0.0,Rental,Bike,0,0,True,False,False,,,,,,
b_66,0,0,0,0,0,0,0,0,0,0,0,0,0.0,0.0,0.0,Rental,Cab,0,0,False,True,False,,,,,,
b_67,2,2,1,1,0,0,0,0,0,0,0,0,0.0,0.0,0.0,InterCity,All,0,0,False,False,False,1.0,0.5,1.0,0.0,0.0,
b_67,0,0,0,0,0,0,0,0,0,0,0,0,0.0,0.0,0.0,InterCity,Auto,0,0,False,False,True,,,,,,
b_67,0,0,0,0,0,0,0,0,0,0,0,0,0.0,0.0,0.0,InterCity,Bike,0,0,True,False,False,,,,,,
b_67,0,0,0,0,0,0,0,0,0,0,0,0,0.0,0.0,0.0,InterCity,Cab,1,1,False,True,False,,,,,,
b_67,81,81,56,29,0,0,0,0,0,0,0,0,0.0,0.0,0.0,OneWay,All,0,0,False,False,False,1.0,0.6914,0.5179,0.0,0.0,
b_67,0,0,0,0,23,2,9,23,11,2,9,1848,83.247,9.2497,205.3333,OneWay,Auto,45,23,False,False,True,,,,,,0.4783
b_67,0,0,0,0,0,0,0,0,0,0,0,0,0.0,0.0,0.0,OneWay,Bike,0,0,True,False,False,,,,,,
b_67,0,0,0,0,6,0,2,6,3,0,3,934,38.546,19.273,467.0,OneWay,Cab,12,6,False,True,False,,,,,,0.5
b_67,1,1,1,1,0,0,0,0,0,0,0,0,0.0,0.0,0.0,Rental,All,0,0,False,False,False,1.0,1.0,1.0,0.0,0.0,
b_67,0,0,0,0,0,0,0,0,0,0,0,0,0.0,0.0,0.0,Rental,Auto,1,1,False,False,True,,,,,,
b_67,0,0,0,0,0,0,0,0,0,0,0,0,0.0,0.0,0.0,Rental,Bike,0,0,True,False,False,,,,,,
b_67,0,0,0,0,0,0,0,0,0,0,0,0,0.0,0.0,0.0,Rental,Cab,1,1,False,True,False,,,,,,
b_68,2,2,2,2,0,0,0,0,0,0,0,0,0.0,0.0,0.0,InterCity,All,0,0,False,False,False,1.0,1.0,1.0,0.0,0.0,
b_68,0,0,0,0,0,0,0,0,0,0,0,0,0.0,0.0,0.0,InterCity,Auto,0,0,False,False,True,,,,,,
b_68,0,0,0,0,0,0,0,0,0,0,0,0,0.0,0.0,0.0,InterCity,Bike,0,0,True,False,False,,,,,,
b_68,0,0,0,0,0,0,0,0,0,0,0,0,0.0,0.0,0.0,InterCity,Cab,2,2,False,True,False,,,,,,
b_68,32,32,21,13,0,0,0,0,0,0,0,0,0.0,0.0,0.0,OneWay,All,0,0,False,False,False,1.0,0.6562,0.619,0.0,0.0,
b_68,0,0,0,0,7,1,5,7,1,1,0,891,43.674,8.7348,178.2,OneWay,Auto,13,7,False,False,True,,,,,,0.1429
b_68,0,0,0,0,0,0,0,0,0,0,0,0,0.0,0.0,0.0,OneWay,Bike,0,0,True,False,False,,,,,,
b_68,0,0,0,0,6,1,3,6,2,0,2,992,40.766,13.5887,330.6667,OneWay,Cab,8,6,False,True,False,,,,,,0.3333
b_68,0,0,0,0,0,0,0,0,0,0,0,0,0.0,0.0,0.0,Rental,All,0,0,False,False,False,,,,,,
b_68,0,0,0,0,0,0,0,0,0,0,0,0,0.0,0.0,0.0,Rental,Auto,0,0,False,False,True,,,,,,
b_68,0,0,0,0,0,0,0,0,0,0,0,0,0.0,0.0,0.0,Rental,Bike,0,0,True,False,False,,,,,,
b_68,0,0,0,0,0,0,0,0,0,0,0,0,0.0,0.0,0.0,Rental,Cab,0,0,False,True,False,,,,,,
b_69,0,0,0,0,0,0,0,0,0,0,0,0,0.0,0.0,0.0,InterCity,All,0,0,False,False,False,,,,,,
b_69,0,0,0,0,0,0,0,0,0,0,0,0,0.0,0.0,0.0,InterCity,Auto,0,0,False,False,True,,,,,,
b_69,0,0,0,0,0,0,0,0,0,0,0,0,0.0,0.0,0.0,InterCity,Bike,0,0,True,False,False,,,,,,
b_69,0,0,0,0,0,0,0,0,0,0,0,0,0.0,0.0,0.0,InterCity,Cab,0,0,False,True,False,,,,,,
b_69,38,38,19,10,0,0,0,0,0,0,0,0,0.0,0.0,0.0,OneWay,All,0,0,False,False,False,1.0,0.5,0.5263,0.0,0.0,
b_69,0,0,0,0,9,3,3,9,3,3,0,484,17.922,5.974,161.3333,OneWay,Auto,14,9,False,False,True,,,,,,0.3333
b_69,0,0,0,0,0,0,0,0,0,0,0,0,0.0,0.0,0.0,OneWay,Bike,0,0,True,False,False,,,,,,
b_69,0,0,0,0,1,0,0,1,1,1,0,0,0.0,0.0,0.0,OneWay,Cab,5,1,False,True,False,,,,,,1.0
b_69,0,0,0,0,0,0,0,0,0,0,0,0,0.0,0.0,0.0,Rental,All,0,0,False,False,False,,,,,,
b_69,0,0,0,0,0,0,0,0,0,0,0,0,0.0,0.0,0.0,Rental,Auto,0,0,False,False,True,,,,,,
b_69,0,0,0,0,0,0,0,0,0,0,0,0,0.0,0.0,0.0,Rental,Bike,0,0,True,False,False,,,,,,
b_69,0,0,0,0,0,0,0,0,0,0,0,0,0.0,0.0,0.0,Rental,Cab,0,0,False,True,False,,,,,,
b_7,0,0,0,0,0,0,0,0,0,0,0,0,0.0,0.0,0.0,InterCity,All,0,0,False,False,False,,,,,,
b_7,0,0,0,0,0,0,0,0,0,0,0,0,0.0,0.0,0.0,InterCity,Auto,0,0,False,False,True,,,,,,
b_7,0,0,0,0,0,0,0,0,0,0,0,0,0.0,0.0,0.0,InterCity,Bike,0,0,True,False,False,,,,,,
b_7,0,0,0,0,0,0,0,0,0,0,0,0,0.0,0.0,0.0,InterCity,Cab,0,0,False,True,False,,,,,,
b_7,39,39,23,12,0,0,0,0,0,0,0,0,0.0,0.0,0.0,OneWay,All,0,0,False,False,False,1.0,0.5897,0.5217,0.0,0.0,
b_7,0,0,0,0,6,0,4,6,2,1,1,593,23.616,5.904,148.25,OneWay,Auto,16,6,False,False,True,,,,,,0.3333
b_7,0,0,0,0,0,0,0,0,0,0,0,0,0.0,0.0,0.0,OneWay,Bike,0,0,True,False,False,,,,,,
b_7,0,0,0,0,6,0,6,6,0,0,0,2260,91.708,15.2847,376.6667,OneWay,Cab,7,6,False,True,False,,,,,,0.0
b_7,0,0,0,0,0,0,0,0,0,0,0,0,0.0,0.0,0.0,Rental,All,0,0,False,False,False,,,,,,
b_7,0,0,0,0,0,0,0,0,0,0,0,0,0.0,0.0,0.0,Rental,Auto,0,0,False,False,True,,,,,,
b_7,0,0,0,0,0,0,0,0,0,0,0,0,0.0,0.0,0.0,Rental,Bike,0,0,True,False,False,,,,,,
b_7,0,0,0,0,0,0,0,0,0,0,0,0,0.0,0.0,0.0,Rental,Cab,0,0,False,True,False,,,,,,
b_70,1,1,1,1,0,0,0,0,0,0,0,0,0.0,0.0,0.0,InterCity,All,0,0,False,False,False,1.0,1.0,1.0,0.0,0.0,
b_70,0,0,0,0,0,0,0,0,0,0,0,0,0.0,0.0,0.0,InterCity,Auto,0,0,False,False,True,,,,,,
b_70,0,0,0,0,0,0,0,0,0,0,0,0,0.0,0.0,0.0,InterCity,Bike,0,0,True,False,False,,,,,,
b_70,0,0,0,0,0,0,0,0,0,0,0,0,0.0,0.0,0.0,InterCity,Cab,1,1,False,True,False,,,,,,
b_70,67,67,44,23,0,0,0,0,0,0,0,0,0.0,0.0,0.0,OneWay,All,0,0,False,False,False,1.0,0.6567,0.5227,0.0,0.0,
b_70,0,0,0,0,14,0,11,14,1,0,1,2061,85.167,7.7425,187.3636,OneWay,Auto,33,14,False,False,True,,,,,,0.0714
b_70,0,0,0,0,0,0,0,0,0,0,0,0,0.0,0.0,0.0,OneWay,Bike,0,0,True,False,False,,,,,,
b_70,0,0,0,0,9,0,5,9,4,0,4,1311,50.008,10.0016,262.2,OneWay,Cab,11,9,False,True,False,,,,,,0.4444
b_70,0,0,0,0,0,0,0,0,0,0,0,0,0.0,0.0,0.0,Rental,All,0,0,False,False,False,,,,,,
b_70,0,0,0,0,0,0,0,0,0,0,0,0,0.0,0.0,0.0,Rental,Auto,0,0,False,False,True,,,,,,
b_70,0,0,0,0,0,0,0,0,0,0,0,0,0.0,0.0,0.0,Rental,Bike,0,0,True,False,False,,,,,,
b_70,0,0,0,0,0,0,0,0,0,0,0,0,0.0,0.0,0.0,Rental,Cab,0,0,False,True,False,,,,,,
b_71,0,0,0,0,0,0,0,0,0,0,0,0,0.0,0.0,0.0,InterCity,All,0,0,False,False,False,,,,,,
b_71,0,0,0,0,0,0,0,0,0,0,0,0,0.0,0.0,0.0,InterCity,Auto,0,0,False,False,True,,,,,,
b_71,0,0,0,0,0,0,0,0,0,0,0,0,0.0,0.0,0.0,InterCity,Bike,0,0,True,False,False,,,,,,
b_71,0,0,0,0,0,0,0,0,0,0,0,0,0.0,0.0,0.0,InterCity,Cab,0,0,False,True,False,,,,,,
b_71,42,42,35,9,0,0,0,0,0,0,0,0,0.0,0.0,0.0,OneWay,All,0,0,False,False,False,1.0,0.8333,0.2571,0.0,0.0,
b_71,0,0,0,0,4,1,2,4,1,1,0,282,14.532,7.266,141.0,OneWay,Auto,26,4,False,False,True,,,,,,0.25
b_71,0,0,0,0,0,0,0,0,0,0,0,0,0.0,0.0,0.0,OneWay,Bike,0,0,True,False,False,,,,,,
b_71,0,0,0,0,5,0,4,5,1,0,1,1373,51.504,12.876,343.25,OneWay,Cab,10,5,False,True,False,,,,,,0.2
b_71,0,0,0,0,0,0,0,0,0,0,0,0,0.0,0.0,0.0,Rental,All,0,0,False,False,False,,,,,,
b_71,0,0,0,0,0,0,0,0,0,0,0,0,0.0,0.0,0.0,Rental,Auto,0,0,False,False,True,,,,,,
b_71,0,0,0,0,0,0,0,0,0,0,0,0,0.0,0.0,0.0,Rental,Bike,0,0,True,False,False,,,,,,
b_71,0,0,0,0,0,0,0,0,0,0,0,0,0.0,0.0,0.0,Rental,Cab,0,0,False,True,False,,,,,,
b_72,0,0,0,0,0,0,0,0,0,0,0,0,0.0,0.0,0.0,InterCity,All,0,0,False,False,False,,,,,,
b_72,0,0,0,0,0,0,0,0,0,0,0,0,0.0,0.0,0.0,InterCity,Auto,0,0,False,False,True,,,,,,
b_72,0,0,0,0,0,0,0,0,0,0,0,0,0.0,0.0,0.0,InterCity,Bike,0,0,True,False,False,,,,,,
b_72,0,0,0,0,0,0,0,0,0,0,0,0,0.0,0.0,0.0,InterCity,Cab,0,0,False,True,False,,,,,,
b_72,46,46,33,23,0,0,0,0,0,0,0,0,0.0,0.0,0.0,OneWay,All,0,0,False,False,False,1.0,0.7174,0.697,0.0,0.0,
b_72,0,0,0,0,20,2,10,20,6,2,4,1590,70.675,7.0675,159.0,OneWay,Auto,30,20,False,False,True,,,,,,0.3
b_72,0,0,0,0,0,0,0,0,0,0,0,0,0.0,0.0,0.0,OneWay,Bike,0,0,True,False,False,,,,,,
b_72,0,0,0,0,3,0,3,3,0,0,0,831,30.606,10.202,277.0,OneWay,Cab,3,3,False,True,False,,,,,,0.0
b_72,0,0,0,0,0,0,0,0,0,0,0,0,0.0,0.0,0.0,Rental,All,0,0,False,False,False,,,,,,
b_72,0,0,0,0,0,0,0,0,0,0,0,0,0.0,0.0,0.0,Rental,Auto,0,0,False,False,True,,,,,,
b_72,0,0,0,0,0,0,0,0,0,0,0,0,0.0,0.0,0.0,Rental,Bike,0,0,True,False,False,,,,,,
b_72,0,0,0,0,0,0,0,0,0,0,0,0,0.0,0.0,0.0,Rental,Cab,0,0,False,True,False,,,,,,
b_73,1,1,1,1,0,0,0,0,0,0,0,0,0.0,0.0,0.0,InterCity,All,0,0,False,False,False,1.0,1.0,1.0,0.0,0.0,
b_73,0,0,0,0,0,0,0,0,0,0,0,0,0.0,0.0,0.0,InterCity,Auto,0,0,False,False,True,,,,,,
b_73,0,0,0,0,0,0,0,0,0,0,0,0,0.0,0.0,0.0,InterCity,Bike,0,0,True,False,False,,,,,,
b_73,0,0,0,0,0,0,0,0,0,0,0,0,0.0,0.0,0.0,InterCity,Cab,1,1,False,True,False,,,,,,
b_73,32,32,26,17,0,0,0,0,0,0,0,0,0.0,0.0,0.0,OneWay,All,0,0,False,False,False,1.0,0.8125,0.6538,0.0,0.0,
b_73,0,0,0,0,9,1,7,9,0,0,0,1492,62.482,8.926,213.1429,OneWay,Auto,17,9,False,False,True,,,,,,0.0
b_73,0,0,0,0,0,0,0,0,0,0,0,0,0.0,0.0,0.0,OneWay,Bike,0,0,True,False,False,,,,,,
b_73,0,0,0,0,8,0,5,8,3,0,3,1492,57.998,11.5996,298.4,OneWay,Cab,9,8,False,True,False,,,,,,0.375
b_73,0,0,0,0,0,0,0,0,0,0,0,0,0.0,0.0,0.0,Rental,All,0,0,False,False,False,,,,,,
b_73,0,0,0,0,0,0,0,0,0,0,0,0,0.0,0.0,0.0,Rental,Auto,0,0,False,False,True,,,,,,
b_73,0,0,0,0,0,0,0,0,0,0,0,0,0.0,0.0,0.0,Rental,Bike,0,0,True,False,False,,,,,,
b_73,0,0,0,0,0,0,0,0,0,0,0,0,0.0,0.0,0.0,Rental,Cab,0,0,False,True,False,,,,,,
b_74,1,1,1,1,0,0,0,0,0,0,0,0,0.0,0.0,0.0,InterCity,All,0,0,False,False,False,1.0,1.0,1.0,0.0,0.0,
b_74,0,0,0,0,0,0,0,0,0,0,0,0,0.0,0.0,0.0,InterCity,Auto,0,0,False,False,True,,,,,,
b_74,0,0,0,0,0,0,0,0,0,0,0,0,0.0,0.0,0.0,InterCity,Bike,0,0,True,False,False,,,,,,
b_74,0,0,0,0,0,0,0,0,0,0,0,0,0.0,0.0,0.0,InterCity,Cab,1,1,False,True,False,,,,,,
b_74,81,81,56,21,0,0,0,0,0,0,0,0,0.0,0.0,0.0,OneWay,All,0,0,False,False,False,1.0,0.6914,0.375,0.0,0.0,
b_74,0,0,0,0,12,4,3,12,4,2,2,499,24.979,8.3263,166.3333,OneWay,Auto,41,12,False,False,True,,,,,,0.3333
b_74,0,0,0,0,0,0,0,0,0,0,0,0,0.0,0.0,0.0,OneWay,Bike,0,0,True,False,False,,,,,,
b_74,0,0,0,0,9,0,8,9,1,0,1,3096,112.623,14.0779,387.0,OneWay,Cab,18,9,False,True,False,,,,,,0.1111
b_74,0,0,0,0,0,0,0,0,0,0,0,0,0.0,0.0,0.0,Rental,All,0,0,False,False,False,,,,,,
b_74,0,0,0,0,0,0,0,0,0,0,0,0,0.0,0.0,0.0,Rental,Auto,0,0,False,False,True,,,,,,
b_74,0,0,0,0,0,0,0,0,0,0,0,0,0.0,0.0,0.0,Rental,Bike,0,0,True,False,False,,,,,,
b_74,0,0,0,0,0,0,0,0,0,0,0,0,0.0,0.0,0.0,Rental,Cab,0,0,False,True,False,,,,,,
b_75,0,0,0,0,0,0,0,0,0,0,0,0,0.0,0.0,0.0,InterCity,All,0,0,False,False,False,,,,,,
b_75,0,0,0,0,0,0,0,0,0,0,0,0,0.0,0.0,0.0,InterCity,Auto,0,0,False,False,True,,,,,,
b_75,0,0,0,0,0,0,0,0,0,0,0,0,0.0,0.0,0.0,InterCity,Bike,0,0,True,False,False,,,,,,
b_75,0,0,0,0,0,0,0,0,0,0,0,0,0.0,0.0,0.0,InterCity,Cab,0,0,False,True,False,,,,,,
b_75,37,37,29,13,0,0,0,0,0,0,0,0,0.0,0.0,0.0,OneWay,All,0,0,False,False,False,1.0,0.7838,0.4483,0.0,0.0,
b_75,0,0,0,0,10,0,7,10,3,1,2,1161,40.692,5.8131,165.8571,OneWay,Auto,18,10,False,False,True,,,,,,0.3
b_75,0,0,0,0,0,0,0,0,0,0,0,0,0.0,0.0,0.0,OneWay,Bike,0,0,True,False,False,,,,,,
b_75,0,0,0,0,3,0,2,3,1,0,1,545,21.556,10.778,272.5,OneWay,Cab,11,3,False,True,False,,,,,,0.3333
b_75,0,0,0,0,0,0,0,0,0,0,0,0,0.0,0.0,0.0,Rental,All,0,0,False,False,False,,,,,,
b_75,0,0,0,0,0,0,0,0,0,0,0,0,0.0,0.0,0.0,Rental,Auto,0,0,False,False,True,,,,,,
b_75,0,0,0,0,0,0,0,0,0,0,0,0,0.0,0.0,0.0,Rental,Bike,0,0,True,False,False,,,,,,
b_75,0,0,0,0,0,0,0,0,0,0,0,0,0.0,0.0,0.0,Rental,Cab,0,0,False,True,False,,,,,,
b_76,0,0,0,0,0,0,0,0,0,0,0,0,0.0,0.0,0.0,InterCity,All,0,0,False,False,False,,,,,,
b_76,0,0,0,0,0,0,0,0,0,0,0,0,0.0,0.0,0.0,InterCity,Auto,0,0,False,False,True,,,,,,
b_76,0,0,0,0,0,0,0,0,0,0,0,0,0.0,0.0,0.0,InterCity,Bike,0,0,True,False,False,,,,,,
b_76,0,0,0,0,0,0,0,0,0,0,0,0,0.0,0.0,0.0,InterCity,Cab,0,0,False,True,False,,,,,,
b_76,41,41,29,14,0,0,0,0,0,0,0,0,0.0,0.0,0.0,OneWay,All,0,0,False,False,False,1.0,0.7073,0.4828,0.0,0.0,
b_76,0,0,0,0,13,1,3,13,9,2,7,311,12.472,4.1573,103.6667,OneWay,Auto,27,13,False,False,True,,,,,,0.6923
b_76,0,0,0,0,0,0,0,0,0,0,0,0,0.0,0.0,0.0,OneWay,Bike,0,0,True,False,False,,,,,,
b_76,0,0,0,0,1,0,0,1,1,0,1,0,0.0,0.0,0.0,OneWay,Cab,2,1,False,True,False,,,,,,1.0
b_76,0,0,0,0,0,0,0,0,0,0,0,0,0.0,0.0,0.0,Rental,All,0,0,False,False,False,,,,,,
b_76,0,0,0,0,0,0,0,0,0,0,0,0,0.0,0.0,0.0,Rental,Auto,0,0,False,False,True,,,,,,
b_76,0,0,0,0,0,0,0,0,0,0,0,0,0.0,0.0,0.0,Rental,Bike,0,0,True,False,False,,,,,,
b_76,0,0,0,0,0,0,0,0,0,0,0,0,0.0,0.0,0.0,Rental,Cab,0,0,False,True,False,,,,,,
b_77,0,0,0,0,0,0,0,0,0,0,0,0,0.0,0.0,0.0,InterCity,All,0,0,False,False,False,,,,,,
b_77,0,0,0,0,0,0,0,0,0,0,0,0,0.0,0.0,0.0,InterCity,Auto,0,0,False,False,True,,,,,,
b_77,0,0,0,0,0,0,0,0,0,0,0,0,0.0,0.0,0.0,InterCity,Bike,0,0,True,False,False,,,,,,
b_77,0,0,0,0,0,0,0,0,0,0,0,0,0.0,0.0,0.0,InterCity,Cab,0,0,False,True,False,,,,,,
b_77,9,9,8,4,0,0,0,0,0,0,0,0,0.0,0.0,0.0,OneWay,All,0,0,False,False,False,1.0,0.8889,0.5,0.0,0.0,
b_77,0,0,0,0,4,0,2,4,2,2,0,230,8.496,4.248,115.0,OneWay,Auto,8,4,False,False,True,,,,,,0.5
b_77,0,0,0,0,0,0,0,0,0,0,0,0,0.0,0.0,0.0,OneWay,Bike,0,0,True,False,False,,,,,,
b_77,0,0,0,0,0,0,0,0,0,0,0,0,0.0,0.0,0.0,OneWay,Cab,0,0,False,True,False,,,,,,
b_77,0,0,0,0,0,0,0,0,0,0,0,0,0.0,0.0,0.0,Rental,All,0,0,False,False,False,,,,,,
b_77,0,0,0,0,0,0,0,0,0,0,0,0,0.0,0.0,0.0,Rental,Auto,0,0,False,False,True,,,,,,
b_77,0,0,0,0,0,0,0,0,0,0,0,0,0.0,0.0,0.0,Rental,Bike,0,0,True,False,False,,,,,,
b_77,0,0,0,0,0,0,0,0,0,0,0,0,0.0,0.0,0.0,Rental,Cab,0,0,False,True,False,,,,,,
b_78,0,0,0,0,0,0,0,0,0,0,0,0,0.0,0.0,0.0,InterCity,All,0,0,False,False,False,,,,,,
b_78,0,0,0,0,0,0,0,0,0,0,0,0,0.0,0.0,0.0,InterCity,Auto,0,0,False,False,True,,,,,,
b_78,0,0,0,0,0,0,0,0,0,0,0,0,0.0,0.0,0.0,InterCity,Bike,0,0,True,False,False,,,,,,
b_78,0,0,0,0,0,0,0,0,0,0,0,0,0.0,0.0,0.0,InterCity,Cab,0,0,False,True,False,,,,,,
b_78,18,18,15,7,0,0,0,0,0,0,0,0,0.0,0.0,0.0,OneWay,All,0,0,False,False,False,1.0,0.8333,0.4667,0.0,0.0,
b_78,0,0,0,0,5,0,3,5,2,1,1,387,14.06,4.6867,129.0,OneWay,Auto,13,5,False,False,True,,,,,,0.4
b_78,0,0,0,0,0,0,0,0,0,0,0,0,0.0,0.0,0.0,OneWay,Bike,0,0,True,False,False,,,,,,
b_78,0,0,0,0,2,1,1,2,0,0,0,283,10.569,10.569,283.0,OneWay,Cab,2,2,False,True,False,,,,,,0.0
b_78,0,0,0,0,0,0,0,0,0,0,0,0,0.0,0.0,0.0,Rental,All,0,0,False,False,False,,,,,,
b_78,0,0,0,0,0,0,0,0,0,0,0,0,0.0,0.0,0.0,Rental,Auto,0,0,False,False,True,,,,,,
b_78,0,0,0,0,0,0,0,0,0,0,0,0,0.0,0.0,0.0,Rental,Bike,0,0,True,False,False,,,,,,
b_78,0,0,0,0,0,0,0,0,0,0,0,0,0.0,0.0,0.0,Rental,Cab,0,0,False,True,False,,,,,,
b_79,0,0,0,0,0,0,0,0,0,0,0,0,0.0,0.0,0.0,InterCity,All,0,0,False,False,False,,,,,,
b_79,0,0,0,0,0,0,0,0,0,0,0,0,0.0,0.0,0.0,InterCity,Auto,0,0,False,False,True,,,,,,
b_79,0,0,0,0,0,0,0,0,0,0,0,0,0.0,0.0,0.0,InterCity,Bike,0,0,True,False,False,,,,,,
b_79,0,0,0,0,0,0,0,0,0,0,0,0,0.0,0.0,0.0,InterCity,Cab,0,0,False,True,False,,,,,,
b_79,89,89,66,30,0,0,0,0,0,0,0,0,0.0,0.0,0.0,OneWay,All,0,0,False,False,False,1.0,0.7416,0.4545,0.0,0.0,
b_79,0,0,0,0,23,1,12,23,8,5,3,1785,65.71,5.4758,148.75,OneWay,Auto,57,23,False,False,True,,,,,,0.3478
b_79,0,0,0,0,0,0,0,0,0,0,0,0,0.0,0.0,0.0,OneWay,Bike,0,0,True,False,False,,,,,,
b_79,0,0,0,0,7,1,4,7,1,0,1,1315,49.205,12.3012,328.75,OneWay,Cab,10,7,False,True,False,,,,,,0.1429
b_79,0,0,0,0,0,0,0,0,0,0,0,0,0.0,0.0,0.0,Rental,All,0,0,False,False,False,,,,,,
b_79,0,0,0,0,0,0,0,0,0,0,0,0,0.0,0.0,0.0,Rental,Auto,0,0,False,False,True,,,,,,
b_79,0,0,0,0,0,0,0,0,0,0,0,0,0.0,0.0,0.0,Rental,Bike,0,0,True,False,False,,,,,,
b_79,0,0,0,0,0,0,0,0,0,0,0,0,0.0,0.0,0.0,Rental,Cab,0,0,False,True,False,,,,,,
b_8,0,0,0,0,0,0,0,0,0,0,0,0,0.0,0.0,0.0,InterCity,All,0,0,False,False,False,,,,,,
b_8,0,0,0,0,0,0,0,0,0,0,0,0,0.0,0.0,0.0,InterCity,Auto,0,0,False,False,True,,,,,,
b_8,0,0,0,0,0,0,0,0,0,0,0,0,0.0,0.0,0.0,InterCity,Bike,0,0,True,False,False,,,,,,
b_8,0,0,0,0,0,0,0,0,0,0,0,0,0.0,0.0,0.0,InterCity,Cab,0,0,False,True,False,,,,,,
b_8,199,199,155,88,0,0,0,0,0,0,0,0,0.0,0.0,0.0,OneWay,All,0,0,False,False,False,1.0,0.7789,0.5677,0.0,0.0,
b_8,0,0,0,0,48,5,19,48,22,13,9,3765,152.237,8.0125,198.1579,OneWay,Auto,103,49,False,False,True,,,,,,0.4583
b_8,0,0,0,0,0,0,0,0,0,0,0,0,0.0,0.0,0.0,OneWay,Bike,0,0,True,False,False,,,,,,
b_8,0,0,0,0,39,2,20,39,17,6,11,6557,258.213,12.9107,327.85,OneWay,Cab,55,39,False,True,False,,,,,,0.4359
b_8,0,0,0,0,0,0,0,0,0,0,0,0,0.0,0.0,0.0,Rental,All,0,0,False,False,False,,,,,,
b_8,0,0,0,0,0,0,0,0,0,0,0,0,0.0,0.0,0.0,Rental,Auto,0,0,False,False,True,,,,,,
b_8,0,0,0,0,0,0,0,0,0,0,0,0,0.0,0.0,0.0,Rental,Bike,0,0,True,False,False,,,,,,
b_8,0,0,0,0,0,0,0,0,0,0,0,0,0.0,0.0,0.0,Rental,Cab,0,0,False,True,False,,,,,,
b_80,0,0,0,0,0,0,0,0,0,0,0,0,0.0,0.0,0.0,InterCity,All,0,0,False,False,False,,,,,,
b_80,0,0,0,0,0,0,0,0,0,0,0,0,0.0,0.0,0.0,InterCity,Auto,0,0,False,False,True,,,,,,
b_80,0,0,0,0,0,0,0,0,0,0,0,0,0.0,0.0,0.0,InterCity,Bike,0,0,True,False,False,,,,,,
b_80,0,0,0,0,0,0,0,0,0,0,0,0,0.0,0.0,0.0,InterCity,Cab,0,0,False,True,False,,,,,,
b_80,282,282,234,84,0,0,0,0,0,0,0,0,0.0,0.0,0.0,OneWay,All,0,0,False,False,False,1.0,0.8298,0.359,0.0,0.0,
b_80,0,0,0,0,60,2,35,60,23,14,9,5933,215.108,6.1459,169.5143,OneWay,Auto,175,60,False,False,True,,,,,,0.3833
b_80,0,0,0,0,0,0,0,0,0,0,0,0,0.0,0.0,0.0,OneWay,Bike,0,0,True,False,False,,,,,,
b_80,0,0,0,0,24,0,12,24,11,3,8,4644,176.547,14.7122,387.0,OneWay,Cab,64,24,False,True,False,,,,,,0.4583
b_80,0,0,0,0,0,0,0,0,0,0,0,0,0.0,0.0,0.0,Rental,All,0,0,False,False,False,,,,,,
b_80,0,0,0,0,0,0,0,0,0,0,0,0,0.0,0.0,0.0,Rental,Auto,0,0,False,False,True,,,,,,
b_80,0,0,0,0,0,0,0,0,0,0,0,0,0.0,0.0,0.0,Rental,Bike,0,0,True,False,False,,,,,,
b_80,0,0,0,0,0,0,0,0,0,0,0,0,0.0,0.0,0.0,Rental,Cab,0,0,False,True,False,,,,,,
b_81,1,1,1,1,0,0,0,0,0,0,0,0,0.0,0.0,0.0,InterCity,All,0,0,False,False,False,1.0,1.0,1.0,0.0,0.0,
b_81,0,0,0,0,0,0,0,0,0,0,0,0,0.0,0.0,0.0,InterCity,Auto,0,0,False,False,True,,,,,,
b_81,0,0,0,0,0,0,0,0,0,0,0,0,0.0,0.0,0.0,InterCity,Bike,0,0,True,False,False,,,,,,
b_81,0,0,0,0,1,1,0,1,0,0,0,0,0.0,0.0,0.0,InterCity,Cab,1,1,False,True,False,,,,,,0.0
b_81,134,134,80,46,0,0,0,0,0,0,0,0,0.0,0.0,0.0,OneWay,All,0,0,False,False,False,1.0,0.597,0.575,0.0,0.0,
b_81,0,0,0,0,31,3,18,31,9,4,5,3138,139.847,7.7693,174.3333,OneWay,Auto,53,31,False,False,True,,,,,,0.2903
b_81,0,0,0,0,0,0,0,0,0,0,0,0,0.0,0.0,0.0,OneWay,Bike,0,0,True,False,False,,,,,,
b_81,0,0,0,0,15,1,8,15,6,2,4,2096,85.631,10.7039,262.0,OneWay,Cab,27,15,False,True,False,,,,,,0.4
b_81,0,0,0,0,0,0,0,0,0,0,0,0,0.0,0.0,0.0,Rental,All,0,0,False,False,False,,,,,,
b_81,0,0,0,0,0,0,0,0,0,0,0,0,0.0,0.0,0.0,Rental,Auto,0,0,False,False,True,,,,,,
b_81,0,0,0,0,0,0,0,0,0,0,0,0,0.0,0.0,0.0,Rental,Bike,0,0,True,False,False,,,,,,
b_81,0,0,0,0,0,0,0,0,0,0,0,0,0.0,0.0,0.0,Rental,Cab,0,0,False,True,False,,,,,,
b_82,1,1,1,1,0,0,0,0,0,0,0,0,0.0,0.0,0.0,InterCity,All,0,0,False,False,False,1.0,1.0,1.0,0.0,0.0,
b_82,0,0,0,0,0,0,0,0,0,0,0,0,0.0,0.0,0.0,InterCity,Auto,0,0,False,False,True,,,,,,
b_82,0,0,0,0,0,0,0,0,0,0,0,0,0.0,0.0,0.0,InterCity,Bike,0,0,True,False,False,,,,,,
b_82,0,0,0,0,0,0,0,0,0,0,0,0,0.0,0.0,0.0,InterCity,Cab,1,1,False,True,False,,,,,,
b_82,127,127,100,52,0,0,0,0,0,0,0,0,0.0,0.0,0.0,OneWay,All,0,0,False,False,False,1.0,0.7874,0.52,0.0,0.0,
b_82,0,0,0,0,25,3,16,25,6,5,1,3360,149.859,9.3662,210.0,OneWay,Auto,64,25,False,False,True,,,,,,0.24
b_82,0,0,0,0,0,0,0,0,0,0,0,0,0.0,0.0,0.0,OneWay,Bike,0,0,True,False,False,,,,,,
b_82,0,0,0,0,26,0,14,26,11,3,7,3827,154.497,11.0355,273.3571,OneWay,Cab,36,27,False,True,False,,,,,,0.4231
b_82,0,0,0,0,0,0,0,0,0,0,0,0,0.0,0.0,0.0,Rental,All,0,0,False,False,False,,,,,,
b_82,0,0,0,0,0,0,0,0,0,0,0,0,0.0,0.0,0.0,Rental,Auto,0,0,False,False,True,,,,,,
b_82,0,0,0,0,0,0,0,0,0,0,0,0,0.0,0.0,0.0,Rental,Bike,0,0,True,False,False,,,,,,
b_82,0,0,0,0,0,0,0,0,0,0,0,0,0.0,0.0,0.0,Rental,Cab,0,0,False,True,False,,,,,,
b_83,0,0,0,0,0,0,0,0,0,0,0,0,0.0,0.0,0.0,InterCity,All,0,0,False,False,False,,,,,,
b_83,0,0,0,0,0,0,0,0,0,0,0,0,0.0,0.0,0.0,InterCity,Auto,0,0,False,False,True,,,,,,
b_83,0,0,0,0,0,0,0,0,0,0,0,0,0.0,0.0,0.0,InterCity,Bike,0,0,True,False,False,,,,,,
b_83,0,0,0,0,0,0,0,0,0,0,0,0,0.0,0.0,0.0,InterCity,Cab,0,0,False,True,False,,,,,,
b_83,131,131,77,49,0,0,0,0,0,0,0,0,0.0,0.0,0.0,OneWay,All,0,0,False,False,False,1.0,0.5878,0.6364,0.0,0.0,
b_83,0,0,0,0,29,3,21,29,5,3,2,3115,123.821,5.8962,148.3333,OneWay,Auto,48,29,False,False,True,,,,,,0.1724
b_83,0,0,0,0,0,0,0,0,0,0,0,0,0.0,0.0,0.0,OneWay,Bike,0,0,True,False,False,,,,,,
b_83,0,0,0,0,19,3,4,19,12,2,10,1720,66.851,16.7127,430.0,OneWay,Cab,29,20,False,True,False,,,,,,0.6316
b_83,0,0,0,0,0,0,0,0,0,0,0,0,0.0,0.0,0.0,Rental,All,0,0,False,False,False,,,,,,
b_83,0,0,0,0,0,0,0,0,0,0,0,0,0.0,0.0,0.0,Rental,Auto,0,0,False,False,True,,,,,,
b_83,0,0,0,0,0,0,0,0,0,0,0,0,0.0,0.0,0.0,Rental,Bike,0,0,True,False,False,,,,,,
b_83,0,0,0,0,0,0,0,0,0,0,0,0,0.0,0.0,0.0,Rental,Cab,0,0,False,True,False,,,,,,
b_84,0,0,0,0,0,0,0,0,0,0,0,0,0.0,0.0,0.0,InterCity,All,0,0,False,False,False,,,,,,
b_84,0,0,0,0,0,0,0,0,0,0,0,0,0.0,0.0,0.0,InterCity,Auto,0,0,False,False,True,,,,,,
b_84,0,0,0,0,0,0,0,0,0,0,0,0,0.0,0.0,0.0,InterCity,Bike,0,0,True,False,False,,,,,,
b_84,0,0,0,0,0,0,0,0,0,0,0,0,0.0,0.0,0.0,InterCity,Cab,0,0,False,True,False,,,,,,
b_84,64,64,34,25,0,0,0,0,0,0,0,0,0.0,0.0,0.0,OneWay,All,0,0,False,False,False,1.0,0.5312,0.7353,0.0,0.0,
b_84,0,0,0,0,18,2,11,18,5,3,2,1712,81.003,7.3639,155.6364,OneWay,Auto,25,18,False,False,True,,,,,,0.2778
b_84,0,0,0,0,0,0,0,0,0,0,0,0,0.0,0.0,0.0,OneWay,Bike,0,0,True,False,False,,,,,,
b_84,0,0,0,0,7,0,5,7,2,1,1,1168,45.966,9.1932,233.6,OneWay,Cab,9,7,False,True,False,,,,,,0.2857
b_84,0,0,0,0,0,0,0,0,0,0,0,0,0.0,0.0,0.0,Rental,All,0,0,False,False,False,,,,,,
b_84,0,0,0,0,0,0,0,0,0,0,0,0,0.0,0.0,0.0,Rental,Auto,0,0,False,False,True,,,,,,
b_84,0,0,0,0,0,0,0,0,0,0,0,0,0.0,0.0,0.0,Rental,Bike,0,0,True,False,False,,,,,,
b_84,0,0,0,0,0,0,0,0,0,0,0,0,0.0,0.0,0.0,Rental,Cab,0,0,False,True,False,,,,,,
b_85,0,0,0,0,0,0,0,0,0,0,0,0,0.0,0.0,0.0,InterCity,All,0,0,False,False,False,,,,,,
b_85,0,0,0,0,0,0,0,0,0,0,0,0,0.0,0.0,0.0,InterCity,Auto,0,0,False,False,True,,,,,,
b_85,0,0,0,0,0,0,0,0,0,0,0,0,0.0,0.0,0.0,InterCity,Bike,0,0,True,False,False,,,,,,
b_85,0,0,0,0,0,0,0,0,0,0,0,0,0.0,0.0,0.0,InterCity,Cab,0,0,False,True,False,,,,,,
b_85,39,39,22,12,0,0,0,0,0,0,0,0,0.0,0.0,0.0,OneWay,All,0,0,False,False,False,1.0,0.5641,0.5455,0.0,0.0,
b_85,0,0,0,0,10,2,7,10,1,1,0,825,37.641,5.3773,117.8571,OneWay,Auto,19,10,False,False,True,,,,,,0.1
b_85,0,0,0,0,0,0,0,0,0,0,0,0,0.0,0.0,0.0,OneWay,Bike,0,0,True,False,False,,,,,,
b_85,0,0,0,0,2,2,0,2,0,0,0,0,0.0,0.0,0.0,OneWay,Cab,3,2,False,True,False,,,,,,0.0
b_85,0,0,0,0,0,0,0,0,0,0,0,0,0.0,0.0,0.0,Rental,All,0,0,False,False,False,,,,,,
b_85,0,0,0,0,0,0,0,0,0,0,0,0,0.0,0.0,0.0,Rental,Auto,0,0,False,False,True,,,,,,
b_85,0,0,0,0,0,0,0,0,0,0,0,0,0.0,0.0,0.0,Rental,Bike,0,0,True,False,False,,,,,,
b_85,0,0,0,0,0,0,0,0,0,0,0,0,0.0,0.0,0.0,Rental,Cab,0,0,False,True,False,,,,,,
b_86,0,0,0,0,0,0,0,0,0,0,0,0,0.0,0.0,0.0,InterCity,All,0,0,False,False,False,,,,,,
b_86,0,0,0,0,0,0,0,0,0,0,0,0,0.0,0.0,0.0,InterCity,Auto,0,0,False,False,True,,,,,,
b_86,0,0,0,0,0,0,0,0,0,0,0,0,0.0,0.0,0.0,InterCity,Bike,0,0,True,False,False,,,,,,
b_86,0,0,0,0,0,0,0,0,0,0,0,0,0.0,0.0,0.0,InterCity,Cab,0,0,False,True,False,,,,,,
b_86,81,81,51,33,0,0,0,0,0,0,0,0,0.0,0.0,0.0,OneWay,All,0,0,False,False,False,1.0,0.6296,0.6471,0.0,0.0,
b_86,0,0,0,0,26,2,15,26,9,4,5,1889,82.674,5.5116,125.9333,OneWay,Auto,39,27,False,False,True,,,,,,0.3462
b_86,0,0,0,0,0,0,0,0,0,0,0,0,0.0,0.0,0.0,OneWay,Bike,0,0,True,False,False,,,,,,
b_86,0,0,0,0,6,1,3,6,2,1,1,476,17.304,5.768,158.6667,OneWay,Cab,13,6,False,True,False,,,,,,0.3333
b_86,0,0,0,0,0,0,0,0,0,0,0,0,0.0,0.0,0.0,Rental,All,0,0,False,False,False,,,,,,
b_86,0,0,0,0,0,0,0,0,0,0,0,0,0.0,0.0,0.0,Rental,Auto,0,0,False,False,True,,,,,,
b_86,0,0,0,0,0,0,0,0,0,0,0,0,0.0,0.0,0.0,Rental,Bike,0,0,True,False,False,,,,,,
b_86,0,0,0,0,0,0,0,0,0,0,0,0,0.0,0.0,0.0,Rental,Cab,0,0,False,True,False,,,,,,
b_87,0,0,0,0,0,0,0,0,0,0,0,0,0.0,0.0,0.0,InterCity,All,0,0,False,False,False,,,,,,
b_87,0,0,0,0,0,0,0,0,0,0,0,0,0.0,0.0,0.0,InterCity,Auto,0,0,False,False,True,,,,,,
b_87,0,0,0,0,0,0,0,0,0,0,0,0,0.0,0.0,0.0,InterCity,Bike,0,0,True,False,False,,,,,,
b_87,0,0,0,0,0,0,0,0,0,0,0,0,0.0,0.0,0.0,InterCity,Cab,0,0,False,True,False,,,,,,
b_87,70,70,47,21,0,0,0,0,0,0,0,0,0.0,0.0,0.0,OneWay,All,0,0,False,False,False,1.0,0.6714,0.4468,0.0,0.0,
b_87,0,0,0,0,15,3,7,15,3,1,2,1510,63.237,9.0339,215.7143,OneWay,Auto,33,15,False,False,True,,,,,,0.2
b_87,0,0,0,0,0,0,0,0,0,0,0,0,0.0,0.0,0.0,OneWay,Bike,0,0,True,False,False,,,,,,
b_87,0,0,0,0,6,0,3,6,2,0,2,1022,35.471,11.8237,340.6667,OneWay,Cab,15,6,False,True,False,,,,,,0.3333
b_87,0,0,0,0,0,0,0,0,0,0,0,0,0.0,0.0,0.0,Rental,All,0,0,False,False,False,,,,,,
b_87,0,0,0,0,0,0,0,0,0,0,0,0,0.0,0.0,0.0,Rental,Auto,0,0,False,False,True,,,,,,
b_87,0,0,0,0,0,0,0,0,0,0,0,0,0.0,0.0,0.0,Rental,Bike,0,0,True,False,False,,,,,,
b_87,0,0,0,0,0,0,0,0,0,0,0,0,0.0,0.0,0.0,Rental,Cab,0,0,False,True,False,,,,,,
b_88,0,0,0,0,0,0,0,0,0,0,0,0,0.0,0.0,0.0,InterCity,All,0,0,False,False,False,,,,,,
b_88,0,0,0,0,0,0,0,0,0,0,0,0,0.0,0.0,0.0,InterCity,Auto,0,0,False,False,True,,,,,,
b_88,0,0,0,0,0,0,0,0,0,0,0,0,0.0,0.0,0.0,InterCity,Bike,0,0,True,False,False,,,,,,
b_88,0,0,0,0,0,0,0,0,0,0,0,0,0.0,0.0,0.0,InterCity,Cab,0,0,False,True,False,,,,,,
b_88,51,51,31,19,0,0,0,0,0,0,0,0,0.0,0.0,0.0,OneWay,All,0,0,False,False,False,1.0,0.6078,0.6129,0.0,0.0,
b_88,0,0,0,0,7,2,5,7,0,0,0,516,18.29,3.658,103.2,OneWay,Auto,18,7,False,False,True,,,,,,0.0
b_88,0,0,0,0,0,0,0,0,0,0,0,0,0.0,0.0,0.0,OneWay,Bike,0,0,True,False,False,,,,,,
b_88,0,0,0,0,12,2,4,12,6,2,4,736,21.094,5.2735,184.0,OneWay,Cab,14,12,False,True,False,,,,,,0.5
b_88,0,0,0,0,0,0,0,0,0,0,0,0,0.0,0.0,0.0,Rental,All,0,0,False,False,False,,,,,,
b_88,0,0,0,0,0,0,0,0,0,0,0,0,0.0,0.0,0.0,Rental,Auto,0,0,False,False,True,,,,,,
b_88,0,0,0,0,0,0,0,0,0,0,0,0,0.0,0.0,0.0,Rental,Bike,0,0,True,False,False,,,,,,
b_88,0,0,0,0,0,0,0,0,0,0,0,0,0.0,0.0,0.0,Rental,Cab,0,0,False,True,False,,,,,,
b_89,0,0,0,0,0,0,0,0,0,0,0,0,0.0,0.0,0.0,InterCity,All,0,0,False,False,False,,,,,,
b_89,0,0,0,0,0,0,0,0,0,0,0,0,0.0,0.0,0.0,InterCity,Auto,0,0,False,False,True,,,,,,
b_89,0,0,0,0,0,0,0,0,0,0,0,0,0.0,0.0,0.0,InterCity,Bike,0,0,True,False,False,,,,,,
b_89,0,0,0,0,0,0,0,0,0,0,0,0,0.0,0.0,0.0,InterCity,Cab,0,0,False,True,False,,,,,,
b_89,209,209,153,83,0,0,0,0,0,0,0,0,0.0,0.0,0.0,OneWay,All,0,0,False,False,False,1.0,0.7321,0.5425,0.0,0.0,
b_89,0,0,0,0,40,0,21,40,19,11,8,3591,138.219,6.5819,171.0,OneWay,Auto,77,40,False,False,True,,,,,,0.475
b_89,0,0,0,0,0,0,0,0,0,0,0,0,0.0,0.0,0.0,OneWay,Bike,0,0,True,False,False,,,,,,
b_89,0,0,0,0,43,3,22,43,17,8,9,5717,218.842,9.9474,259.8636,OneWay,Cab,76,43,False,True,False,,,,,,0.3953
b_89,0,0,0,0,0,0,0,0,0,0,0,0,0.0,0.0,0.0,Rental,All,0,0,False,False,False,,,,,,
b_89,0,0,0,0,0,0,0,0,0,0,0,0,0.0,0.0,0.0,Rental,Auto,0,0,False,False,True,,,,,,
b_89,0,0,0,0,0,0,0,0,0,0,0,0,0.0,0.0,0.0,Rental,Bike,0,0,True,False,False,,,,,,
b_89,0,0,0,0,0,0,0,0,0,0,0,0,0.0,0.0,0.0,Rental,Cab,0,0,False,True,False,,,,,,
b_9,0,0,0,0,0,0,0,0,0,0,0,0,0.0,0.0,0.0,InterCity,All,0,0,False,False,False,,,,,,
b_9,0,0,0,0,0,0,0,0,0,0,0,0,0.0,0.0,0.0,InterCity,Auto,0,0,False,False,True,,,,,,
b_9,0,0,0,0,0,0,0,0,0,0,0,0,0.0,0.0,0.0,InterCity,Bike,0,0,True,False,False,,,,,,
b_9,0,0,0,0,0,0,0,0,0,0,0,0,0.0,0.0,0.0,InterCity,Cab,0,0,False,True,False,,,,,,
b_9,88,88,41,30,0,0,0,0,0,0,0,0,0.0,0.0,0.0,OneWay,All,0,0,False,False,False,1.0,0.4659,0.7317,0.0,0.0,
b_9,0,0,0,0,16,3,7,16,5,1,4,1384,61.477,8.7824,197.7143,OneWay,Auto,26,16,False,False,True,,,,,,0.3125
b_9,0,0,0,0,0,0,0,0,0,0,0,0,0.0,0.0,0.0,OneWay,Bike,0,0,True,False,False,,,,,,
b_9,0,0,0,0,14,0,10,14,3,0,3,4158,185.553,18.5553,415.8,OneWay,Cab,15,14,False,True,False,,,,,,0.2143
b_9,0,0,0,0,0,0,0,0,0,0,0,0,0.0,0.0,0.0,Rental,All,0,0,False,False,False,,,,,,
b_9,0,0,0,0,0,0,0,0,0,0,0,0,0.0,0.0,0.0,Rental,Auto,0,0,False,False,True,,,,,,
b_9,0,0,0,0,0,0,0,0,0,0,0,0,0.0,0.0,0.0,Rental,Bike,0,0,True,False,False,,,,,,
b_9,0,0,0,0,0,0,0,0,0,0,0,0,0.0,0.0,0.0,Rental,Cab,0,0,False,True,False,,,,,,
b_90,0,0,0,0,0,0,0,0,0,0,0,0,0.0,0.0,0.0,InterCity,All,0,0,False,False,False,,,,,,
b_90,0,0,0,0,0,0,0,0,0,0,0,0,0.0,0.0,0.0,InterCity,Auto,0,0,False,False,True,,,,,,
b_90,0,0,0,0,0,0,0,0,0,0,0,0,0.0,0.0,0.0,InterCity,Bike,0,0,True,False,False,,,,,,
b_90,0,0,0,0,0,0,0,0,0,0,0,0,0.0,0.0,0.0,InterCity,Cab,0,0,False,True,False,,,,,,
b_90,221,221,168,69,0,0,0,0,0,0,0,0,0.0,0.0,0.0,OneWay,All,0,0,False,False,False,1.0,0.7602,0.4107,0.0,0.0,
b_90,0,0,0,0,40,6,17,40,15,6,9,2577,91.548,5.3852,151.5882,OneWay,Auto,122,40,False,False,True,,,,,,0.375
b_90,0,0,0,0,0,0,0,0,0,0,0,0,0.0,0.0,0.0,OneWay,Bike,0,0,True,False,False,,,,,,
b_90,0,0,0,0,27,1,8,27,18,4,14,2917,109.988,13.7485,364.625,OneWay,Cab,51,29,False,True,False,,,,,,0.6667
b_90,0,0,0,0,0,0,0,0,0,0,0,0,0.0,0.0,0.0,Rental,All,0,0,False,False,False,,,,,,
b_90,0,0,0,0,0,0,0,0,0,0,0,0,0.0,0.0,0.0,Rental,Auto,0,0,False,False,True,,,,,,
b_90,0,0,0,0,0,0,0,0,0,0,0,0,0.0,0.0,0.0,Rental,Bike,0,0,True,False,False,,,,,,
b_90,0,0,0,0,0,0,0,0,0,0,0,0,0.0,0.0,0.0,Rental,Cab,0,0,False,True,False,,,,,,
b_91,36,36,36,36,0,0,0,0,0,0,0,0,0.0,0.0,0.0,InterCity,All,0,0,False,False,False,1.0,1.0,1.0,0.0,0.0,
b_91,0,0,0,0,0,0,0,0,0,0,0,0,0.0,0.0,0.0,InterCity,Auto,0,0,False,False,True,,,,,,
b_91,0,0,0,0,0,0,0,0,0,0,0,0,0.0,0.0,0.0,InterCity,Bike,0,0,True,False,False,,,,,,
b_91,0,0,0,0,4,0,0,2,4,0,4,0,0.0,0.0,0.0,InterCity,Cab,36,33,False,True,False,,,,,,1.0
b_91,607,607,476,146,0,0,0,0,0,0,0,0,0.0,0.0,0.0,OneWay,All,0,0,False,False,False,1.0,0.7842,0.3067,0.0,0.0,
b_91,0,0,0,0,97,7,46,97,40,31,9,8938,369.409,8.0306,194.3043,OneWay,Auto,380,97,False,False,True,,,,,,0.4124
b_91,0,0,0,0,0,0,0,0,0,0,0,0,0.0,0.0,0.0,OneWay,Bike,0,0,True,False,False,,,,,,
b_91,0,0,0,0,49,6,26,49,14,5,9,7548,304.142,11.6978,290.3077,OneWay,Cab,114,49,False,True,False,,,,,,0.2857
b_91,0,0,0,0,0,0,0,0,0,0,0,0,0.0,0.0,0.0,Rental,All,0,0,False,False,False,,,,,,
b_91,0,0,0,0,0,0,0,0,0,0,0,0,0.0,0.0,0.0,Rental,Auto,0,0,False,False,True,,,,,,
b_91,0,0,0,0,0,0,0,0,0,0,0,0,0.0,0.0,0.0,Rental,Bike,0,0,True,False,False,,,,,,
b_91,0,0,0,0,0,0,0,0,0,0,0,0,0.0,0.0,0.0,Rental,Cab,0,0,False,True,False,,,,,,
b_92,0,0,0,0,0,0,0,0,0,0,0,0,0.0,0.0,0.0,InterCity,All,0,0,False,False,False,,,,,,
b_92,0,0,0,0,0,0,0,0,0,0,0,0,0.0,0.0,0.0,InterCity,Auto,0,0,False,False,True,,,,,,
b_92,0,0,0,0,0,0,0,0,0,0,0,0,0.0,0.0,0.0,InterCity,Bike,0,0,True,False,False,,,,,,
b_92,0,0,0,0,0,0,0,0,0,0,0,0,0.0,0.0,0.0,InterCity,Cab,0,0,False,True,False,,,,,,
b_92,50,50,41,31,0,0,0,0,0,0,0,0,0.0,0.0,0.0,OneWay,All,0,0,False,False,False,1.0,0.82,0.7561,0.0,0.0,
b_92,0,0,0,0,23,3,11,23,8,5,3,2093,90.821,8.2565,190.2727,OneWay,Auto,30,23,False,False,True,,,,,,0.3478
b_92,0,0,0,0,0,0,0,0,0,0,0,0,0.0,0.0,0.0,OneWay,Bike,0,0,True,False,False,,,,,,
b_92,0,0,0,0,8,1,5,8,2,0,2,1810,80.677,16.1354,362.0,OneWay,Cab,11,8,False,True,False,,,,,,0.25
b_92,0,0,0,0,0,0,0,0,0,0,0,0,0.0,0.0,0.0,Rental,All,0,0,False,False,False,,,,,,
b_92,0,0,0,0,0,0,0,0,0,0,0,0,0.0,0.0,0.0,Rental,Auto,0,0,False,False,True,,,,,,
b_92,0,0,0,0,0,0,0,0,0,0,0,0,0.0,0.0,0.0,Rental,Bike,0,0,True,False,False,,,,,,
b_92,0,0,0,0,0,0,0,0,0,0,0,0,0.0,0.0,0.0,Rental,Cab,0,0,False,True,False,,,,,,
b_93,1,1,1,1,0,0,0,0,0,0,0,0,0.0,0.0,0.0,InterCity,All,0,0,False,False,False,1.0,1.0,1.0,0.0,0.0,
b_93,0,0,0,0,0,0,0,0,0,0,0,0,0.0,0.0,0.0,InterCity,Auto,0,0,False,False,True,,,,,,
b_93,0,0,0,0,0,0,0,0,0,0,0,0,0.0,0.0,0.0,InterCity,Bike,0,0,True,False,False,,,,,,
b_93,0,0,0,0,0,0,0,0,0,0,0,0,0.0,0.0,0.0,InterCity,Cab,1,1,False,True,False,,,,,,
b_93,44,44,23,15,0,0,0,0,0,0,0,0,0.0,0.0,0.0,OneWay,All,0,0,False,False,False,1.0,0.5227,0.6522,0.0,0.0,
b_93,0,0,0,0,13,1,5,13,7,5,2,780,38.329,7.6658,156.0,OneWay,Auto,21,13,False,False,True,,,,,,0.5385
b_93,0,0,0,0,0,0,0,0,0,0,0,0,0.0,0.0,0.0,OneWay,Bike,0,0,True,False,False,,,,,,
b_93,0,0,0,0,2,0,1,2,1,0,1,127,4.036,4.036,127.0,OneWay,Cab,2,2,False,True,False,,,,,,0.5
b_93,0,0,0,0,0,0,0,0,0,0,0,0,0.0,0.0,0.0,Rental,All,0,0,False,False,False,,,,,,
b_93,0,0,0,0,0,0,0,0,0,0,0,0,0.0,0.0,0.0,Rental,Auto,0,0,False,False,True,,,,,,
b_93,0,0,0,0,0,0,0,0,0,0,0,0,0.0,0.0,0.0,Rental,Bike,0,0,True,False,False,,,,,,
b_93,0,0,0,0,0,0,0,0,0,0,0,0,0.0,0.0,0.0,Rental,Cab,0,0,False,True,False,,,,,,
b_94,2,2,2,2,0,0,0,0,0,0,0,0,0.0,0.0,0.0,InterCity,All,0,0,False,False,False,1.0,1.0,1.0,0.0,0.0,
b_94,0,0,0,0,0,0,0,0,0,0,0,0,0.0,0.0,0.0,InterCity,Auto,0,0,False,False,True,,,,,,
b_94,0,0,0,0,0,0,0,0,0,0,0,0,0.0,0.0,0.0,InterCity,Bike,0,0,True,False,False,,,,,,
b_94,0,0,0,0,0,0,0,0,0,0,0,0,0.0,0.0,0.0,InterCity,Cab,2,2,False,True,False,,,,,,
b_94,162,162,96,52,0,0,0,0,0,0,0,0,0.0,0.0,0.0,OneWay,All,0,0,False,False,False,1.0,0.5926,0.5417,0.0,0.0,
b_94,0,0,0,0,32,3,18,32,9,5,4,2498,106.644,5.9247,138.7778,OneWay,Auto,66,32,False,False,True,,,,,,0.2812
b_94,0,0,0,0,0,0,0,0,0,0,0,0,0.0,0.0,0.0,OneWay,Bike,0,0,True,False,False,,,,,,
b_94,0,0,0,0,20,2,11,20,7,4,3,2407,86.069,7.8245,218.8182,OneWay,Cab,31,20,False,True,False,,,,,,0.35
b_94,0,0,0,0,0,0,0,0,0,0,0,0,0.0,0.0,0.0,Rental,All,0,0,False,False,False,,,,,,
b_94,0,0,0,0,0,0,0,0,0,0,0,0,0.0,0.0,0.0,Rental,Auto,0,0,False,False,True,,,,,,
b_94,0,0,0,0,0,0,0,0,0,0,0,0,0.0,0.0,0.0,Rental,Bike,0,0,True,False,False,,,,,,
b_94,0,0,0,0,0,0,0,0,0,0,0,0,0.0,0.0,0.0,Rental,Cab,0,0,False,True,False,,,,,,
b_95,0,0,0,0,0,0,0,0,0,0,0,0,0.0,0.0,0.0,InterCity,All,0,0,False,False,False,,,,,,
b_95,0,0,0,0,0,0,0,0,0,0,0,0,0.0,0.0,0.0,InterCity,Auto,0,0,False,False,True,,,,,,
b_95,0,0,0,0,0,0,0,0,0,0,0,0,0.0,0.0,0.0,InterCity,Bike,0,0,True,False,False,,,,,,
b_95,0,0,0,0,0,0,0,0,0,0,0,0,0.0,0.0,0.0,InterCity,Cab,0,0,False,True,False,,,,,,
b_95,41,41,14,9,0,0,0,0,0,0,0,0,0.0,0.0,0.0,OneWay,All,0,0,False,False,False,1.0,0.3415,0.6429,0.0,0.0,
b_95,0,0,0,0,6,1,3,6,1,1,0,858,30.907,10.3023,286.0,OneWay,Auto,10,6,False,False,True,,,,,,0.1667
b_95,0,0,0,0,0,0,0,0,0,0,0,0,0.0,0.0,0.0,OneWay,Bike,0,0,True,False,False,,,,,,
b_95,0,0,0,0,3,0,2,3,1,1,0,636,28.266,14.133,318.0,OneWay,Cab,4,3,False,True,False,,,,,,0.3333
b_95,0,0,0,0,0,0,0,0,0,0,0,0,0.0,0.0,0.0,Rental,All,0,0,False,False,False,,,,,,
b_95,0,0,0,0,0,0,0,0,0,0,0,0,0.0,0.0,0.0,Rental,Auto,0,0,False,False,True,,,,,,
b_95,0,0,0,0,0,0,0,0,0,0,0,0,0.0,0.0,0.0,Rental,Bike,0,0,True,False,False,,,,,,
b_95,0,0,0,0,0,0,0,0,0,0,0,0,0.0,0.0,0.0,Rental,Cab,0,0,False,True,False,,,,,,
b_96,0,0,0,0,0,0,0,0,0,0,0,0,0.0,0.0,0.0,InterCity,All,0,0,False,False,False,,,,,,
b_96,0,0,0,0,0,0,0,0,0,0,0,0,0.0,0.0,0.0,InterCity,Auto,0,0,False,False,True,,,,,,
b_96,0,0,0,0,0,0,0,0,0,0,0,0,0.0,0.0,0.0,InterCity,Bike,0,0,True,False,False,,,,,,
b_96,0,0,0,0,0,0,0,0,0,0,0,0,0.0,0.0,0.0,InterCity,Cab,0,0,False,True,False,,,,,,
b_96,27,27,21,13,0,0,0,0,0,0,0,0,0.0,0.0,0.0,OneWay,All,0,0,False,False,False,1.0,0.7778,0.619,0.0,0.0,
b_96,0,0,0,0,6,0,5,6,1,1,0,705,28.192,5.6384,141.0,OneWay,Auto,13,6,False,False,True,,,,,,0.1667
b_96,0,0,0,0,0,0,0,0,0,0,0,0,0.0,0.0,0.0,OneWay,Bike,0,0,True,False,False,,,,,,
b_96,0,0,0,0,7,1,4,7,1,0,1,920,38.833,9.7082,230.0,OneWay,Cab,8,7,False,True,False,,,,,,0.1429
b_96,0,0,0,0,0,0,0,0,0,0,0,0,0.0,0.0,0.0,Rental,All,0,0,False,False,False,,,,,,
b_96,0,0,0,0,0,0,0,0,0,0,0,0,0.0,0.0,0.0,Rental,Auto,0,0,False,False,True,,,,,,
b_96,0,0,0,0,0,0,0,0,0,0,0,0,0.0,0.0,0.0,Rental,Bike,0,0,True,False,False,,,,,,
b_96,0,0,0,0,0,0,0,0,0,0,0,0,0.0,0.0,0.0,Rental,Cab,0,0,False,True,False,,,,,,
b_97,2,2,2,2,0,0,0,0,0,0,0,0,0.0,0.0,0.0,InterCity,All,0,0,False,False,False,1.0,1.0,1.0,0.0,0.0,
b_97,0,0,0,0,0,0,0,0,0,0,0,0,0.0,0.0,0.0,InterCity,Auto,0,0,False,False,True,,,,,,
b_97,0,0,0,0,0,0,0,0,0,0,0,0,0.0,0.0,0.0,InterCity,Bike,0,0,True,False,False,,,,,,
b_97,0,0,0,0,0,0,0,0,0,0,0,0,0.0,0.0,0.0,InterCity,Cab,2,2,False,True,False,,,,,,
b_97,49,49,42,14,0,0,0,0,0,0,0,0,0.0,0.0,0.0,OneWay,All,0,0,False,False,False,1.0,0.8571,0.3333,0.0,0.0,
b_97,0,0,0,0,11,1,4,11,6,3,3,466,20.505,5.1262,116.5,OneWay,Auto,32,11,False,False,True,,,,,,0.5455
b_97,0,0,0,0,0,0,0,0,0,0,0,0,0.0,0.0,0.0,OneWay,Bike,0,0,True,False,False,,,,,,
b_97,0,0,0,0,3,0,2,3,1,1,0,451,14.137,7.0685,225.5,OneWay,Cab,10,3,False,True,False,,,,,,0.3333
b_97,0,0,0,0,0,0,0,0,0,0,0,0,0.0,0.0,0.0,Rental,All,0,0,False,False,False,,,,,,
b_97,0,0,0,0,0,0,0,0,0,0,0,0,0.0,0.0,0.0,Rental,Auto,0,0,False,False,True,,,,,,
b_97,0,0,0,0,0,0,0,0,0,0,0,0,0.0,0.0,0.0,Rental,Bike,0,0,True,False,False,,,,,,
b_97,0,0,0,0,0,0,0,0,0,0,0,0,0.0,0.0,0.0,Rental,Cab,0,0,False,True,False,,,,,,
b_98,0,0,0,0,0,0,0,0,0,0,0,0,0.0,0.0,0.0,InterCity,All,0,0,False,False,False,,,,,,
b_98,0,0,0,0,0,0,0,0,0,0,0,0,0.0,0.0,0.0,InterCity,Auto,0,0,False,False,True,,,,,,
b_98,0,0,0,0,0,0,0,0,0,0,0,0,0.0,0.0,0.0,InterCity,Bike,0,0,True,False,False,,,,,,
b_98,0,0,0,0,0,0,0,0,0,0,0,0,0.0,0.0,0.0,InterCity,Cab,0,0,False,True,False,,,,,,
b_98,64,64,50,22,0,0,0,0,0,0,0,0,0.0,0.0,0.0,OneWay,All,0,0,False,False,False,1.0,0.7812,0.44,0.0,0.0,
b_98,0,0,0,0,17,0,5,17,11,4,7,1219,52.35,10.47,243.8,OneWay,Auto,43,17,False,False,True,,,,,,0.6471
b_98,0,0,0,0,0,0,0,0,0,0,0,0,0.0,0.0,0.0,OneWay,Bike,0,0,True,False,False,,,,,,
b_98,0,0,0,0,5,0,2,5,3,1,2,806,32.381,16.1905,403.0,OneWay,Cab,7,5,False,True,False,,,,,,0.6
b_98,0,0,0,0,0,0,0,0,0,0,0,0,0.0,0.0,0.0,Rental,All,0,0,False,False,False,,,,,,
b_98,0,0,0,0,0,0,0,0,0,0,0,0,0.0,0.0,0.0,Rental,Auto,0,0,False,False,True,,,,,,
b_98,0,0,0,0,0,0,0,0,0,0,0,0,0.0,0.0,0.0,Rental,Bike,0,0,True,False,False,,,,,,
b_98,0,0,0,0,0,0,0,0,0,0,0,0,0.0,0.0,0.0,Rental,Cab,0,0,False,True,False,,,,,,
b_99,0,0,0,0,0,0,0,0,0,0,0,0,0.0,0.0,0.0,InterCity,All,0,0,False,False,False,,,,,,
b_99,0,0,0,0,0,0,0,0,0,0,0,0,0.0,0.0,0.0,InterCity,Auto,0,0,False,False,True,,,,,,
b_99,0,0,0,0,0,0,0,0,0,0,0,0,0.0,0.0,0.0,InterCity,Bike,0,0,True,False,False,,,,,,
b_99,0,0,0,0,0,0,0,0,0,0,0,0,0.0,0.0,0.0,InterCity,Cab,0,0,False,True,False,,,,,,
b_99,253,253,200,112,0,0,0,0,0,0,0,0,0.0,0.0,0.0,OneWay,All,0,0,False,False,False,1.0,0.7905,0.56,0.0,0.0,
b_99,0,0,0,0,73,4,48,73,20,12,8,6577,239.958,4.9991,137.0208,OneWay,Auto,149,73,False,False,True,,,,,,0.274
b_99,0,0,0,0,0,0,0,0,0,0,0,0,0.0,0.0,0.0,OneWay,Bike,0,0,True,False,False,,,,,,
b_99,0,0,0,0,39,1,20,39,18,5,13,5971,228.529,11.4264,298.55,OneWay,Cab,53,39,False,True,False,,,,,,0.4615
b_99,6,6,6,6,0,0,0,0,0,0,0,0,0.0,0.0,0.0,Rental,All,0,0,False,False,False,1.0,1.0,1.0,0.0,0.0,
b_99,0,0,0,0,0,0,0,0,0,0,0,0,0.0,0.0,0.0,Rental,Auto,3,3,False,False,True,,,,,,
b_99,0,0,0,0,0,0,0,0,0,0,0,0,0.0,0.0,0.0,Rental,Bike,0,0,True,False,False,,,,,,
b_99,0,0,0,0,3,0,0,4,3,0,2,0,0.0,0.0,0.0,Rental,Cab,6,5,False,True,False,,,,,,1.0
w_0,58,58,57,57,0,0,0,0,0,0,0,0,0.0,0.0,0.0,InterCity,All,0,0,False,False,False,1.0,0.9828,1.0,0.0,0.0,
w_0,0,0,0,0,0,0,0,0,0,0,0,0,0.0,0.0,0.0,InterCity,Auto,0,0,False,False,True,,,,,,
w_0,0,0,0,0,0,0,0,0,0,0,0,0,0.0,0.0,0.0,InterCity,Bike,0,0,True,False,False,,,,,,
w_0,0,0,0,0,17,3,1,9,11,3,6,2616,100.952,100.952,2616.0,InterCity,Cab,57,46,False,True,False,,,,,,0.6471
w_0,3401,3387,2588,2159,0,0,0,0,0,0,0,0,0.0,0.0,0.0,OneWay,All,0,0,False,False,False,0.9959,0.7641,0.8342,0.0,0.0,
w_0,0,0,0,0,120,14,64,120,37,19,17,11031,468.7,7.3234,172.3594,OneWay,Auto,368,122,False,False,True,,,,,,0.3083
w_0,0,0,0,0,0,0,0,0,0,0,0,0,0.0,0.0,0.0,OneWay,Bike,0,0,True,False,False,,,,,,
w_0,0,0,0,0,639,25,305,427,266,28,238,338709,10657.63,34.943,1110.5213,OneWay,Cab,2246,2038,False,True,False,,,,,,0.4163
w_0,1,1,1,1,0,0,0,0,0,0,0,0,0.0,0.0,0.0,Rental,All,0,0,False,False,False,1.0,1.0,1.0,0.0,0.0,
w_0,0,0,0,0,0,0,0,0,0,0,0,0,0.0,0.0,0.0,Rental,Auto,1,1,False,False,True,,,,,,
w_0,0,0,0,0,0,0,0,0,0,0,0,0,0.0,0.0,0.0,Rental,Bike,0,0,True,False,False,,,,,,
w_0,0,0,0,0,0,0,0,0,0,0,0,0,0.0,0.0,0.0,Rental,Cab,1,1,False,True,False,,,,,,
