ward_num,ward_searches,ward_searches_got_e,ward_q_requests,ward_q_received,ward_search_to_e_rate,ward_e_to_q_request_rate,ward_q_accept_rate,ward_search_to_q_request_rate,ward_search_to_q_received_rate,ward_q_supply_gap,ward_q_supply_gap_rate,ward_search_to_q_received_gap,ward_bookings,ward_rides,ward_completed_rides,ward_cancellations,ward_driver_cancellations,ward_rider_cancellations,ward_earnings,ward_booking_to_ride_rate,ward_ride_completion_rate,ward_booking_completion_rate,ward_cancel_per_booking,ward_other_cancellations,ward_driver_cancel_share,ward_rider_cancel_share,ward_other_cancel_share,ward_earning_per_ride,ward_earning_per_completed_ride,ward_booking_to_ride_gap,ward_ride_completion_gap,ward_booking_to_completion_gap,ward_ride_booking_mismatch,supply_vehicle_coverage,active_drvr_auto_cab,notonride_drvr_auto_cab,onride_drvr_auto_cab,has_auto_supply,has_cab_supply,complete_auto_cab_supply,ward_driver_utilization_rate,ward_notonride_driver_share,ward_log_active_drivers,ward_driver_count_gap,ward_driver_share_sum,ward_search_to_booking_rate,ward_search_to_completion_rate,ward_q_to_booking_rate,ward_q_to_booking_gap,ward_search_to_booking_gap,ward_search_to_completion_gap,searches_per_active_driver,q_requests_per_active_driver,q_supply_gap_per_active_driver,searches_per_notonride_driver,q_requests_per_notonride_driver,q_supply_gap_per_notonride_driver,pre_q_loss_rate,q_to_booking_loss_rate,booking_to_completion_loss_rate,overall_search_completion_loss_rate,capacity_pressure_score,allocation_pressure_score,pressure_score_sum
b_1,72,72,39,21,1.0,0.5416666666666666,0.5384615384615384,0.5416666666666666,0.2916666666666667,18,0.46153846153846156,51,19,19,12,6,3,3,2507,1.0,0.631578947368421,0.631578947368421,0.3157894736842105,0,0.5,0.5,0.0,131.94736842105263,208.91666666666666,0,7,7,0,2,336,313,23,1,1,1,0.06845238095238096,0.9315476190476191,5.820082930352362,0,1.0,0.2638888888888889,0.16666666666666666,0.9047619047619048,2,53,60,0.21428571428571427,0.11607142857142858,0.05357142857142857,0.23003194888178913,0.12460063897763578,0.05750798722044728,0.7083333333333334,0.09523809523809523,0.3684210526315789,0.8333333333333334,0.0315934065934066,0.42994505494505497,0.46153846153846156
b_10,188,188,139,65,1.0,0.7393617021276596,0.4676258992805755,0.7393617021276596,0.34574468085106386,74,0.5323741007194245,123,65,65,32,27,15,12,8413,1.0,0.49230769230769234,0.49230769230769234,0.4153846153846154,0,0.5555555555555556,0.4444444444444444,0.0,129.43076923076924,262.90625,0,33,33,0,2,491,399,92,1,1,1,0.18737270875763748,0.8126272912423625,6.198478716492308,0,1.0,0.34574468085106386,0.1702127659574468,1.0,0,123,156,0.38289205702647655,0.2830957230142566,0.15071283095723015,0.47117794486215536,0.3483709273182957,0.18546365914786966,0.6542553191489362,0.0,0.5076923076923077,0.8297872340425532,0.09975237732420988,0.4326217233952146,0.5323741007194245
b_100,159,159,129,56,1.0,0.8113207547169812,0.43410852713178294,0.8113207547169812,0.3522012578616352,73,0.5658914728682171,103,56,56,37,13,3,10,6783,1.0,0.6607142857142857,0.6607142857142857,0.23214285714285715,0,0.23076923076923078,0.7692307692307693,0.0,121.125,183.32432432432432,0,19,19,0,2,297,217,80,1,1,1,0.26936026936026936,0.7306397306397306,5.697093486505405,0,1.0,0.3522012578616352,0.23270440251572327,1.0,0,103,122,0.5353535353535354,0.43434343434343436,0.24579124579124578,0.7327188940092166,0.5944700460829493,0.33640552995391704,0.6477987421383647,0.0,0.3392857142857143,0.7672955974842768,0.1524286795604625,0.41346279330775454,0.5658914728682171
b_101,43,43,29,19,1.0,0.6744186046511628,0.6551724137931034,0.6744186046511628,0.4418604651162791,10,0.3448275862068966,24,19,19,5,9,4,5,1118,1.0,0.2631578947368421,0.2631578947368421,0.47368421052631576,0,0.4444444444444444,0.5555555555555556,0.0,58.8421052631579,223.6,0,14,14,0,2,86,60,26,1,1,1,0.3023255813953488,0.6976744186046512,4.465908118654584,0,1.0,0.4418604651162791,0.11627906976744186,1.0,0,24,38,0.5,0.3372093023255814,0.11627906976744186,0.7166666666666667,0.48333333333333334,0.16666666666666666,0.5581395348837209,0.0,0.7368421052631579,0.8837209302325582,0.10425020048115477,0.2405773857257418,0.3448275862068966
b_102,127,127,110,52,1.0,0.8661417322834646,0.4727272727272727,0.8661417322834646,0.4094488188976378,58,0.5272727272727272,75,50,50,23,24,10,14,5165,1.0,0.46,0.46,0.48,0,0.4166666666666667,0.5833333333333334,0.0,103.3,224.56521739130434,0,27,27,0,2,87,64,23,1,1,1,0.26436781609195403,0.735632183908046,4.477336814478207,0,1.0,0.3937007874015748,0.18110236220472442,0.9615384615384616,2,77,104,1.4597701149425288,1.264367816091954,0.6666666666666666,1.984375,1.71875,0.90625,0.5905511811023622,0.038461538461538464,0.54,0.8188976377952756,0.13939393939393938,0.3878787878787878,0.5272727272727272
b_103,172,172,140,70,1.0,0.813953488372093,0.5,0.813953488372093,0.4069767441860465,70,0.5,102,70,70,37,31,14,16,8027,1.0,0.5285714285714286,0.5285714285714286,0.44285714285714284,1,0.45161290322580644,0.5161290322580645,0.03225806451612903,114.67142857142858,216.94594594594594,0,33,33,0,2,117,81,36,1,1,1,0.3076923076923077,0.6923076923076923,4.770684624465665,0,1.0,0.4069767441860465,0.21511627906976744,1.0,0,102,135,1.4700854700854702,1.1965811965811965,0.5982905982905983,2.123456790123457,1.728395061728395,0.8641975308641975,0.5930232558139535,0.0,0.4714285714285714,0.7848837209302325,0.15384615384615385,0.34615384615384615,0.5
b_104,70,70,51,21,1.0,0.7285714285714285,0.4117647058823529,0.7285714285714285,0.3,30,0.5882352941176471,49,21,21,7,11,4,7,2016,1.0,0.3333333333333333,0.3333333333333333,0.5238095238095238,0,0.36363636363636365,0.6363636363636364,0.0,96.0,288.0,0,14,14,0,2,106,96,10,1,1,1,0.09433962264150944,0.9056603773584906,4.672828834461906,0,1.0,0.3,0.1,1.0,0,49,63,0.660377358490566,0.4811320754716981,0.2830188679245283,0.7291666666666666,0.53125,0.3125,0.7,0.0,0.6666666666666666,0.9,0.05549389567147615,0.532741398446171,0.5882352941176471
b_105,436,436,336,120,1.0,0.7706422018348624,0.35714285714285715,0.7706422018348624,0.27522935779816515,216,0.6428571428571429,316,117,117,62,53,30,23,21893,1.0,0.5299145299145299,0.5299145299145299,0.452991452991453,0,0.5660377358490566,0.4339622641509434,0.0,187.1196581196581,353.11290322580646,0,55,55,0,2,463,414,49,1,1,1,0.10583153347732181,0.8941684665226782,6.139884552226255,0,1.0,0.268348623853211,0.14220183486238533,0.975,3,319,374,0.9416846652267818,0.7257019438444925,0.46652267818574517,1.0531400966183575,0.8115942028985508,0.5217391304347826,0.7247706422018348,0.025,0.4700854700854701,0.8577981651376146,0.06803455723542116,0.5748225856217217,0.6428571428571429
b_106,216,216,155,79,1.0,0.7175925925925926,0.5096774193548387,0.7175925925925926,0.36574074074074076,76,0.49032258064516127,137,77,77,43,30,11,19,11938,1.0,0.5584415584415584,0.5584415584415584,0.38961038961038963,0,0.36666666666666664,0.6333333333333333,0.0,155.03896103896105,277.6279069767442,0,34,34,0,2,554,497,57,1,1,1,0.10288808664259928,0.8971119133574007,6.318968113746434,0,1.0,0.35648148148148145,0.19907407407407407,0.9746835443037974,2,139,173,0.3898916967509025,0.27978339350180503,0.1371841155234657,0.4346076458752515,0.3118712273641851,0.1529175050301811,0.6342592592592593,0.02531645569620253,0.44155844155844154,0.8009259259259259,0.050448352160242224,0.439874228484919,0.49032258064516127
b_107,70,70,42,25,1.0,0.6,0.5952380952380952,0.6,0.35714285714285715,17,0.40476190476190477,45,24,24,11,12,5,6,2195,1.0,0.4583333333333333,0.4583333333333333,0.5,1,0.4166666666666667,0.5,0.08333333333333333,91.45833333333333,199.54545454545453,0,13,13,0,2,238,223,15,1,1,1,0.06302521008403361,0.9369747899159664,5.476463551931511,0,1.0,0.34285714285714286,0.15714285714285714,0.96,1,46,59,0.29411764705882354,0.17647058823529413,0.07142857142857142,0.31390134529147984,0.18834080717488788,0.07623318385650224,0.6428571428571429,0.04,0.5416666666666666,0.8428571428571429,0.025510204081632654,0.37925170068027214,0.40476190476190477
b_108,166,166,89,64,1.0,0.536144578313253,0.7191011235955056,0.536144578313253,0.3855421686746988,25,0.2808988764044944,102,64,64,29,27,11,16,7062,1.0,0.453125,0.453125,0.421875,0,0.4074074074074074,0.5925925925925926,0.0,110.34375,243.51724137931035,0,35,35,0,2,547,477,70,1,1,1,0.12797074954296161,0.8720292504570384,6.306275286948016,0,1.0,0.3855421686746988,0.1746987951807229,1.0,0,102,137,0.30347349177330896,0.16270566727605118,0.04570383912248629,0.3480083857442348,0.18658280922431866,0.05241090146750524,0.6144578313253012,0.0,0.546875,0.8253012048192772,0.035946839759258886,0.24495203664523552,0.2808988764044944
b_109,214,214,125,67,1.0,0.5841121495327103,0.536,0.5841121495327103,0.3130841121495327,58,0.464,147,64,64,33,29,8,20,7296,1.0,0.515625,0.515625,0.453125,1,0.27586206896551724,0.6896551724137931,0.034482758620689655,114.0,221.0909090909091,0,31,31,0,2,387,344,43,1,1,1,0.1111111111111111,0.8888888888888888,5.961005339623274,0,1.0,0.29906542056074764,0.1542056074766355,0.9552238805970149,3,150,181,0.5529715762273901,0.32299741602067183,0.14987080103359174,0.622093023255814,0.3633720930232558,0.1686046511627907,0.6869158878504673,0.04477611940298507,0.484375,0.8457943925233645,0.051555555555555556,0.41244444444444445,0.464
b_11,130,130,85,59,1.0,0.6538461538461539,0.6941176470588235,0.6538461538461539,0.45384615384615384,26,0.3058823529411765,71,57,57,30,24,7,17,7919,1.0,0.5263157894736842,0.5263157894736842,0.42105263157894735,0,0.2916666666666667,0.7083333333333334,0.0,138.9298245614035,263.96666666666664,0,27,27,0,2,427,382,45,1,1,1,0.1053864168618267,0.8946135831381733,6.059123195581797,0,1.0,0.43846153846153846,0.23076923076923078,0.9661016949152542,2,73,100,0.3044496487119438,0.1990632318501171,0.06088992974238876,0.3403141361256545,0.22251308900523561,0.06806282722513089,0.5461538461538461,0.03389830508474576,0.47368421052631576,0.7692307692307693,0.03223584515773523,0.27364650778344124,0.3058823529411765
b_110,198,198,91,60,1.0,0.4595959595959596,0.6593406593406593,0.4595959595959596,0.30303030303030304,31,0.34065934065934067,138,59,59,35,20,7,13,10007,1.0,0.5932203389830508,0.5932203389830508,0.3389830508474576,0,0.35,0.65,0.0,169.61016949152543,285.9142857142857,0,24,24,0,2,598,519,79,1,1,1,0.13210702341137123,0.8678929765886287,6.395261598115449,0,1.0,0.29797979797979796,0.17676767676767677,0.9833333333333333,1,139,163,0.3311036789297659,0.15217391304347827,0.051839464882943144,0.3815028901734104,0.17533718689788053,0.05973025048169557,0.696969696969697,0.016666666666666666,0.4067796610169492,0.8232323232323232,0.045003491491785806,0.29565584916755483,0.3406593406593406
b_111,67,67,29,20,1.0,0.43283582089552236,0.6896551724137931,0.43283582089552236,0.29850746268656714,9,0.3103448275862069,47,20,20,9,8,4,4,2141,1.0,0.45,0.45,0.4,0,0.5,0.5,0.0,107.05,237.88888888888889,0,11,11,0,2,183,166,17,1,1,1,0.09289617486338798,0.907103825136612,5.214935757608986,0,1.0,0.29850746268656714,0.13432835820895522,1.0,0,47,58,0.366120218579235,0.15846994535519127,0.04918032786885246,0.4036144578313253,0.1746987951807229,0.05421686746987952,0.7014925373134329,0.0,0.55,0.8656716417910447,0.02882984737139627,0.28151498021481064,0.3103448275862069
b_112,100,100,62,48,1.0,0.62,0.7741935483870968,0.62,0.48,14,0.22580645161290322,52,46,46,22,19,7,12,9066,1.0,0.4782608695652174,0.4782608695652174,0.41304347826086957,0,0.3684210526315789,0.631578947368421,0.0,197.08695652173913,412.09090909090907,0,24,24,0,2,278,248,30,1,1,1,0.1079136690647482,0.8920863309352518,5.631211781821365,0,1.0,0.46,0.22,0.9583333333333334,2,54,78,0.3597122302158273,0.22302158273381295,0.050359712230215826,0.4032258064516129,0.25,0.056451612903225805,0.52,0.041666666666666664,0.5217391304347826,0.78,0.024367602692039914,0.2014388489208633,0.22580645161290322
b_113,143,143,78,53,1.0,0.5454545454545454,0.6794871794871795,0.5454545454545454,0.3706293706293706,25,0.32051282051282054,90,53,53,30,17,6,11,8063,1.0,0.5660377358490566,0.5660377358490566,0.32075471698113206,0,0.35294117647058826,0.6470588235294118,0.0,152.1320754716981,268.76666666666665,0,23,23,0,2,474,419,55,1,1,1,0.1160337552742616,0.8839662447257384,6.163314804034641,0,1.0,0.3706293706293706,0.2097902097902098,1.0,0,90,113,0.30168776371308015,0.16455696202531644,0.052742616033755275,0.3412887828162291,0.18615751789976134,0.059665871121718374,0.6293706293706294,0.0,0.4339622641509434,0.7902097902097902,0.03719030617764795,0.2833225143351726,0.32051282051282054
b_114,355,355,239,121,1.0,0.6732394366197183,0.5062761506276151,0.6732394366197183,0.3408450704225352,118,0.49372384937238495,234,119,119,57,58,20,38,14315,1.0,0.4789915966386555,0.4789915966386555,0.48739495798319327,0,0.3448275862068966,0.6551724137931034,0.0,120.29411764705883,251.140350877193,0,62,62,0,2,892,745,147,1,1,1,0.1647982062780269,0.8352017937219731,6.794586580876499,0,1.0,0.3352112676056338,0.16056338028169015,0.9834710743801653,2,236,298,0.39798206278026904,0.2679372197309417,0.13228699551569506,0.47651006711409394,0.3208053691275168,0.15838926174496645,0.6591549295774648,0.01652892561983471,0.5210084033613446,0.8394366197183099,0.08136480477325178,0.4123590445991332,0.493723849372385
b_115,168,168,125,69,1.0,0.7440476190476191,0.552,0.7440476190476191,0.4107142857142857,56,0.448,99,67,67,31,32,12,20,9125,1.0,0.4626865671641791,0.4626865671641791,0.47761194029850745,0,0.375,0.625,0.0,136.19402985074626,294.35483870967744,0,36,36,0,2,752,682,70,1,1,1,0.09308510638297872,0.9069148936170213,6.6240652277998935,0,1.0,0.39880952380952384,0.18452380952380953,0.9710144927536232,2,101,137,0.22340425531914893,0.16622340425531915,0.07446808510638298,0.24633431085043989,0.18328445747800587,0.08211143695014662,0.5892857142857143,0.028985507246376812,0.5373134328358209,0.8154761904761905,0.04170212765957447,0.4062978723404255,0.448
b_116,472,472,311,193,1.0,0.6588983050847458,0.6205787781350482,0.6588983050847458,0.4088983050847458,118,0.37942122186495175,279,191,191,85,90,37,53,21248,1.0,0.44502617801047123,0.44502617801047123,0.4712041884816754,0,0.4111111111111111,0.5888888888888889,0.0,111.24607329842932,249.9764705882353,0,106,106,0,2,835,757,78,1,1,1,0.09341317365269461,0.9065868263473054,6.728628613084702,0,1.0,0.4046610169491525,0.18008474576271186,0.9896373056994818,2,281,387,0.5652694610778443,0.3724550898203593,0.14131736526946106,0.6235138705416117,0.4108322324966975,0.15587846763540292,0.5911016949152542,0.010362694300518135,0.5549738219895288,0.8199152542372882,0.035442940485588305,0.3439782813793634,0.37942122186495175
b_117,136,136,101,34,1.0,0.7426470588235294,0.33663366336633666,0.7426470588235294,0.25,67,0.6633663366336634,102,34,34,20,12,4,8,4328,1.0,0.5882352941176471,0.5882352941176471,0.35294117647058826,0,0.3333333333333333,0.6666666666666666,0.0,127.29411764705883,216.4,0,14,14,0,2,258,195,63,1,1,1,0.2441860465116279,0.7558139534883721,5.556828061699537,0,1.0,0.25,0.14705882352941177,1.0,0,102,116,0.5271317829457365,0.39147286821705424,0.2596899224806202,0.6974358974358974,0.517948717948718,0.3435897435897436,0.75,0.0,0.4117647058823529,0.8529411764705882,0.16198480313147595,0.5013815335021875,0.6633663366336635
b_118,299,299,199,74,1.0,0.6655518394648829,0.37185929648241206,0.6655518394648829,0.24749163879598662,125,0.628140703517588,225,72,72,32,36,23,13,9509,1.0,0.4444444444444444,0.4444444444444444,0.5,0,0.6388888888888888,0.3611111111111111,0.0,132.06944444444446,297.15625,0,40,40,0,2,199,167,32,1,1,1,0.16080402010050251,0.8391959798994975,5.298317366548036,0,1.0,0.2408026755852843,0.10702341137123746,0.972972972972973,2,227,267,1.5025125628140703,1.0,0.628140703517588,1.7904191616766467,1.1916167664670658,0.7485029940119761,0.7525083612040134,0.02702702702702703,0.5555555555555556,0.8929765886287625,0.101007550314386,0.527133153203202,0.628140703517588
b_119,134,134,119,47,1.0,0.8880597014925373,0.3949579831932773,0.8880597014925373,0.35074626865671643,72,0.6050420168067226,87,47,47,30,16,11,5,6641,1.0,0.6382978723404256,0.6382978723404256,0.3404255319148936,0,0.6875,0.3125,0.0,141.29787234042553,221.36666666666667,0,17,17,0,2,192,112,80,1,1,1,0.4166666666666667,0.5833333333333334,5.262690188904886,0,1.0,0.35074626865671643,0.22388059701492538,1.0,0,87,104,0.6979166666666666,0.6197916666666666,0.375,1.1964285714285714,1.0625,0.6428571428571429,0.6492537313432836,0.0,0.3617021276595745,0.7761194029850746,0.25210084033613445,0.35294117647058826,0.6050420168067228
b_12,49,49,35,18,1.0,0.7142857142857143,0.5142857142857142,0.7142857142857143,0.3673469387755102,17,0.4857142857142857,31,18,18,9,5,1,4,1899,1.0,0.5,0.5,0.2777777777777778,0,0.2,0.8,0.0,105.5,211.0,0,9,9,0,2,205,192,13,1,1,1,0.06341463414634146,0.9365853658536586,5.327876168789581,0,1.0,0.3673469387755102,0.1836734693877551,1.0,0,31,40,0.23902439024390243,0.17073170731707318,0.08292682926829269,0.2552083333333333,0.18229166666666666,0.08854166666666667,0.6326530612244898,0.0,0.5,0.8163265306122449,0.030801393728222996,0.4549128919860627,0.4857142857142857
b_120,456,456,399,119,1.0,0.875,0.2982456140350877,0.875,0.26096491228070173,280,0.7017543859649122,337,116,116,65,48,22,26,14820,1.0,0.5603448275862069,0.5603448275862069,0.41379310344827586,0,0.4583333333333333,0.5416666666666666,0.0,127.75862068965517,228.0,0,51,51,0,2,440,359,81,1,1,1,0.18409090909090908,0.8159090909090909,6.089044875446846,0,1.0,0.2543859649122807,0.1425438596491228,0.9747899159663865,3,340,391,1.0363636363636364,0.9068181818181819,0.6363636363636364,1.2701949860724233,1.1114206128133706,0.7799442896935933,0.7390350877192983,0.025210084033613446,0.4396551724137931,0.8574561403508771,0.12918660287081338,0.5725677830940988,0.7017543859649122
b_121,823,823,721,224,1.0,0.8760631834750912,0.3106796116504854,0.8760631834750912,0.27217496962332927,497,0.6893203883495146,599,224,224,108,109,46,63,30401,1.0,0.48214285714285715,0.48214285714285715,0.48660714285714285,0,0.42201834862385323,0.5779816513761468,0.0,135.71875,281.49074074074076,0,116,116,0,2,258,206,52,1,1,1,0.20155038759689922,0.7984496124031008,5.556828061699537,0,1.0,0.27217496962332927,0.13122721749696234,1.0,0,599,715,3.189922480620155,2.794573643410853,1.926356589147287,3.995145631067961,3.5,2.412621359223301,0.7278250303766707,0.0,0.5178571428571429,0.8687727825030377,0.13893279145028975,0.5503875968992248,0.6893203883495145
b_122,175,175,137,64,1.0,0.7828571428571428,0.46715328467153283,0.7828571428571428,0.3657142857142857,73,0.5328467153284672,111,64,63,36,26,13,13,8518,0.984375,0.5714285714285714,0.5625,0.40625,0,0.5,0.5,0.0,135.20634920634922,236.61111111111111,1,27,28,0,2,221,194,27,1,1,1,0.12217194570135746,0.8778280542986425,5.402677381872279,0,1.0,0.3657142857142857,0.2057142857142857,1.0,0,111,139,0.7918552036199095,0.6199095022624435,0.33031674208144796,0.9020618556701031,0.7061855670103093,0.37628865979381443,0.6342857142857142,0.0,0.4375,0.7942857142857143,0.06509891997225617,0.46774779535621097,0.5328467153284672
b_123,98,98,68,40,1.0,0.6938775510204082,0.5882352941176471,0.6938775510204082,0.40816326530612246,28,0.4117647058823529,58,40,40,19,11,4,7,5940,1.0,0.475,0.475,0.275,0,0.36363636363636365,0.6363636363636364,0.0,148.5,312.63157894736844,0,21,21,0,2,92,84,8,1,1,1,0.08695652173913043,0.9130434782608695,4.532599493153256,0,1.0,0.40816326530612246,0.19387755102040816,1.0,0,58,79,1.065217391304348,0.7391304347826086,0.30434782608695654,1.1666666666666667,0.8095238095238095,0.3333333333333333,0.5918367346938775,0.0,0.525,0.8061224489795918,0.03580562659846547,0.37595907928388744,0.4117647058823529
b_124,313,313,272,112,1.0,0.8690095846645367,0.4117647058823529,0.8690095846645367,0.35782747603833864,160,0.5882352941176471,201,111,111,48,57,19,38,10217,1.0,0.43243243243243246,0.43243243243243246,0.5135135135135135,0,0.3333333333333333,0.6666666666666666,0.0,92.04504504504504,212.85416666666666,0,63,63,0,2,358,294,64,1,1,1,0.1787709497206704,0.8212290502793296,5.883322388488279,0,1.0,0.3546325878594249,0.15335463258785942,0.9910714285714286,1,202,265,0.8743016759776536,0.7597765363128491,0.44692737430167595,1.064625850340136,0.9251700680272109,0.54421768707483,0.6421725239616614,0.008928571428571428,0.5675675675675675,0.8466453674121406,0.10515938218862965,0.4830759119290174,0.5882352941176471
b_125,104,104,74,41,1.0,0.7115384615384616,0.5540540540540541,0.7115384615384616,0.3942307692307692,33,0.44594594594594594,63,40,40,21,16,7,9,4365,1.0,0.525,0.525,0.4,0,0.4375,0.5625,0.0,109.125,207.85714285714286,0,19,19,0,2,115,91,24,1,1,1,0.20869565217391303,0.7913043478260869,4.7535901911063645,0,1.0,0.38461538461538464,0.20192307692307693,0.975609756097561,1,64,83,0.9043478260869565,0.6434782608695652,0.28695652173913044,1.1428571428571428,0.8131868131868132,0.3626373626373626,0.6057692307692307,0.024390243902439025,0.475,0.7980769230769231,0.09306698002350176,0.35287896592244417,0.44594594594594594
b_126,104,104,85,29,1.0,0.8173076923076923,0.3411764705882353,0.8173076923076923,0.27884615384615385,56,0.6588235294117647,75,29,29,19,7,1,6,4218,1.0,0.6551724137931034,0.6551724137931034,0.2413793103448276,0,0.14285714285714285,0.8571428571428571,0.0,145.44827586206895,222.0,0,10,10,0,2,60,48,12,1,1,1,0.2,0.8,4.110873864173311,0,1.0,0.27884615384615385,0.18269230769230768,1.0,0,75,85,1.7333333333333334,1.4166666666666667,0.9333333333333333,2.1666666666666665,1.7708333333333333,1.1666666666666667,0.7211538461538461,0.0,0.3448275862068966,0.8173076923076923,0.13176470588235295,0.5270588235294118,0.6588235294117648
b_127,234,234,179,74,1.0,0.7649572649572649,0.4134078212290503,0.7649572649572649,0.3162393162393162,105,0.5865921787709497,160,74,74,36,35,19,16,8845,1.0,0.4864864864864865,0.4864864864864865,0.47297297297297297,0,0.5428571428571428,0.45714285714285713,0.0,119.52702702702703,245.69444444444446,0,38,38,0,2,218,180,38,1,1,1,0.1743119266055046,0.8256880733944955,5.389071729816501,0,1.0,0.3162393162393162,0.15384615384615385,1.0,0,160,198,1.073394495412844,0.8211009174311926,0.481651376146789,1.3,0.9944444444444445,0.5833333333333334,0.6837606837606838,0.0,0.5135135135135135,0.8461538461538461,0.10225001281328482,0.48434216595766494,0.5865921787709497
b_128,300,300,249,85,1.0,0.83,0.3413654618473896,0.83,0.2833333333333333,164,0.6586345381526104,215,82,81,39,41,21,20,11326,0.9878048780487805,0.48148148148148145,0.47560975609756095,0.5,0,0.5121951219512195,0.4878048780487805,0.0,139.82716049382717,290.4102564102564,1,42,43,0,2,628,511,117,1,1,1,0.18630573248407642,0.8136942675159236,6.444131256700441,0,1.0,0.2733333333333333,0.13,0.9647058823529412,3,218,261,0.47770700636942676,0.3964968152866242,0.2611464968152866,0.5870841487279843,0.487279843444227,0.32093933463796476,0.7166666666666667,0.03529411764705882,0.524390243902439,0.87,0.12270739006983346,0.535927148082777,0.6586345381526104
b_129,243,243,200,67,1.0,0.823045267489712,0.335,0.823045267489712,0.2757201646090535,133,0.665,176,66,66,23,38,20,18,5303,1.0,0.3484848484848485,0.3484848484848485,0.5757575757575758,0,0.5263157894736842,0.47368421052631576,0.0,80.34848484848484,230.56521739130434,0,43,43,0,2,546,392,154,1,1,1,0.28205128205128205,0.717948717948718,6.304448802421981,0,1.0,0.2716049382716049,0.09465020576131687,0.9850746268656716,1,177,220,0.44505494505494503,0.3663003663003663,0.24358974358974358,0.6198979591836735,0.5102040816326531,0.3392857142857143,0.7242798353909465,0.014925373134328358,0.6515151515151515,0.9053497942386831,0.18756410256410258,0.4774358974358975,0.665
b_13,34,34,24,13,1.0,0.7058823529411765,0.5416666666666666,0.7058823529411765,0.38235294117647056,11,0.4583333333333333,21,13,13,8,4,1,3,2456,1.0,0.6153846153846154,0.6153846153846154,0.3076923076923077,0,0.25,0.75,0.0,188.92307692307693,307.0,0,5,5,0,2,139,123,16,1,1,1,0.11510791366906475,0.8848920863309353,4.941642422609304,0,1.0,0.38235294117647056,0.23529411764705882,1.0,0,21,26,0.2446043165467626,0.17266187050359713,0.07913669064748201,0.2764227642276423,0.1951219512195122,0.08943089430894309,0.6176470588235294,0.0,0.38461538461538464,0.7647058823529411,0.05275779376498801,0.40557553956834536,0.45833333333333337
b_130,58,58,28,15,1.0,0.4827586206896552,0.5357142857142857,0.4827586206896552,0.25862068965517243,13,0.4642857142857143,43,15,15,11,4,2,2,2340,1.0,0.7333333333333333,0.7333333333333333,0.26666666666666666,0,0.5,0.5,0.0,156.0,212.72727272727272,0,4,4,0,2,68,47,21,1,1,1,0.3088235294117647,0.6911764705882353,4.23410650459726,0,1.0,0.25862068965517243,0.1896551724137931,1.0,0,43,47,0.8529411764705882,0.4117647058823529,0.19117647058823528,1.2340425531914894,0.5957446808510638,0.2765957446808511,0.7413793103448276,0.0,0.26666666666666666,0.8103448275862069,0.1433823529411765,0.32090336134453784,0.4642857142857143
b_131,516,516,470,73,1.0,0.9108527131782945,0.15531914893617021,0.9108527131782945,0.14147286821705427,397,0.8446808510638298,443,69,69,29,40,22,18,6109,1.0,0.42028985507246375,0.42028985507246375,0.5797101449275363,0,0.55,0.45,0.0,88.53623188405797,210.6551724137931,0,40,40,0,2,262,193,69,1,1,1,0.2633587786259542,0.7366412213740458,5.572154032177765,0,1.0,0.13372093023255813,0.0562015503875969,0.9452054794520548,4,447,487,1.9694656488549618,1.7938931297709924,1.515267175572519,2.673575129533679,2.435233160621762,2.05699481865285,0.8585271317829457,0.0547945205479452,0.5797101449275363,0.9437984496124031,0.22245411726490175,0.622226733798928,0.8446808510638297
b_132,41,41,29,13,1.0,0.7073170731707317,0.4482758620689655,0.7073170731707317,0.3170731707317073,16,0.5517241379310345,28,13,13,9,2,1,1,1739,1.0,0.6923076923076923,0.6923076923076923,0.15384615384615385,0,0.5,0.5,0.0,133.76923076923077,193.22222222222223,0,4,4,0,2,110,87,23,1,1,1,0.20909090909090908,0.7909090909090909,4.709530201312334,0,1.0,0.3170731707317073,0.21951219512195122,1.0,0,28,32,0.37272727272727274,0.2636363636363636,0.14545454545454545,0.47126436781609193,0.3333333333333333,0.1839080459770115,0.6829268292682927,0.0,0.3076923076923077,0.7804878048780488,0.1153605015673981,0.43636363636363634,0.5517241379310345
b_133,1319,1318,925,397,0.9992418498862775,0.7018209408194234,0.4291891891891892,0.7012888551933283,0.3009855951478393,528,0.5708108108108109,922,389,385,156,187,94,92,46436,0.9897172236503856,0.4051948051948052,0.40102827763496146,0.480719794344473,1,0.5026737967914439,0.4919786096256685,0.0053475935828877,120.61298701298702,297.6666666666667,4,229,233,0,2,502,428,74,1,1,1,0.14741035856573706,0.852589641434263,6.220590170099739,0,1.0,0.29492039423805916,0.11827141774071266,0.9798488664987406,8,930,1163,2.6274900398406373,1.842629482071713,1.051792828685259,3.0817757009345796,2.161214953271028,1.233644859813084,0.6990144048521607,0.020151133501259445,0.5989717223650386,0.8817285822592873,0.08414342629482073,0.4866673845159902,0.5708108108108109
b_134,1021,1020,730,282,0.9990205680705191,0.7156862745098039,0.3863013698630137,0.7149853085210578,0.2761998041136141,448,0.6136986301369863,739,275,274,99,122,72,50,29150,0.9963636363636363,0.3613138686131387,0.36,0.44363636363636366,0,0.5901639344262295,0.4098360655737705,0.0,106.38686131386861,294.44444444444446,1,175,176,0,2,277,245,32,1,1,1,0.11552346570397112,0.8844765342960289,5.627621113690637,0,1.0,0.2693437806072478,0.0969637610186092,0.975177304964539,7,746,922,3.6859205776173285,2.6353790613718413,1.6173285198555956,4.16734693877551,2.979591836734694,1.8285714285714285,0.7238001958863859,0.024822695035460994,0.64,0.9030362389813908,0.0708965926512042,0.5428020374857822,0.6136986301369863
b_135,65,65,49,21,1.0,0.7538461538461538,0.42857142857142855,0.7538461538461538,0.3230769230769231,28,0.5714285714285714,44,21,20,12,8,5,3,3200,0.9523809523809523,0.6,0.5714285714285714,0.38095238095238093,0,0.625,0.375,0.0,160.0,266.6666666666667,1,8,9,0,2,59,54,5,1,1,1,0.0847457627118644,0.9152542372881356,4.0943445622221,0,1.0,0.3230769230769231,0.18461538461538463,1.0,0,44,53,1.1016949152542372,0.8305084745762712,0.4745762711864407,1.2037037037037037,0.9074074074074074,0.5185185185185185,0.676923076923077,0.0,0.42857142857142855,0.8153846153846154,0.04842615012106537,0.5230024213075061,0.5714285714285714
b_136,33,33,29,7,1.0,0.8787878787878788,0.2413793103448276,0.8787878787878788,0.21212121212121213,22,0.7586206896551724,26,7,7,5,2,0,2,1954,1.0,0.7142857142857143,0.7142857142857143,0.2857142857142857,0,0.0,1.0,0.0,279.14285714285717,390.8,0,2,2,0,2,37,31,6,1,1,1,0.16216216216216217,0.8378378378378378,3.6375861597263857,0,1.0,0.21212121212121213,0.15151515151515152,1.0,0,26,28,0.8918918918918919,0.7837837837837838,0.5945945945945946,1.064516129032258,0.9354838709677419,0.7096774193548387,0.7878787878787878,0.0,0.2857142857142857,0.8484848484848485,0.12301957129543337,0.635601118359739,0.7586206896551724
b_137,27,27,17,6,1.0,0.6296296296296297,0.35294117647058826,0.6296296296296297,0.2222222222222222,11,0.6470588235294118,21,6,6,0,6,0,6,0,1.0,0.0,0.0,1.0,0,0.0,1.0,0.0,0.0,,0,6,6,0,2,38,28,10,1,1,1,0.2631578947368421,0.7368421052631579,3.6635616461296463,0,1.0,0.2222222222222222,0.0,1.0,0,21,27,0.7105263157894737,0.4473684210526316,0.2894736842105263,0.9642857142857143,0.6071428571428571,0.39285714285714285,0.7777777777777778,0.0,1.0,1.0,0.17027863777089783,0.47678018575851394,0.6470588235294118
b_138,23,23,16,10,1.0,0.6956521739130435,0.625,0.6956521739130435,0.43478260869565216,6,0.375,13,10,10,3,7,2,5,1323,1.0,0.3,0.3,0.7,0,0.2857142857142857,0.7142857142857143,0.0,132.3,441.0,0,7,7,0,2,68,61,7,1,1,1,0.10294117647058823,0.8970588235294118,4.23410650459726,0,1.0,0.43478260869565216,0.13043478260869565,1.0,0,13,20,0.3382352941176471,0.23529411764705882,0.08823529411764706,0.3770491803278688,0.26229508196721313,0.09836065573770492,0.5652173913043478,0.0,0.7,0.8695652173913043,0.03860294117647059,0.33639705882352944,0.375
b_139,49,49,46,8,1.0,0.9387755102040817,0.17391304347826086,0.9387755102040817,0.16326530612244897,38,0.8260869565217391,41,8,8,4,2,2,0,706,1.0,0.5,0.5,0.25,0,1.0,0.0,0.0,88.25,176.5,0,4,4,0,2,26,22,4,1,1,1,0.15384615384615385,0.8461538461538461,3.295836866004329,0,1.0,0.16326530612244897,0.08163265306122448,1.0,0,41,45,1.8846153846153846,1.7692307692307692,1.4615384615384615,2.227272727272727,2.090909090909091,1.7272727272727273,0.8367346938775511,0.0,0.5,0.9183673469387755,0.12709030100334448,0.6989966555183946,0.8260869565217391
b_14,31,31,25,20,1.0,0.8064516129032258,0.8,0.8064516129032258,0.6451612903225806,5,0.2,11,20,20,6,9,1,8,1077,1.0,0.3,0.3,0.45,0,0.1111111111111111,0.8888888888888888,0.0,53.85,179.5,0,14,14,0,2,144,135,9,1,1,1,0.0625,0.9375,4.976733742420574,0,1.0,0.6451612903225806,0.1935483870967742,1.0,0,11,25,0.2152777777777778,0.1736111111111111,0.034722222222222224,0.22962962962962963,0.18518518518518517,0.037037037037037035,0.3548387096774194,0.0,0.7,0.8064516129032258,0.0125,0.1875,0.2
b_140,42,42,14,12,1.0,0.3333333333333333,0.8571428571428571,0.3333333333333333,0.2857142857142857,2,0.14285714285714285,30,10,10,2,4,2,2,502,1.0,0.2,0.2,0.4,0,0.5,0.5,0.0,50.2,251.0,0,8,8,0,2,42,42,0,1,1,1,0.0,1.0,3.7612001156935624,0,1.0,0.23809523809523808,0.047619047619047616,0.8333333333333334,2,32,40,1.0,0.3333333333333333,0.047619047619047616,1.0,0.3333333333333333,0.047619047619047616,0.7142857142857143,0.16666666666666666,0.8,0.9523809523809523,0.0,0.14285714285714285,0.14285714285714285
b_141,33,33,18,8,1.0,0.5454545454545454,0.4444444444444444,0.5454545454545454,0.24242424242424243,10,0.5555555555555556,25,8,8,6,1,0,1,1093,1.0,0.75,0.75,0.125,0,0.0,1.0,0.0,136.625,182.16666666666666,0,2,2,0,2,118,105,13,1,1,1,0.11016949152542373,0.8898305084745762,4.77912349311153,0,1.0,0.24242424242424243,0.18181818181818182,1.0,0,25,27,0.2796610169491525,0.15254237288135594,0.0847457627118644,0.3142857142857143,0.17142857142857143,0.09523809523809523,0.7575757575757576,0.0,0.25,0.8181818181818182,0.06120527306967985,0.4943502824858757,0.5555555555555556
b_142,40,40,33,12,1.0,0.825,0.36363636363636365,0.825,0.3,21,0.6363636363636364,28,11,11,6,4,2,2,858,1.0,0.5454545454545454,0.5454545454545454,0.36363636363636365,0,0.5,0.5,0.0,78.0,143.0,0,5,5,0,2,101,83,18,1,1,1,0.1782178217821782,0.8217821782178217,4.624972813284271,0,1.0,0.275,0.15,0.9166666666666666,1,29,34,0.39603960396039606,0.32673267326732675,0.2079207920792079,0.4819277108433735,0.39759036144578314,0.25301204819277107,0.7,0.08333333333333333,0.45454545454545453,0.85,0.1134113411341134,0.5229522952295229,0.6363636363636364
b_143,25,25,22,19,1.0,0.88,0.8636363636363636,0.88,0.76,3,0.13636363636363635,6,19,19,12,4,0,4,2457,1.0,0.631578947368421,0.631578947368421,0.21052631578947367,0,0.0,1.0,0.0,129.31578947368422,204.75,0,7,7,0,2,85,74,11,1,1,1,0.12941176470588237,0.8705882352941177,4.454347296253507,0,1.0,0.76,0.48,1.0,0,6,13,0.29411764705882354,0.25882352941176473,0.03529411764705882,0.33783783783783783,0.2972972972972973,0.04054054054054054,0.24,0.0,0.3684210526315789,0.52,0.01764705882352941,0.11871657754010695,0.13636363636363635
b_144,16,16,10,8,1.0,0.625,0.8,0.625,0.5,2,0.2,8,5,5,3,1,0,1,704,1.0,0.6,0.6,0.2,0,0.0,1.0,0.0,140.8,234.66666666666666,0,2,2,0,2,55,51,4,1,1,1,0.07272727272727272,0.9272727272727272,4.02535169073515,0,1.0,0.3125,0.1875,0.625,3,11,13,0.2909090909090909,0.18181818181818182,0.03636363636363636,0.3137254901960784,0.19607843137254902,0.0392156862745098,0.5,0.375,0.4,0.8125,0.014545454545454545,0.18545454545454546,0.2
b_145,14,14,7,7,1.0,0.5,1.0,0.5,0.5,0,0.0,7,7,7,6,1,0,1,1333,1.0,0.8571428571428571,0.8571428571428571,0.14285714285714285,0,0.0,1.0,0.0,190.42857142857142,222.16666666666666,0,1,1,0,2,62,54,8,1,1,1,0.12903225806451613,0.8709677419354839,4.143134726391533,0,1.0,0.5,0.42857142857142855,1.0,0,7,8,0.22580645161290322,0.11290322580645161,0.0,0.25925925925925924,0.12962962962962962,0.0,0.5,0.0,0.14285714285714285,0.5714285714285714,0.0,0.0,0.0
b_146,20,20,7,3,1.0,0.35,0.42857142857142855,0.35,0.15,4,0.5714285714285714,17,3,3,2,1,0,1,360,1.0,0.6666666666666666,0.6666666666666666,0.3333333333333333,0,0.0,1.0,0.0,120.0,180.0,0,1,1,0,2,118,106,12,1,1,1,0.1016949152542373,0.8983050847457628,4.77912349311153,0,1.0,0.15,0.1,1.0,0,17,18,0.1694915254237288,0.059322033898305086,0.03389830508474576,0.18867924528301888,0.0660377358490566,0.03773584905660377,0.85,0.0,0.3333333333333333,0.9,0.05811138014527845,0.513317191283293,0.5714285714285715
b_147,10,10,4,3,1.0,0.4,0.75,0.4,0.3,1,0.25,7,3,3,2,0,0,0,112,1.0,0.6666666666666666,0.6666666666666666,0.0,0,,,,37.333333333333336,56.0,0,1,1,0,2,57,53,4,1,1,1,0.07017543859649122,0.9298245614035088,4.060443010546419,0,1.0,0.3,0.2,1.0,0,7,8,0.17543859649122806,0.07017543859649122,0.017543859649122806,0.18867924528301888,0.07547169811320754,0.018867924528301886,0.7,0.0,0.3333333333333333,0.8,0.017543859649122806,0.2324561403508772,0.25
b_148,12,12,6,4,1.0,0.5,0.6666666666666666,0.5,0.3333333333333333,2,0.3333333333333333,8,4,4,3,1,1,0,629,1.0,0.75,0.75,0.25,0,1.0,0.0,0.0,157.25,209.66666666666666,0,1,1,0,2,76,66,10,1,1,1,0.13157894736842105,0.868421052631579,4.343805421853684,0,1.0,0.3333333333333333,0.25,1.0,0,8,9,0.15789473684210525,0.07894736842105263,0.02631578947368421,0.18181818181818182,0.09090909090909091,0.030303030303030304,0.6666666666666666,0.0,0.25,0.75,0.043859649122807015,0.2894736842105263,0.33333333333333337
b_149,11,11,5,5,1.0,0.45454545454545453,1.0,0.45454545454545453,0.45454545454545453,0,0.0,6,5,5,3,2,2,0,530,1.0,0.6,0.6,0.4,0,1.0,0.0,0.0,106.0,176.66666666666666,0,2,2,0,2,34,24,10,1,1,1,0.29411764705882354,0.7058823529411765,3.5553480614894135,0,1.0,0.45454545454545453,0.2727272727272727,1.0,0,6,8,0.3235294117647059,0.14705882352941177,0.0,0.4583333333333333,0.20833333333333334,0.0,0.5454545454545454,0.0,0.4,0.7272727272727273,0.0,0.0,0.0
b_15,66,66,40,26,1.0,0.6060606060606061,0.65,0.6060606060606061,0.3939393939393939,14,0.35,40,26,26,7,13,4,9,1144,1.0,0.2692307692307692,0.2692307692307692,0.5,0,0.3076923076923077,0.6923076923076923,0.0,44.0,163.42857142857142,0,19,19,0,2,115,102,13,1,1,1,0.11304347826086956,0.8869565217391304,4.7535901911063645,0,1.0,0.3939393939393939,0.10606060606060606,1.0,0,40,59,0.5739130434782609,0.34782608695652173,0.12173913043478261,0.6470588235294118,0.39215686274509803,0.13725490196078433,0.6060606060606061,0.0,0.7307692307692307,0.8939393939393939,0.03956521739130434,0.3104347826086956,0.35
b_150,28,28,17,13,1.0,0.6071428571428571,0.7647058823529411,0.6071428571428571,0.4642857142857143,4,0.23529411764705882,15,12,12,10,2,2,0,1659,1.0,0.8333333333333334,0.8333333333333334,0.16666666666666666,0,1.0,0.0,0.0,138.25,165.9,0,2,2,0,2,42,38,4,1,1,1,0.09523809523809523,0.9047619047619048,3.7612001156935624,0,1.0,0.42857142857142855,0.35714285714285715,0.9230769230769231,1,16,18,0.6666666666666666,0.40476190476190477,0.09523809523809523,0.7368421052631579,0.4473684210526316,0.10526315789473684,0.5357142857142857,0.07692307692307693,0.16666666666666666,0.6428571428571429,0.02240896358543417,0.21288515406162464,0.23529411764705882
b_151,24,24,10,10,1.0,0.4166666666666667,1.0,0.4166666666666667,0.4166666666666667,0,0.0,14,10,10,5,4,1,3,2354,1.0,0.5,0.5,0.4,0,0.25,0.75,0.0,235.4,470.8,0,5,5,0,2,51,47,4,1,1,1,0.0784313725490196,0.9215686274509803,3.9512437185814275,0,1.0,0.4166666666666667,0.20833333333333334,1.0,0,14,19,0.47058823529411764,0.19607843137254902,0.0,0.5106382978723404,0.2127659574468085,0.0,0.5833333333333334,0.0,0.5,0.7916666666666666,0.0,0.0,0.0
b_152,15,15,8,6,1.0,0.5333333333333333,0.75,0.5333333333333333,0.4,2,0.25,9,6,6,3,2,0,2,306,1.0,0.5,0.5,0.3333333333333333,0,0.0,1.0,0.0,51.0,102.0,0,3,3,0,2,31,27,4,1,1,1,0.12903225806451613,0.8709677419354839,3.4657359027997265,0,1.0,0.4,0.2,1.0,0,9,12,0.4838709677419355,0.25806451612903225,0.06451612903225806,0.5555555555555556,0.2962962962962963,0.07407407407407407,0.6,0.0,0.5,0.8,0.03225806451612903,0.21774193548387097,0.25
b_153,48,48,26,18,1.0,0.5416666666666666,0.6923076923076923,0.5416666666666666,0.375,8,0.3076923076923077,30,18,18,10,6,0,6,3663,1.0,0.5555555555555556,0.5555555555555556,0.3333333333333333,0,0.0,1.0,0.0,203.5,366.3,0,8,8,0,2,61,54,7,1,1,1,0.11475409836065574,0.8852459016393442,4.127134385045092,0,1.0,0.375,0.20833333333333334,1.0,0,30,38,0.7868852459016393,0.4262295081967213,0.13114754098360656,0.8888888888888888,0.48148148148148145,0.14814814814814814,0.625,0.0,0.4444444444444444,0.7916666666666666,0.03530895334174023,0.2723833543505675,0.3076923076923077
b_154,13,13,5,3,1.0,0.38461538461538464,0.6,0.38461538461538464,0.23076923076923078,2,0.4,10,3,3,0,2,0,2,0,1.0,0.0,0.0,0.6666666666666666,0,0.0,1.0,0.0,0.0,,0,3,3,0,2,39,37,2,1,1,1,0.05128205128205128,0.9487179487179487,3.6888794541139363,0,1.0,0.23076923076923078,0.0,1.0,0,10,13,0.3333333333333333,0.1282051282051282,0.05128205128205128,0.35135135135135137,0.13513513513513514,0.05405405405405406,0.7692307692307693,0.0,1.0,1.0,0.020512820512820513,0.37948717948717947,0.39999999999999997
b_155,32,32,21,9,1.0,0.65625,0.42857142857142855,0.65625,0.28125,12,0.5714285714285714,23,9,9,4,5,2,3,1190,1.0,0.4444444444444444,0.4444444444444444,0.5555555555555556,0,0.4,0.6,0.0,132.22222222222223,297.5,0,5,5,0,2,59,58,1,1,1,1,0.01694915254237288,0.9830508474576272,4.0943445622221,0,1.0,0.28125,0.125,1.0,0,23,28,0.5423728813559322,0.3559322033898305,0.2033898305084746,0.5517241379310345,0.3620689655172414,0.20689655172413793,0.71875,0.0,0.5555555555555556,0.875,0.009685230024213074,0.5617433414043583,0.5714285714285714
b_156,4,4,3,1,1.0,0.75,0.3333333333333333,0.75,0.25,2,0.6666666666666666,3,1,1,1,0,0,0,65,1.0,1.0,1.0,0.0,0,,,,65.0,65.0,0,0,0,0,1,16,14,2,1,0,0,0.125,0.875,2.833213344056216,0,1.0,0.25,0.25,1.0,0,3,3,,,,,,,0.75,0.0,0.0,0.75,,,
b_157,30,30,22,11,1.0,0.7333333333333333,0.5,0.7333333333333333,0.36666666666666664,11,0.5,19,11,11,6,2,2,0,901,1.0,0.5454545454545454,0.5454545454545454,0.18181818181818182,0,1.0,0.0,0.0,81.9090909090909,150.16666666666666,0,5,5,0,2,48,36,12,1,1,1,0.25,0.75,3.8918202981106265,0,1.0,0.36666666666666664,0.2,1.0,0,19,24,0.625,0.4583333333333333,0.22916666666666666,0.8333333333333334,0.6111111111111112,0.3055555555555556,0.6333333333333333,0.0,0.45454545454545453,0.8,0.125,0.375,0.5
b_158,21,21,20,11,1.0,0.9523809523809523,0.55,0.9523809523809523,0.5238095238095238,9,0.45,10,11,11,6,3,1,2,778,1.0,0.5454545454545454,0.5454545454545454,0.2727272727272727,0,0.3333333333333333,0.6666666666666666,0.0,70.72727272727273,129.66666666666666,0,5,5,0,2,44,38,6,1,1,1,0.13636363636363635,0.8636363636363636,3.8066624897703196,0,1.0,0.5238095238095238,0.2857142857142857,1.0,0,10,15,0.4772727272727273,0.45454545454545453,0.20454545454545456,0.5526315789473685,0.5263157894736842,0.23684210526315788,0.47619047619047616,0.0,0.45454545454545453,0.7142857142857143,0.06136363636363636,0.38863636363636367,0.45
b_159,54,51,34,26,0.9444444444444444,0.6666666666666666,0.7647058823529411,0.6296296296296297,0.48148148148148145,8,0.23529411764705882,28,23,23,14,6,2,4,3239,1.0,0.6086956521739131,0.6086956521739131,0.2608695652173913,0,0.3333333333333333,0.6666666666666666,0.0,140.82608695652175,231.35714285714286,0,9,9,0,2,70,67,3,1,1,1,0.04285714285714286,0.9571428571428572,4.2626798770413155,0,1.0,0.42592592592592593,0.25925925925925924,0.8846153846153846,3,31,40,0.7714285714285715,0.4857142857142857,0.11428571428571428,0.8059701492537313,0.5074626865671642,0.11940298507462686,0.5185185185185185,0.11538461538461539,0.391304347826087,0.7407407407407407,0.010084033613445379,0.22521008403361345,0.23529411764705882
b_16,22,22,9,6,1.0,0.4090909090909091,0.6666666666666666,0.4090909090909091,0.2727272727272727,3,0.3333333333333333,16,4,4,4,0,0,0,741,1.0,1.0,1.0,0.0,0,,,,185.25,185.25,0,0,0,0,2,96,89,7,1,1,1,0.07291666666666667,0.9270833333333334,4.574710978503383,0,1.0,0.18181818181818182,0.18181818181818182,0.6666666666666666,2,18,18,0.22916666666666666,0.09375,0.03125,0.24719101123595505,0.10112359550561797,0.033707865168539325,0.7272727272727273,0.3333333333333333,0.0,0.8181818181818182,0.024305555555555556,0.3090277777777778,0.33333333333333337
b_160,8,8,4,3,1.0,0.5,0.75,0.5,0.375,1,0.25,5,3,3,1,1,1,0,303,1.0,0.3333333333333333,0.3333333333333333,0.3333333333333333,0,1.0,0.0,0.0,101.0,303.0,0,2,2,0,2,7,6,1,1,1,1,0.14285714285714285,0.8571428571428571,2.0794415416798357,0,1.0,0.375,0.125,1.0,0,5,7,1.1428571428571428,0.5714285714285714,0.14285714285714285,1.3333333333333333,0.6666666666666666,0.16666666666666666,0.625,0.0,0.6666666666666666,0.875,0.03571428571428571,0.21428571428571427,0.25
b_161,44,44,19,12,1.0,0.4318181818181818,0.631578947368421,0.4318181818181818,0.2727272727272727,7,0.3684210526315789,32,12,12,8,4,2,2,1210,1.0,0.6666666666666666,0.6666666666666666,0.3333333333333333,0,0.5,0.5,0.0,100.83333333333333,151.25,0,4,4,0,2,119,105,14,1,1,1,0.11764705882352941,0.8823529411764706,4.787491742782046,0,1.0,0.2727272727272727,0.18181818181818182,1.0,0,32,36,0.3697478991596639,0.15966386554621848,0.058823529411764705,0.41904761904761906,0.18095238095238095,0.06666666666666667,0.7272727272727273,0.0,0.3333333333333333,0.8181818181818182,0.04334365325077399,0.32507739938080493,0.3684210526315789
b_162,86,86,54,36,1.0,0.627906976744186,0.6666666666666666,0.627906976744186,0.4186046511627907,18,0.3333333333333333,50,35,35,24,11,6,5,7048,1.0,0.6857142857142857,0.6857142857142857,0.3142857142857143,0,0.5454545454545454,0.45454545454545453,0.0,201.37142857142857,293.6666666666667,0,11,11,0,2,90,76,14,1,1,1,0.15555555555555556,0.8444444444444444,4.51085950651685,0,1.0,0.4069767441860465,0.27906976744186046,0.9722222222222222,1,51,62,0.9555555555555556,0.6,0.2,1.131578947368421,0.7105263157894737,0.23684210526315788,0.5813953488372093,0.027777777777777776,0.3142857142857143,0.7209302325581395,0.05185185185185185,0.28148148148148144,0.3333333333333333
b_163,28,28,3,3,1.0,0.10714285714285714,1.0,0.10714285714285714,0.10714285714285714,0,0.0,25,3,3,1,1,1,0,105,1.0,0.3333333333333333,0.3333333333333333,0.3333333333333333,0,1.0,0.0,0.0,35.0,105.0,0,2,2,0,2,99,92,7,1,1,1,0.0707070707070707,0.9292929292929293,4.605170185988092,0,1.0,0.10714285714285714,0.03571428571428571,1.0,0,25,27,0.2828282828282828,0.030303030303030304,0.0,0.30434782608695654,0.03260869565217391,0.0,0.8928571428571429,0.0,0.6666666666666666,0.9642857142857143,0.0,0.0,0.0
b_164,41,41,25,22,1.0,0.6097560975609756,0.88,0.6097560975609756,0.5365853658536586,3,0.12,19,22,22,10,11,5,6,2324,1.0,0.45454545454545453,0.45454545454545453,0.5,0,0.45454545454545453,0.5454545454545454,0.0,105.63636363636364,232.4,0,12,12,0,2,82,67,15,1,1,1,0.18292682926829268,0.8170731707317073,4.418840607796598,0,1.0,0.5365853658536586,0.24390243902439024,1.0,0,19,31,0.5,0.3048780487804878,0.036585365853658534,0.6119402985074627,0.373134328358209,0.04477611940298507,0.4634146341463415,0.0,0.5454545454545454,0.7560975609756098,0.02195121951219512,0.09804878048780487,0.12
b_165,83,83,62,27,1.0,0.7469879518072289,0.43548387096774194,0.7469879518072289,0.3253012048192771,35,0.5645161290322581,56,27,27,10,13,7,6,1863,1.0,0.37037037037037035,0.37037037037037035,0.48148148148148145,0,0.5384615384615384,0.46153846153846156,0.0,69.0,186.3,0,17,17,0,2,186,134,52,1,1,1,0.27956989247311825,0.7204301075268817,5.231108616854587,0,1.0,0.3253012048192771,0.12048192771084337,1.0,0,56,73,0.44623655913978494,0.3333333333333333,0.1881720430107527,0.6194029850746269,0.4626865671641791,0.26119402985074625,0.6746987951807228,0.0,0.6296296296296297,0.8795180722891566,0.15782171349288934,0.40669441553936875,0.5645161290322581
b_166,15,15,9,7,1.0,0.6,0.7777777777777778,0.6,0.4666666666666667,2,0.2222222222222222,8,7,7,2,4,3,1,684,1.0,0.2857142857142857,0.2857142857142857,0.5714285714285714,0,0.75,0.25,0.0,97.71428571428571,342.0,0,5,5,0,2,52,38,14,1,1,1,0.2692307692307692,0.7307692307692307,3.970291913552122,0,1.0,0.4666666666666667,0.13333333333333333,1.0,0,8,13,0.28846153846153844,0.17307692307692307,0.038461538461538464,0.39473684210526316,0.23684210526315788,0.05263157894736842,0.5333333333333333,0.0,0.7142857142857143,0.8666666666666667,0.059829059829059825,0.16239316239316237,0.2222222222222222
b_167,7,7,5,3,1.0,0.7142857142857143,0.6,0.7142857142857143,0.42857142857142855,2,0.4,4,3,3,2,1,1,0,524,1.0,0.6666666666666666,0.6666666666666666,0.3333333333333333,0,1.0,0.0,0.0,174.66666666666666,262.0,0,1,1,0,2,45,37,8,1,1,1,0.17777777777777778,0.8222222222222222,3.828641396489095,0,1.0,0.42857142857142855,0.2857142857142857,1.0,0,4,5,0.15555555555555556,0.1111111111111111,0.044444444444444446,0.1891891891891892,0.13513513513513514,0.05405405405405406,0.5714285714285714,0.0,0.3333333333333333,0.7142857142857143,0.07111111111111111,0.3288888888888889,0.4
b_168,13,13,1,0,1.0,0.07692307692307693,0.0,0.07692307692307693,0.0,1,1.0,13,0,0,0,0,0,0,0,,,,,0,,,,,,0,0,0,0,2,41,35,6,1,1,1,0.14634146341463414,0.8536585365853658,3.7376696182833684,0,1.0,0.0,0.0,,0,13,13,0.3170731707317073,0.024390243902439025,0.024390243902439025,0.37142857142857144,0.02857142857142857,0.02857142857142857,1.0,,,1.0,0.14634146341463414,0.8536585365853658,1.0
b_169,21,21,14,6,1.0,0.6666666666666666,0.42857142857142855,0.6666666666666666,0.2857142857142857,8,0.5714285714285714,15,6,6,2,4,3,1,157,1.0,0.3333333333333333,0.3333333333333333,0.6666666666666666,0,0.75,0.25,0.0,26.166666666666668,78.5,0,4,4,0,2,12,10,2,1,1,1,0.16666666666666666,0.8333333333333334,2.5649493574615367,0,1.0,0.2857142857142857,0.09523809523809523,1.0,0,15,19,1.75,1.1666666666666667,0.6666666666666666,2.1,1.4,0.8,0.7142857142857143,0.0,0.6666666666666666,0.9047619047619048,0.09523809523809523,0.47619047619047616,0.5714285714285714
b_17,63,63,16,9,1.0,0.25396825396825395,0.5625,0.25396825396825395,0.14285714285714285,7,0.4375,54,7,7,5,2,1,1,1163,1.0,0.7142857142857143,0.7142857142857143,0.2857142857142857,0,0.5,0.5,0.0,166.14285714285714,232.6,0,2,2,0,2,211,196,15,1,1,1,0.07109004739336493,0.9289099526066351,5.356586274672012,0,1.0,0.1111111111111111,0.07936507936507936,0.7777777777777778,2,56,58,0.2985781990521327,0.07582938388625593,0.03317535545023697,0.32142857142857145,0.08163265306122448,0.03571428571428571,0.8571428571428571,0.2222222222222222,0.2857142857142857,0.9206349206349206,0.031101895734597155,0.40639810426540285,0.4375
b_170,8,8,5,3,1.0,0.625,0.6,0.625,0.375,2,0.4,5,3,3,1,2,0,2,144,1.0,0.3333333333333333,0.3333333333333333,0.6666666666666666,0,0.0,1.0,0.0,48.0,144.0,0,2,2,0,2,27,27,0,1,1,1,0.0,1.0,3.332204510175204,0,1.0,0.375,0.125,1.0,0,5,7,0.2962962962962963,0.18518518518518517,0.07407407407407407,0.2962962962962963,0.18518518518518517,0.07407407407407407,0.625,0.0,0.6666666666666666,0.875,0.0,0.4,0.4
b_171,114,114,90,32,1.0,0.7894736842105263,0.35555555555555557,0.7894736842105263,0.2807017543859649,58,0.6444444444444445,82,31,31,15,12,6,6,3025,1.0,0.4838709677419355,0.4838709677419355,0.3870967741935484,0,0.5,0.5,0.0,97.58064516129032,201.66666666666666,0,16,16,0,2,110,87,23,1,1,1,0.20909090909090908,0.7909090909090909,4.709530201312334,0,1.0,0.2719298245614035,0.13157894736842105,0.96875,1,83,99,1.0363636363636364,0.8181818181818182,0.5272727272727272,1.3103448275862069,1.0344827586206897,0.6666666666666666,0.7192982456140351,0.03125,0.5161290322580645,0.868421052631579,0.13474747474747475,0.5096969696969698,0.6444444444444445
b_172,220,220,176,73,1.0,0.8,0.4147727272727273,0.8,0.33181818181818185,103,0.5852272727272727,147,73,73,33,28,13,15,7692,1.0,0.4520547945205479,0.4520547945205479,0.3835616438356164,0,0.4642857142857143,0.5357142857142857,0.0,105.36986301369863,233.0909090909091,0,40,40,0,2,225,162,63,1,1,1,0.28,0.72,5.420534999272286,0,1.0,0.33181818181818185,0.15,1.0,0,147,187,0.9777777777777777,0.7822222222222223,0.4577777777777778,1.3580246913580247,1.0864197530864197,0.6358024691358025,0.6681818181818182,0.0,0.547945205479452,0.85,0.16386363636363638,0.42136363636363633,0.5852272727272727
b_173,72,72,33,25,1.0,0.4583333333333333,0.7575757575757576,0.4583333333333333,0.3472222222222222,8,0.24242424242424243,47,23,23,9,9,2,7,1400,1.0,0.391304347826087,0.391304347826087,0.391304347826087,0,0.2222222222222222,0.7777777777777778,0.0,60.869565217391305,155.55555555555554,0,14,14,0,2,166,122,44,1,1,1,0.26506024096385544,0.7349397590361446,5.117993812416755,0,1.0,0.3194444444444444,0.125,0.92,2,49,63,0.43373493975903615,0.19879518072289157,0.04819277108433735,0.5901639344262295,0.27049180327868855,0.06557377049180328,0.6527777777777778,0.08,0.6086956521739131,0.875,0.06425702811244981,0.17816721431179264,0.24242424242424243
b_174,99,99,72,29,1.0,0.7272727272727273,0.4027777777777778,0.7272727272727273,0.29292929292929293,43,0.5972222222222222,70,28,28,18,5,2,3,3836,1.0,0.6428571428571429,0.6428571428571429,0.17857142857142858,0,0.4,0.6,0.0,137.0,213.11111111111111,0,10,10,0,2,242,194,48,1,1,1,0.19834710743801653,0.8016528925619835,5.493061443340548,0,1.0,0.2828282828282828,0.18181818181818182,0.9655172413793104,1,71,81,0.4090909090909091,0.2975206611570248,0.17768595041322313,0.5103092783505154,0.3711340206185567,0.22164948453608246,0.7070707070707071,0.034482758620689655,0.35714285714285715,0.8181818181818182,0.1184573002754821,0.47876492194674014,0.5972222222222222
b_175,58,58,28,13,1.0,0.4827586206896552,0.4642857142857143,0.4827586206896552,0.22413793103448276,15,0.5357142857142857,45,13,13,10,3,0,3,2153,1.0,0.7692307692307693,0.7692307692307693,0.23076923076923078,0,0.0,1.0,0.0,165.6153846153846,215.3,0,3,3,0,2,135,97,38,1,1,1,0.2814814814814815,0.7185185185185186,4.912654885736052,0,1.0,0.22413793103448276,0.1724137931034483,1.0,0,45,48,0.42962962962962964,0.2074074074074074,0.1111111111111111,0.5979381443298969,0.28865979381443296,0.15463917525773196,0.7758620689655172,0.0,0.23076923076923078,0.8275862068965517,0.15079365079365079,0.38492063492063494,0.5357142857142857
b_176,79,79,60,16,1.0,0.759493670886076,0.26666666666666666,0.759493670886076,0.20253164556962025,44,0.7333333333333333,63,16,16,7,8,4,4,1170,1.0,0.4375,0.4375,0.5,0,0.5,0.5,0.0,73.125,167.14285714285714,0,9,9,0,2,75,57,18,1,1,1,0.24,0.76,4.330733340286331,0,1.0,0.20253164556962025,0.08860759493670886,1.0,0,63,72,1.0533333333333332,0.8,0.5866666666666667,1.3859649122807018,1.0526315789473684,0.7719298245614035,0.7974683544303798,0.0,0.5625,0.9113924050632911,0.176,0.5573333333333333,0.7333333333333334
b_177,246,246,195,60,1.0,0.7926829268292683,0.3076923076923077,0.7926829268292683,0.24390243902439024,135,0.6923076923076923,186,60,60,26,28,21,7,5785,1.0,0.43333333333333335,0.43333333333333335,0.4666666666666667,0,0.75,0.25,0.0,96.41666666666667,222.5,0,34,34,0,2,106,71,35,1,1,1,0.330188679245283,0.6698113207547169,4.672828834461906,0,1.0,0.24390243902439024,0.10569105691056911,1.0,0,186,220,2.3207547169811322,1.8396226415094339,1.2735849056603774,3.464788732394366,2.7464788732394365,1.9014084507042253,0.7560975609756098,0.0,0.5666666666666667,0.8943089430894309,0.2285921625544267,0.4637155297532656,0.6923076923076923
b_178,1119,1119,1023,295,1.0,0.9142091152815014,0.2883675464320626,0.9142091152815014,0.26362823949955316,728,0.7116324535679375,824,279,279,129,146,73,73,34819,1.0,0.46236559139784944,0.46236559139784944,0.5232974910394266,0,0.5,0.5,0.0,124.79928315412187,269.91472868217056,0,150,150,0,2,340,293,47,1,1,1,0.13823529411764707,0.861764705882353,5.831882477283517,0,1.0,0.24932975871313673,0.11528150134048257,0.9457627118644067,16,840,990,3.291176470588235,3.0088235294117647,2.1411764705882352,3.8191126279863483,3.491467576791809,2.484641638225256,0.7363717605004468,0.05423728813559322,0.5376344086021505,0.8847184986595175,0.09837272152262666,0.6132597320453108,0.7116324535679375
b_179,232,232,191,43,1.0,0.8232758620689655,0.225130890052356,0.8232758620689655,0.1853448275862069,148,0.774869109947644,189,42,42,29,11,6,5,6558,1.0,0.6904761904761905,0.6904761904761905,0.2619047619047619,0,0.5454545454545454,0.45454545454545453,0.0,156.14285714285714,226.13793103448276,0,13,13,0,2,136,109,27,1,1,1,0.19852941176470587,0.8014705882352942,4.919980925828125,0,1.0,0.1810344827586207,0.125,0.9767441860465116,1,190,203,1.7058823529411764,1.4044117647058822,1.088235294117647,2.128440366972477,1.7522935779816513,1.3577981651376148,0.8146551724137931,0.023255813953488372,0.30952380952380953,0.875,0.15383430859254696,0.621034801355097,0.774869109947644
b_18,14,14,7,4,1.0,0.5,0.5714285714285714,0.5,0.2857142857142857,3,0.42857142857142855,10,4,4,4,0,0,0,516,1.0,1.0,1.0,0.0,0,,,,129.0,129.0,0,0,0,0,2,101,93,8,1,1,1,0.07920792079207921,0.9207920792079208,4.624972813284271,0,1.0,0.2857142857142857,0.2857142857142857,1.0,0,10,10,0.13861386138613863,0.06930693069306931,0.0297029702970297,0.15053763440860216,0.07526881720430108,0.03225806451612903,0.7142857142857143,0.0,0.0,0.7142857142857143,0.033946251768033946,0.3946251768033946,0.42857142857142855
b_180,104,104,78,29,1.0,0.75,0.3717948717948718,0.75,0.27884615384615385,49,0.6282051282051282,75,29,29,9,20,12,8,2015,1.0,0.3103448275862069,0.3103448275862069,0.6896551724137931,0,0.6,0.4,0.0,69.48275862068965,223.88888888888889,0,20,20,0,2,278,226,52,1,1,1,0.18705035971223022,0.8129496402877698,5.631211781821365,0,1.0,0.27884615384615385,0.08653846153846154,1.0,0,75,95,0.37410071942446044,0.2805755395683453,0.17625899280575538,0.46017699115044247,0.34513274336283184,0.2168141592920354,0.7211538461538461,0.0,0.6896551724137931,0.9134615384615384,0.11750599520383694,0.5106991330012913,0.6282051282051283
b_181,4862,4862,4522,560,1.0,0.9300699300699301,0.1238390092879257,0.9300699300699301,0.11517893870835047,3962,0.8761609907120743,4302,556,556,216,336,196,140,67587,1.0,0.38848920863309355,0.38848920863309355,0.60431654676259,0,0.5833333333333334,0.4166666666666667,0.0,121.55935251798562,312.90277777777777,0,340,340,0,2,686,480,206,1,1,1,0.30029154518950435,0.6997084548104956,6.532334292222349,0,1.0,0.11435623200329083,0.0444261620732209,0.9928571428571429,4,4306,4646,7.087463556851312,6.591836734693878,5.775510204081633,10.129166666666666,9.420833333333333,8.254166666666666,0.8848210612916495,0.007142857142857143,0.6115107913669064,0.9555738379267791,0.2631037377356958,0.6130572529763785,0.8761609907120742
b_182,75,75,60,16,1.0,0.8,0.26666666666666666,0.8,0.21333333333333335,44,0.7333333333333333,59,16,16,7,7,4,3,1749,1.0,0.4375,0.4375,0.4375,0,0.5714285714285714,0.42857142857142855,0.0,109.3125,249.85714285714286,0,9,9,0,2,64,50,14,1,1,1,0.21875,0.78125,4.174387269895637,0,1.0,0.21333333333333335,0.09333333333333334,1.0,0,59,68,1.171875,0.9375,0.6875,1.5,1.2,0.88,0.7866666666666666,0.0,0.5625,0.9066666666666666,0.16041666666666665,0.5729166666666666,0.7333333333333333
b_183,123,123,101,30,1.0,0.8211382113821138,0.297029702970297,0.8211382113821138,0.24390243902439024,71,0.7029702970297029,93,30,30,17,11,9,2,3976,1.0,0.5666666666666667,0.5666666666666667,0.36666666666666664,0,0.8181818181818182,0.18181818181818182,0.0,132.53333333333333,233.88235294117646,0,13,13,0,2,135,85,50,1,1,1,0.37037037037037035,0.6296296296296297,4.912654885736052,0,1.0,0.24390243902439024,0.13821138211382114,1.0,0,93,106,0.9111111111111111,0.7481481481481481,0.5259259259259259,1.4470588235294117,1.188235294117647,0.8352941176470589,0.7560975609756098,0.0,0.43333333333333335,0.8617886178861789,0.2603593692702603,0.4426109277594426,0.7029702970297029
b_184,54,54,48,19,1.0,0.8888888888888888,0.3958333333333333,0.8888888888888888,0.35185185185185186,29,0.6041666666666666,35,18,18,5,13,7,6,1540,1.0,0.2777777777777778,0.2777777777777778,0.7222222222222222,0,0.5384615384615384,0.46153846153846156,0.0,85.55555555555556,308.0,0,13,13,0,2,55,43,12,1,1,1,0.21818181818181817,0.7818181818181819,4.02535169073515,0,1.0,0.3333333333333333,0.09259259259259259,0.9473684210526315,1,36,49,0.9818181818181818,0.8727272727272727,0.5272727272727272,1.255813953488372,1.1162790697674418,0.6744186046511628,0.6481481481481481,0.05263157894736842,0.7222222222222222,0.9074074074074074,0.1318181818181818,0.47234848484848485,0.6041666666666666
b_185,428,428,359,148,1.0,0.8387850467289719,0.41225626740947074,0.8387850467289719,0.34579439252336447,211,0.5877437325905293,280,144,144,65,73,31,42,17878,1.0,0.4513888888888889,0.4513888888888889,0.5069444444444444,0,0.4246575342465753,0.5753424657534246,0.0,124.15277777777777,275.04615384615386,0,79,79,0,2,105,82,23,1,1,1,0.21904761904761905,0.780952380952381,4.663439094112067,0,1.0,0.3364485981308411,0.15186915887850466,0.972972972972973,4,284,363,4.076190476190476,3.419047619047619,2.0095238095238095,5.219512195121951,4.378048780487805,2.573170731707317,0.6542056074766355,0.02702702702702703,0.5486111111111112,0.8481308411214953,0.12874386523411593,0.45899986735641335,0.5877437325905293
b_186,1008,1008,867,267,1.0,0.8601190476190477,0.3079584775086505,0.8601190476190477,0.2648809523809524,600,0.6920415224913494,741,266,266,122,140,59,79,30424,1.0,0.45864661654135336,0.45864661654135336,0.5263157894736842,2,0.42142857142857143,0.5642857142857143,0.014285714285714285,114.37593984962406,249.37704918032787,0,144,144,0,2,478,400,78,1,1,1,0.16317991631799164,0.8368200836820083,6.171700597410915,0,1.0,0.2638888888888889,0.12103174603174603,0.9962546816479401,1,742,886,2.1087866108786613,1.8138075313807531,1.2552301255230125,2.52,2.1675,1.5,0.7351190476190477,0.003745318352059925,0.5413533834586466,0.878968253968254,0.11292727772871393,0.5791142447626355,0.6920415224913494
b_187,1874,1874,1637,445,1.0,0.8735325506937033,0.27183872938301773,0.8735325506937033,0.23745997865528282,1192,0.7281612706169823,1429,440,440,141,289,164,125,41378,1.0,0.32045454545454544,0.32045454545454544,0.6568181818181819,0,0.5674740484429066,0.43252595155709345,0.0,94.0409090909091,293.4609929078014,0,299,299,0,2,382,319,63,1,1,1,0.1649214659685864,0.8350785340314136,5.948034989180646,0,1.0,0.23479188900747064,0.07524012806830309,0.9887640449438202,5,1434,1733,4.9057591623036645,4.285340314136126,3.1204188481675392,5.87460815047022,5.131661442006269,3.7366771159874608,0.7625400213447172,0.011235955056179775,0.6795454545454546,0.924759871931697,0.12008942421170128,0.6080718464052811,0.7281612706169824
b_188,136,136,122,26,1.0,0.8970588235294118,0.21311475409836064,0.8970588235294118,0.19117647058823528,96,0.7868852459016393,110,26,26,10,15,6,9,1856,1.0,0.38461538461538464,0.38461538461538464,0.5769230769230769,0,0.4,0.6,0.0,71.38461538461539,185.6,0,16,16,0,2,119,68,51,1,1,1,0.42857142857142855,0.5714285714285714,4.787491742782046,0,1.0,0.19117647058823528,0.07352941176470588,1.0,0,110,126,1.1428571428571428,1.0252100840336134,0.8067226890756303,2.0,1.7941176470588236,1.411764705882353,0.8088235294117647,0.0,0.6153846153846154,0.9264705882352942,0.3372365339578454,0.44964871194379386,0.7868852459016393
b_189,396,396,322,134,1.0,0.8131313131313131,0.4161490683229814,0.8131313131313131,0.3383838383838384,188,0.5838509316770186,262,121,121,46,68,25,43,11460,1.0,0.38016528925619836,0.38016528925619836,0.5619834710743802,0,0.36764705882352944,0.6323529411764706,0.0,94.7107438016529,249.1304347826087,0,75,75,0,2,162,117,45,1,1,1,0.2777777777777778,0.7222222222222222,5.093750200806762,0,1.0,0.3055555555555556,0.11616161616161616,0.9029850746268657,13,275,350,2.4444444444444446,1.9876543209876543,1.1604938271604939,3.3846153846153846,2.752136752136752,1.606837606837607,0.6616161616161617,0.09701492537313433,0.6198347107438017,0.8838383838383839,0.1621808143547274,0.4216701173222912,0.5838509316770186
b_19,33,33,17,14,1.0,0.5151515151515151,0.8235294117647058,0.5151515151515151,0.42424242424242425,3,0.17647058823529413,19,11,11,7,4,1,3,1164,1.0,0.6363636363636364,0.6363636363636364,0.36363636363636365,0,0.25,0.75,0.0,105.81818181818181,166.28571428571428,0,4,4,0,2,146,127,19,1,1,1,0.13013698630136986,0.8698630136986302,4.990432586778736,0,1.0,0.3333333333333333,0.21212121212121213,0.7857142857142857,3,22,26,0.22602739726027396,0.11643835616438356,0.02054794520547945,0.25984251968503935,0.13385826771653545,0.023622047244094488,0.5757575757575758,0.21428571428571427,0.36363636363636365,0.7878787878787878,0.022965350523771154,0.15350523771152297,0.17647058823529413
b_190,216,216,165,70,1.0,0.7638888888888888,0.42424242424242425,0.7638888888888888,0.32407407407407407,95,0.5757575757575758,146,69,69,37,27,14,13,9851,1.0,0.5362318840579711,0.5362318840579711,0.391304347826087,0,0.5185185185185185,0.48148148148148145,0.0,142.768115942029,266.2432432432432,0,32,32,0,2,101,77,24,1,1,1,0.2376237623762376,0.7623762376237624,4.624972813284271,0,1.0,0.3194444444444444,0.1712962962962963,0.9857142857142858,1,147,179,2.1386138613861387,1.6336633663366336,0.9405940594059405,2.8051948051948052,2.142857142857143,1.2337662337662338,0.6759259259259259,0.014285714285714285,0.463768115942029,0.8287037037037037,0.13681368136813682,0.438943894389439,0.5757575757575758
b_191,116,116,75,36,1.0,0.646551724137931,0.48,0.646551724137931,0.3103448275862069,39,0.52,80,36,36,15,17,10,7,3606,1.0,0.4166666666666667,0.4166666666666667,0.4722222222222222,0,0.5882352941176471,0.4117647058823529,0.0,100.16666666666667,240.4,0,21,21,0,2,95,71,24,1,1,1,0.25263157894736843,0.7473684210526316,4.564348191467836,0,1.0,0.3103448275862069,0.12931034482758622,1.0,0,80,101,1.2210526315789474,0.7894736842105263,0.4105263157894737,1.6338028169014085,1.056338028169014,0.5492957746478874,0.6896551724137931,0.0,0.5833333333333334,0.8706896551724138,0.13136842105263158,0.38863157894736844,0.52
b_192,258,258,205,80,1.0,0.7945736434108527,0.3902439024390244,0.7945736434108527,0.31007751937984496,125,0.6097560975609756,178,80,80,36,37,14,23,7337,1.0,0.45,0.45,0.4625,0,0.3783783783783784,0.6216216216216216,0.0,91.7125,203.80555555555554,0,44,44,0,2,145,117,28,1,1,1,0.19310344827586207,0.8068965517241379,4.983606621708336,0,1.0,0.31007751937984496,0.13953488372093023,1.0,0,178,222,1.7793103448275862,1.4137931034482758,0.8620689655172413,2.2051282051282053,1.7521367521367521,1.0683760683760684,0.689922480620155,0.0,0.55,0.8604651162790697,0.11774600504625736,0.4920100925147182,0.6097560975609756
b_193,120,120,69,45,1.0,0.575,0.6521739130434783,0.575,0.375,24,0.34782608695652173,75,42,42,21,19,11,8,6035,1.0,0.5,0.5,0.4523809523809524,0,0.5789473684210527,0.42105263157894735,0.0,143.6904761904762,287.3809523809524,0,21,21,0,2,82,66,16,1,1,1,0.1951219512195122,0.8048780487804879,4.418840607796598,0,1.0,0.35,0.175,0.9333333333333333,3,78,99,1.4634146341463414,0.8414634146341463,0.2926829268292683,1.8181818181818181,1.0454545454545454,0.36363636363636365,0.625,0.06666666666666667,0.5,0.825,0.06786850477200425,0.2799575821845175,0.34782608695652173
b_194,46,46,29,19,1.0,0.6304347826086957,0.6551724137931034,0.6304347826086957,0.41304347826086957,10,0.3448275862068966,27,19,19,10,5,2,3,1315,1.0,0.5263157894736842,0.5263157894736842,0.2631578947368421,0,0.4,0.6,0.0,69.21052631578948,131.5,0,9,9,0,2,48,32,16,1,1,1,0.3333333333333333,0.6666666666666666,3.8918202981106265,0,1.0,0.41304347826086957,0.21739130434782608,1.0,0,27,36,0.9583333333333334,0.6041666666666666,0.20833333333333334,1.4375,0.90625,0.3125,0.5869565217391305,0.0,0.47368421052631576,0.782608695652174,0.11494252873563218,0.22988505747126436,0.3448275862068966
b_195,41,41,28,23,1.0,0.6829268292682927,0.8214285714285714,0.6829268292682927,0.5609756097560976,5,0.17857142857142858,18,19,19,6,12,4,8,1569,1.0,0.3157894736842105,0.3157894736842105,0.631578947368421,0,0.3333333333333333,0.6666666666666666,0.0,82.57894736842105,261.5,0,13,13,0,2,64,45,19,1,1,1,0.296875,0.703125,4.174387269895637,0,1.0,0.4634146341463415,0.14634146341463414,0.8260869565217391,4,22,35,0.640625,0.4375,0.078125,0.9111111111111111,0.6222222222222222,0.1111111111111111,0.43902439024390244,0.17391304347826086,0.6842105263157895,0.8536585365853658,0.053013392857142856,0.12555803571428573,0.17857142857142858
b_196,66,66,46,30,1.0,0.696969696969697,0.6521739130434783,0.696969696969697,0.45454545454545453,16,0.34782608695652173,36,29,29,21,6,4,2,4002,1.0,0.7241379310344828,0.7241379310344828,0.20689655172413793,0,0.6666666666666666,0.3333333333333333,0.0,138.0,190.57142857142858,0,8,8,0,2,239,188,51,1,1,1,0.21338912133891214,0.7866108786610879,5.480638923341991,0,1.0,0.4393939393939394,0.3181818181818182,0.9666666666666667,1,37,45,0.27615062761506276,0.19246861924686193,0.06694560669456066,0.35106382978723405,0.24468085106382978,0.0851063829787234,0.5454545454545454,0.03333333333333333,0.27586206896551724,0.6818181818181818,0.07422230307440422,0.27360378388211753,0.34782608695652173
b_197,62,62,36,22,1.0,0.5806451612903226,0.6111111111111112,0.5806451612903226,0.3548387096774194,14,0.3888888888888889,40,21,21,13,5,4,1,3148,1.0,0.6190476190476191,0.6190476190476191,0.23809523809523808,0,0.8,0.2,0.0,149.9047619047619,242.15384615384616,0,8,8,0,2,296,260,36,1,1,1,0.12162162162162163,0.8783783783783784,5.6937321388027,0,1.0,0.3387096774193548,0.20967741935483872,0.9545454545454546,1,41,49,0.20945945945945946,0.12162162162162163,0.0472972972972973,0.23846153846153847,0.13846153846153847,0.05384615384615385,0.6451612903225806,0.045454545454545456,0.38095238095238093,0.7903225806451613,0.0472972972972973,0.3415915915915916,0.3888888888888889
b_198,190,190,119,64,1.0,0.6263157894736842,0.5378151260504201,0.6263157894736842,0.3368421052631579,55,0.46218487394957986,126,63,63,38,25,9,16,7129,1.0,0.6031746031746031,0.6031746031746031,0.3968253968253968,0,0.36,0.64,0.0,113.15873015873017,187.60526315789474,0,25,25,0,2,212,176,36,1,1,1,0.16981132075471697,0.8301886792452831,5.3612921657094255,0,1.0,0.33157894736842103,0.2,0.984375,1,127,152,0.8962264150943396,0.5613207547169812,0.25943396226415094,1.0795454545454546,0.6761363636363636,0.3125,0.6631578947368421,0.015625,0.3968253968253968,0.8,0.07848422387823054,0.38370065007134935,0.46218487394957986
b_199,117,117,84,58,1.0,0.717948717948718,0.6904761904761905,0.717948717948718,0.49572649572649574,26,0.30952380952380953,59,58,58,33,22,11,11,6922,1.0,0.5689655172413793,0.5689655172413793,0.3793103448275862,0,0.5,0.5,0.0,119.34482758620689,209.75757575757575,0,25,25,0,2,135,100,35,1,1,1,0.25925925925925924,0.7407407407407407,4.912654885736052,0,1.0,0.49572649572649574,0.28205128205128205,1.0,0,59,84,0.8666666666666667,0.6222222222222222,0.1925925925925926,1.17,0.84,0.26,0.5042735042735043,0.0,0.43103448275862066,0.717948717948718,0.08024691358024691,0.2292768959435626,0.30952380952380953
b_2,92,92,43,26,1.0,0.4673913043478261,0.6046511627906976,0.4673913043478261,0.2826086956521739,17,0.3953488372093023,66,25,25,14,10,6,4,5368,1.0,0.56,0.56,0.4,0,0.6,0.4,0.0,214.72,383.42857142857144,0,11,11,0,2,100,95,5,1,1,1,0.05,0.95,4.61512051684126,0,1.0,0.2717391304347826,0.15217391304347827,0.9615384615384616,1,67,78,0.92,0.43,0.17,0.968421052631579,0.45263157894736844,0.17894736842105263,0.717391304347826,0.038461538461538464,0.44,0.8478260869565217,0.019767441860465116,0.37558139534883717,0.3953488372093023
b_20,10,10,5,3,1.0,0.5,0.6,0.5,0.3,2,0.4,7,3,3,2,1,1,0,601,1.0,0.6666666666666666,0.6666666666666666,0.3333333333333333,0,1.0,0.0,0.0,200.33333333333334,300.5,0,1,1,0,2,47,41,6,1,1,1,0.1276595744680851,0.8723404255319149,3.8712010109078907,0,1.0,0.3,0.2,1.0,0,7,8,0.2127659574468085,0.10638297872340426,0.0425531914893617,0.24390243902439024,0.12195121951219512,0.04878048780487805,0.7,0.0,0.3333333333333333,0.8,0.05106382978723404,0.348936170212766,0.4000000000000001
b_200,25,25,15,8,1.0,0.6,0.5333333333333333,0.6,0.32,7,0.4666666666666667,17,8,8,4,4,0,4,724,1.0,0.5,0.5,0.5,0,0.0,1.0,0.0,90.5,181.0,0,4,4,0,2,112,82,30,1,1,1,0.26785714285714285,0.7321428571428571,4.727387818712341,0,1.0,0.32,0.16,1.0,0,17,21,0.22321428571428573,0.13392857142857142,0.0625,0.3048780487804878,0.18292682926829268,0.08536585365853659,0.68,0.0,0.5,0.84,0.125,0.3416666666666667,0.4666666666666667
b_201,29,29,17,15,1.0,0.5862068965517241,0.8823529411764706,0.5862068965517241,0.5172413793103449,2,0.11764705882352941,14,14,14,8,6,2,4,1557,1.0,0.5714285714285714,0.5714285714285714,0.42857142857142855,0,0.3333333333333333,0.6666666666666666,0.0,111.21428571428571,194.625,0,6,6,0,2,83,69,14,1,1,1,0.1686746987951807,0.8313253012048193,4.430816798843313,0,1.0,0.4827586206896552,0.27586206896551724,0.9333333333333333,1,15,21,0.3493975903614458,0.20481927710843373,0.024096385542168676,0.42028985507246375,0.2463768115942029,0.028985507246376812,0.4827586206896552,0.06666666666666667,0.42857142857142855,0.7241379310344828,0.019844082211197732,0.09780297661233169,0.11764705882352941
b_202,31,31,16,11,1.0,0.5161290322580645,0.6875,0.5161290322580645,0.3548387096774194,5,0.3125,20,11,11,4,4,1,3,748,1.0,0.36363636363636365,0.36363636363636365,0.36363636363636365,0,0.25,0.75,0.0,68.0,187.0,0,7,7,0,2,130,96,34,1,1,1,0.26153846153846155,0.7384615384615385,4.875197323201151,0,1.0,0.3548387096774194,0.12903225806451613,1.0,0,20,27,0.23846153846153847,0.12307692307692308,0.038461538461538464,0.3229166666666667,0.16666666666666666,0.052083333333333336,0.6451612903225806,0.0,0.6363636363636364,0.8709677419354839,0.08173076923076923,0.23076923076923078,0.3125
b_203,9,9,6,4,1.0,0.6666666666666666,0.6666666666666666,0.6666666666666666,0.4444444444444444,2,0.3333333333333333,5,4,4,3,0,0,0,359,1.0,0.75,0.75,0.0,0,,,,89.75,119.66666666666667,0,1,1,0,2,39,24,15,1,1,1,0.38461538461538464,0.6153846153846154,3.6888794541139363,0,1.0,0.4444444444444444,0.3333333333333333,1.0,0,5,6,0.23076923076923078,0.15384615384615385,0.05128205128205128,0.375,0.25,0.08333333333333333,0.5555555555555556,0.0,0.25,0.6666666666666666,0.1282051282051282,0.20512820512820512,0.3333333333333333
b_204,30,30,24,18,1.0,0.8,0.75,0.8,0.6,6,0.25,12,18,18,9,8,4,4,1984,1.0,0.5,0.5,0.4444444444444444,0,0.5,0.5,0.0,110.22222222222223,220.44444444444446,0,9,9,0,2,104,75,29,1,1,1,0.27884615384615385,0.7211538461538461,4.653960350157523,0,1.0,0.6,0.3,1.0,0,12,21,0.28846153846153844,0.23076923076923078,0.057692307692307696,0.4,0.32,0.08,0.4,0.0,0.5,0.7,0.06971153846153846,0.18028846153846154,0.25
b_205,17,17,7,4,1.0,0.4117647058823529,0.5714285714285714,0.4117647058823529,0.23529411764705882,3,0.42857142857142855,13,4,4,2,1,0,1,252,1.0,0.5,0.5,0.25,0,0.0,1.0,0.0,63.0,126.0,0,2,2,0,2,43,37,6,1,1,1,0.13953488372093023,0.8604651162790697,3.784189633918261,0,1.0,0.23529411764705882,0.11764705882352941,1.0,0,13,15,0.3953488372093023,0.16279069767441862,0.06976744186046512,0.4594594594594595,0.1891891891891892,0.08108108108108109,0.7647058823529411,0.0,0.5,0.8823529411764706,0.05980066445182724,0.3687707641196013,0.42857142857142855
b_206,33,33,14,7,1.0,0.42424242424242425,0.5,0.42424242424242425,0.21212121212121213,7,0.5,26,7,7,2,2,0,2,171,1.0,0.2857142857142857,0.2857142857142857,0.2857142857142857,0,0.0,1.0,0.0,24.428571428571427,85.5,0,5,5,0,2,68,54,14,1,1,1,0.20588235294117646,0.7941176470588235,4.23410650459726,0,1.0,0.21212121212121213,0.06060606060606061,1.0,0,26,31,0.4852941176470588,0.20588235294117646,0.10294117647058823,0.6111111111111112,0.25925925925925924,0.12962962962962962,0.7878787878787878,0.0,0.7142857142857143,0.9393939393939394,0.10294117647058823,0.39705882352941174,0.5
b_207,14,14,8,7,1.0,0.5714285714285714,0.875,0.5714285714285714,0.5,1,0.125,7,7,7,7,0,0,0,1294,1.0,1.0,1.0,0.0,0,,,,184.85714285714286,184.85714285714286,0,0,0,0,2,42,35,7,1,1,1,0.16666666666666666,0.8333333333333334,3.7612001156935624,0,1.0,0.5,0.5,1.0,0,7,7,0.3333333333333333,0.19047619047619047,0.023809523809523808,0.4,0.22857142857142856,0.02857142857142857,0.5,0.0,0.0,0.5,0.020833333333333332,0.10416666666666667,0.125
b_208,10,10,8,5,1.0,0.8,0.625,0.8,0.5,3,0.375,5,5,5,4,1,1,0,960,1.0,0.8,0.8,0.2,0,1.0,0.0,0.0,192.0,240.0,0,1,1,0,2,66,54,12,1,1,1,0.18181818181818182,0.8181818181818182,4.204692619390966,0,1.0,0.5,0.4,1.0,0,5,6,0.15151515151515152,0.12121212121212122,0.045454545454545456,0.18518518518518517,0.14814814814814814,0.05555555555555555,0.5,0.0,0.2,0.6,0.06818181818181818,0.3068181818181818,0.375
b_209,16,16,7,4,1.0,0.4375,0.5714285714285714,0.4375,0.25,3,0.42857142857142855,12,4,4,3,1,0,1,515,1.0,0.75,0.75,0.25,0,0.0,1.0,0.0,128.75,171.66666666666666,0,1,1,0,2,53,50,3,1,1,1,0.05660377358490566,0.9433962264150944,3.9889840465642745,0,1.0,0.25,0.1875,1.0,0,12,13,0.3018867924528302,0.1320754716981132,0.05660377358490566,0.32,0.14,0.06,0.75,0.0,0.25,0.8125,0.02425876010781671,0.40431266846361186,0.42857142857142855
b_21,62,62,26,20,1.0,0.41935483870967744,0.7692307692307693,0.41935483870967744,0.3225806451612903,6,0.23076923076923078,42,20,20,8,9,5,4,1611,1.0,0.4,0.4,0.45,0,0.5555555555555556,0.4444444444444444,0.0,80.55,201.375,0,12,12,0,2,125,117,8,1,1,1,0.064,0.936,4.836281906951478,0,1.0,0.3225806451612903,0.12903225806451613,1.0,0,42,54,0.496,0.208,0.048,0.5299145299145299,0.2222222222222222,0.05128205128205128,0.6774193548387096,0.0,0.6,0.8709677419354839,0.01476923076923077,0.21600000000000003,0.23076923076923078
b_210,26,26,21,15,1.0,0.8076923076923077,0.7142857142857143,0.8076923076923077,0.5769230769230769,6,0.2857142857142857,11,14,14,8,4,0,4,2188,1.0,0.5714285714285714,0.5714285714285714,0.2857142857142857,0,0.0,1.0,0.0,156.28571428571428,273.5,0,6,6,0,2,135,107,28,1,1,1,0.2074074074074074,0.7925925925925926,4.912654885736052,0,1.0,0.5384615384615384,0.3076923076923077,0.9333333333333333,1,12,18,0.1925925925925926,0.15555555555555556,0.044444444444444446,0.24299065420560748,0.19626168224299065,0.056074766355140186,0.4230769230769231,0.06666666666666667,0.42857142857142855,0.6923076923076923,0.059259259259259255,0.22645502645502646,0.2857142857142857
b_211,47,47,31,14,1.0,0.6595744680851063,0.45161290322580644,0.6595744680851063,0.2978723404255319,17,0.5483870967741935,33,14,14,6,5,2,3,643,1.0,0.42857142857142855,0.42857142857142855,0.35714285714285715,0,0.4,0.6,0.0,45.92857142857143,107.16666666666667,0,8,8,0,2,62,46,16,1,1,1,0.25806451612903225,0.7419354838709677,4.143134726391533,0,1.0,0.2978723404255319,0.1276595744680851,1.0,0,33,41,0.7580645161290323,0.5,0.27419354838709675,1.0217391304347827,0.6739130434782609,0.3695652173913043,0.7021276595744681,0.0,0.5714285714285714,0.8723404255319149,0.14151925078043703,0.40686784599375647,0.5483870967741935
b_212,30,30,14,6,1.0,0.4666666666666667,0.42857142857142855,0.4666666666666667,0.2,8,0.5714285714285714,24,6,6,2,2,1,1,127,1.0,0.3333333333333333,0.3333333333333333,0.3333333333333333,0,0.5,0.5,0.0,21.166666666666668,63.5,0,4,4,0,2,62,52,10,1,1,1,0.16129032258064516,0.8387096774193549,4.143134726391533,0,1.0,0.2,0.06666666666666667,1.0,0,24,28,0.4838709677419355,0.22580645161290322,0.12903225806451613,0.5769230769230769,0.2692307692307692,0.15384615384615385,0.8,0.0,0.6666666666666666,0.9333333333333333,0.09216589861751151,0.4792626728110599,0.5714285714285714
b_213,18,18,15,8,1.0,0.8333333333333334,0.5333333333333333,0.8333333333333334,0.4444444444444444,7,0.4666666666666667,10,8,8,5,2,2,0,647,1.0,0.625,0.625,0.25,0,1.0,0.0,0.0,80.875,129.4,0,3,3,0,2,55,48,7,1,1,1,0.12727272727272726,0.8727272727272727,4.02535169073515,0,1.0,0.4444444444444444,0.2777777777777778,1.0,0,10,13,0.32727272727272727,0.2727272727272727,0.12727272727272726,0.375,0.3125,0.14583333333333334,0.5555555555555556,0.0,0.375,0.7222222222222222,0.05939393939393939,0.4072727272727273,0.4666666666666667
b_214,16,16,11,9,1.0,0.6875,0.8181818181818182,0.6875,0.5625,2,0.18181818181818182,7,8,8,7,1,0,1,803,1.0,0.875,0.875,0.125,0,0.0,1.0,0.0,100.375,114.71428571428571,0,1,1,0,2,113,101,12,1,1,1,0.10619469026548672,0.8938053097345132,4.736198448394496,0,1.0,0.5,0.4375,0.8888888888888888,1,8,9,0.1415929203539823,0.09734513274336283,0.017699115044247787,0.15841584158415842,0.10891089108910891,0.019801980198019802,0.4375,0.1111111111111111,0.125,0.5625,0.019308125502815767,0.16251005631536605,0.18181818181818182
b_215,28,28,16,15,1.0,0.5714285714285714,0.9375,0.5714285714285714,0.5357142857142857,1,0.0625,13,13,13,8,4,3,1,1827,1.0,0.6153846153846154,0.6153846153846154,0.3076923076923077,0,0.75,0.25,0.0,140.53846153846155,228.375,0,5,5,0,2,75,50,25,1,1,1,0.3333333333333333,0.6666666666666666,4.330733340286331,0,1.0,0.4642857142857143,0.2857142857142857,0.8666666666666667,2,15,20,0.37333333333333335,0.21333333333333335,0.013333333333333334,0.56,0.32,0.02,0.4642857142857143,0.13333333333333333,0.38461538461538464,0.7142857142857143,0.020833333333333332,0.041666666666666664,0.0625
b_216,37,37,23,12,1.0,0.6216216216216216,0.5217391304347826,0.6216216216216216,0.32432432432432434,11,0.4782608695652174,25,12,12,6,5,1,4,1683,1.0,0.5,0.5,0.4166666666666667,0,0.2,0.8,0.0,140.25,280.5,0,6,6,0,2,70,52,18,1,1,1,0.2571428571428571,0.7428571428571429,4.2626798770413155,0,1.0,0.32432432432432434,0.16216216216216217,1.0,0,25,31,0.5285714285714286,0.32857142857142857,0.15714285714285714,0.7115384615384616,0.4423076923076923,0.21153846153846154,0.6756756756756757,0.0,0.5,0.8378378378378378,0.12298136645962732,0.3552795031055901,0.4782608695652174
b_217,21,21,15,12,1.0,0.7142857142857143,0.8,0.7142857142857143,0.5714285714285714,3,0.2,9,12,12,4,5,1,4,1107,1.0,0.3333333333333333,0.3333333333333333,0.4166666666666667,0,0.2,0.8,0.0,92.25,276.75,0,8,8,0,2,67,54,13,1,1,1,0.19402985074626866,0.8059701492537313,4.219507705176107,0,1.0,0.5714285714285714,0.19047619047619047,1.0,0,9,17,0.31343283582089554,0.22388059701492538,0.04477611940298507,0.3888888888888889,0.2777777777777778,0.05555555555555555,0.42857142857142855,0.0,0.6666666666666666,0.8095238095238095,0.038805970149253737,0.16119402985074627,0.2
b_218,69,69,41,26,1.0,0.5942028985507246,0.6341463414634146,0.5942028985507246,0.37681159420289856,15,0.36585365853658536,43,26,26,20,6,4,2,4734,1.0,0.7692307692307693,0.7692307692307693,0.23076923076923078,0,0.6666666666666666,0.3333333333333333,0.0,182.07692307692307,236.7,0,6,6,0,2,201,187,14,1,1,1,0.06965174129353234,0.9303482587064676,5.308267697401205,0,1.0,0.37681159420289856,0.2898550724637681,1.0,0,43,49,0.34328358208955223,0.20398009950248755,0.07462686567164178,0.3689839572192513,0.2192513368983957,0.08021390374331551,0.6231884057971014,0.0,0.23076923076923078,0.7101449275362319,0.025482344375682562,0.34037131416090277,0.36585365853658536
b_219,29,29,16,9,1.0,0.5517241379310345,0.5625,0.5517241379310345,0.3103448275862069,7,0.4375,20,9,9,7,1,0,1,2551,1.0,0.7777777777777778,0.7777777777777778,0.1111111111111111,0,0.0,1.0,0.0,283.44444444444446,364.42857142857144,0,2,2,0,2,154,128,26,1,1,1,0.16883116883116883,0.8311688311688312,5.043425116919247,0,1.0,0.3103448275862069,0.2413793103448276,1.0,0,20,22,0.18831168831168832,0.1038961038961039,0.045454545454545456,0.2265625,0.125,0.0546875,0.6896551724137931,0.0,0.2222222222222222,0.7586206896551724,0.07386363636363637,0.36363636363636365,0.4375
b_22,14,14,3,3,1.0,0.21428571428571427,1.0,0.21428571428571427,0.21428571428571427,0,0.0,11,3,3,1,2,0,2,53,1.0,0.3333333333333333,0.3333333333333333,0.6666666666666666,0,0.0,1.0,0.0,17.666666666666668,53.0,0,2,2,0,2,144,139,5,1,1,1,0.034722222222222224,0.9652777777777778,4.976733742420574,0,1.0,0.21428571428571427,0.07142857142857142,1.0,0,11,13,0.09722222222222222,0.020833333333333332,0.0,0.10071942446043165,0.02158273381294964,0.0,0.7857142857142857,0.0,0.6666666666666666,0.9285714285714286,0.0,0.0,0.0
b_220,12,12,10,4,1.0,0.8333333333333334,0.4,0.8333333333333334,0.3333333333333333,6,0.6,8,4,4,3,1,1,0,547,1.0,0.75,0.75,0.25,0,1.0,0.0,0.0,136.75,182.33333333333334,0,1,1,0,2,42,32,10,1,1,1,0.23809523809523808,0.7619047619047619,3.7612001156935624,0,1.0,0.3333333333333333,0.25,1.0,0,8,9,0.2857142857142857,0.23809523809523808,0.14285714285714285,0.375,0.3125,0.1875,0.6666666666666666,0.0,0.25,0.75,0.14285714285714285,0.4571428571428571,0.5999999999999999
b_221,61,60,35,27,0.9836065573770492,0.5833333333333334,0.7714285714285715,0.5737704918032787,0.4426229508196721,8,0.22857142857142856,34,27,27,20,5,4,1,4592,1.0,0.7407407407407407,0.7407407407407407,0.18518518518518517,0,0.8,0.2,0.0,170.07407407407408,229.6,0,7,7,0,2,163,154,9,1,1,1,0.05521472392638037,0.9447852760736196,5.099866427824199,0,1.0,0.4426229508196721,0.32786885245901637,1.0,0,34,41,0.37423312883435583,0.2147239263803681,0.049079754601226995,0.3961038961038961,0.22727272727272727,0.05194805194805195,0.5573770491803278,0.0,0.25925925925925924,0.6721311475409836,0.012620508326029798,0.21595092024539878,0.22857142857142856
b_222,48,48,34,24,1.0,0.7083333333333334,0.7058823529411765,0.7083333333333334,0.5,10,0.29411764705882354,24,24,24,11,10,4,6,3866,1.0,0.4583333333333333,0.4583333333333333,0.4166666666666667,0,0.4,0.6,0.0,161.08333333333334,351.45454545454544,0,13,13,0,2,84,76,8,1,1,1,0.09523809523809523,0.9047619047619048,4.442651256490317,0,1.0,0.5,0.22916666666666666,1.0,0,24,37,0.5714285714285714,0.40476190476190477,0.11904761904761904,0.631578947368421,0.4473684210526316,0.13157894736842105,0.5,0.0,0.5416666666666666,0.7708333333333334,0.028011204481792718,0.2661064425770308,0.29411764705882354
b_223,39,39,19,10,1.0,0.48717948717948717,0.5263157894736842,0.48717948717948717,0.2564102564102564,9,0.47368421052631576,29,9,9,5,3,1,2,1640,1.0,0.5555555555555556,0.5555555555555556,0.3333333333333333,0,0.3333333333333333,0.6666666666666666,0.0,182.22222222222223,328.0,0,4,4,0,2,80,74,6,1,1,1,0.075,0.925,4.394449154672439,0,1.0,0.23076923076923078,0.1282051282051282,0.9,1,30,34,0.4875,0.2375,0.1125,0.527027027027027,0.25675675675675674,0.12162162162162163,0.7435897435897436,0.1,0.4444444444444444,0.8717948717948718,0.035526315789473684,0.4381578947368421,0.47368421052631576
b_224,29,29,12,8,1.0,0.41379310344827586,0.6666666666666666,0.41379310344827586,0.27586206896551724,4,0.3333333333333333,21,8,8,4,1,0,1,968,1.0,0.5,0.5,0.125,0,0.0,1.0,0.0,121.0,242.0,0,4,4,0,2,136,122,14,1,1,1,0.10294117647058823,0.8970588235294118,4.919980925828125,0,1.0,0.27586206896551724,0.13793103448275862,1.0,0,21,25,0.21323529411764705,0.08823529411764706,0.029411764705882353,0.23770491803278687,0.09836065573770492,0.03278688524590164,0.7241379310344828,0.0,0.5,0.8620689655172413,0.034313725490196074,0.29901960784313725,0.3333333333333333
b_225,28,28,18,15,1.0,0.6428571428571429,0.8333333333333334,0.6428571428571429,0.5357142857142857,3,0.16666666666666666,13,15,15,8,6,0,6,2470,1.0,0.5333333333333333,0.5333333333333333,0.4,0,0.0,1.0,0.0,164.66666666666666,308.75,0,7,7,0,2,109,95,14,1,1,1,0.12844036697247707,0.8715596330275229,4.700480365792417,0,1.0,0.5357142857142857,0.2857142857142857,1.0,0,13,20,0.25688073394495414,0.1651376146788991,0.027522935779816515,0.29473684210526313,0.18947368421052632,0.031578947368421054,0.4642857142857143,0.0,0.4666666666666667,0.7142857142857143,0.021406727828746176,0.1452599388379205,0.16666666666666666
b_226,92,90,62,29,0.9782608695652174,0.6888888888888889,0.46774193548387094,0.6739130434782609,0.31521739130434784,33,0.532258064516129,63,28,28,9,16,4,12,2684,1.0,0.32142857142857145,0.32142857142857145,0.5714285714285714,0,0.25,0.75,0.0,95.85714285714286,298.22222222222223,0,19,19,0,2,176,161,15,1,1,1,0.08522727272727272,0.9147727272727273,5.176149732573829,0,1.0,0.30434782608695654,0.09782608695652174,0.9655172413793104,1,64,83,0.5227272727272727,0.3522727272727273,0.1875,0.5714285714285714,0.38509316770186336,0.20496894409937888,0.6847826086956522,0.034482758620689655,0.6785714285714286,0.9021739130434783,0.045362903225806446,0.48689516129032256,0.532258064516129
b_227,47,47,26,16,1.0,0.5531914893617021,0.6153846153846154,0.5531914893617021,0.3404255319148936,10,0.38461538461538464,31,16,16,10,5,2,3,3218,1.0,0.625,0.625,0.3125,0,0.4,0.6,0.0,201.125,321.8,0,6,6,0,2,82,69,13,1,1,1,0.15853658536585366,0.8414634146341463,4.418840607796598,0,1.0,0.3404255319148936,0.2127659574468085,1.0,0,31,37,0.573170731707317,0.3170731707317073,0.12195121951219512,0.6811594202898551,0.37681159420289856,0.14492753623188406,0.6595744680851063,0.0,0.375,0.7872340425531915,0.06097560975609757,0.3236397748592871,0.38461538461538464
b_228,22,22,13,10,1.0,0.5909090909090909,0.7692307692307693,0.5909090909090909,0.45454545454545453,3,0.23076923076923078,12,10,10,6,3,0,3,2172,1.0,0.6,0.6,0.3,0,0.0,1.0,0.0,217.2,362.0,0,4,4,0,2,98,93,5,1,1,1,0.05102040816326531,0.9489795918367347,4.59511985013459,0,1.0,0.45454545454545453,0.2727272727272727,1.0,0,12,16,0.22448979591836735,0.1326530612244898,0.030612244897959183,0.23655913978494625,0.13978494623655913,0.03225806451612903,0.5454545454545454,0.0,0.4,0.7272727272727273,0.011773940345368918,0.21899529042386187,0.23076923076923078
b_229,93,93,57,37,1.0,0.6129032258064516,0.6491228070175439,0.6129032258064516,0.3978494623655914,20,0.3508771929824561,56,37,37,23,13,9,4,4850,1.0,0.6216216216216216,0.6216216216216216,0.35135135135135137,0,0.6923076923076923,0.3076923076923077,0.0,131.0810810810811,210.8695652173913,0,14,14,0,2,231,219,12,1,1,1,0.05194805194805195,0.948051948051948,5.44673737166631,0,1.0,0.3978494623655914,0.24731182795698925,1.0,0,56,70,0.4025974025974026,0.24675324675324675,0.08658008658008658,0.4246575342465753,0.2602739726027397,0.091324200913242,0.6021505376344086,0.0,0.3783783783783784,0.7526881720430108,0.01822738664843928,0.33264980633401686,0.3508771929824561
b_23,9,9,2,1,1.0,0.2222222222222222,0.5,0.2222222222222222,0.1111111111111111,1,0.5,8,1,1,1,0,0,0,142,1.0,1.0,1.0,0.0,0,,,,142.0,142.0,0,0,0,0,2,100,96,4,1,1,1,0.04,0.96,4.61512051684126,0,1.0,0.1111111111111111,0.1111111111111111,1.0,0,8,8,0.09,0.02,0.01,0.09375,0.020833333333333332,0.010416666666666666,0.8888888888888888,0.0,0.0,0.8888888888888888,0.02,0.48,0.5
b_230,214,214,139,103,1.0,0.6495327102803738,0.7410071942446043,0.6495327102803738,0.48130841121495327,36,0.2589928057553957,111,98,98,58,39,16,23,10122,1.0,0.5918367346938775,0.5918367346938775,0.3979591836734694,0,0.41025641025641024,0.5897435897435898,0.0,103.28571428571429,174.51724137931035,0,40,40,0,2,545,504,41,1,1,1,0.07522935779816514,0.9247706422018349,6.302618975744905,0,1.0,0.45794392523364486,0.27102803738317754,0.9514563106796117,5,116,156,0.3926605504587156,0.25504587155963304,0.06605504587155964,0.4246031746031746,0.2757936507936508,0.07142857142857142,0.5186915887850467,0.04854368932038835,0.40816326530612246,0.7289719626168224,0.019483862451323344,0.23950894330407235,0.2589928057553957
b_231,35,35,16,8,1.0,0.45714285714285713,0.5,0.45714285714285713,0.22857142857142856,8,0.5,27,8,8,8,0,0,0,1802,1.0,1.0,1.0,0.0,0,,,,225.25,225.25,0,0,0,0,2,56,56,0,1,1,1,0.0,1.0,4.04305126783455,0,1.0,0.22857142857142856,0.22857142857142856,1.0,0,27,27,0.625,0.2857142857142857,0.14285714285714285,0.625,0.2857142857142857,0.14285714285714285,0.7714285714285715,0.0,0.0,0.7714285714285715,0.0,0.5,0.5
b_232,223,223,148,73,1.0,0.6636771300448431,0.49324324324324326,0.6636771300448431,0.3273542600896861,75,0.5067567567567568,150,71,71,35,30,12,18,7727,1.0,0.49295774647887325,0.49295774647887325,0.4225352112676056,0,0.4,0.6,0.0,108.83098591549296,220.77142857142857,0,36,36,0,2,256,217,39,1,1,1,0.15234375,0.84765625,5.54907608489522,0,1.0,0.3183856502242152,0.15695067264573992,0.9726027397260274,2,152,188,0.87109375,0.578125,0.29296875,1.0276497695852536,0.6820276497695853,0.3456221198156682,0.672645739910314,0.0273972602739726,0.5070422535211268,0.8430493273542601,0.07720122466216217,0.4295555320945946,0.5067567567567568
b_233,396,396,324,104,1.0,0.8181818181818182,0.32098765432098764,0.8181818181818182,0.26262626262626265,220,0.6790123456790124,292,102,102,49,48,25,23,15107,1.0,0.4803921568627451,0.4803921568627451,0.47058823529411764,0,0.5208333333333334,0.4791666666666667,0.0,148.1078431372549,308.3061224489796,0,53,53,0,2,201,176,25,1,1,1,0.12437810945273632,0.8756218905472637,5.308267697401205,0,1.0,0.25757575757575757,0.12373737373737374,0.9807692307692307,2,294,347,1.9701492537313432,1.6119402985074627,1.0945273631840795,2.25,1.8409090909090908,1.25,0.7373737373737373,0.019230769230769232,0.5196078431372549,0.8762626262626263,0.08445427185062343,0.594558073828389,0.6790123456790125
b_234,12,12,7,7,1.0,0.5833333333333334,1.0,0.5833333333333334,0.5833333333333334,0,0.0,5,7,7,3,4,0,4,266,1.0,0.42857142857142855,0.42857142857142855,0.5714285714285714,0,0.0,1.0,0.0,38.0,88.66666666666667,0,4,4,0,2,8,8,0,1,1,1,0.0,1.0,2.1972245773362196,0,1.0,0.5833333333333334,0.25,1.0,0,5,9,1.5,0.875,0.0,1.5,0.875,0.0,0.4166666666666667,0.0,0.5714285714285714,0.75,0.0,0.0,0.0
b_235,41,41,26,7,1.0,0.6341463414634146,0.2692307692307692,0.6341463414634146,0.17073170731707318,19,0.7307692307692307,34,7,7,3,3,2,1,732,1.0,0.42857142857142855,0.42857142857142855,0.42857142857142855,0,0.6666666666666666,0.3333333333333333,0.0,104.57142857142857,244.0,0,4,4,0,2,52,42,10,1,1,1,0.19230769230769232,0.8076923076923077,3.970291913552122,0,1.0,0.17073170731707318,0.07317073170731707,1.0,0,34,38,0.7884615384615384,0.5,0.36538461538461536,0.9761904761904762,0.6190476190476191,0.4523809523809524,0.8292682926829268,0.0,0.5714285714285714,0.926829268292683,0.14053254437869822,0.5902366863905325,0.7307692307692307
b_236,38,38,17,12,1.0,0.4473684210526316,0.7058823529411765,0.4473684210526316,0.3157894736842105,5,0.29411764705882354,26,12,12,6,4,0,4,589,1.0,0.5,0.5,0.3333333333333333,0,0.0,1.0,0.0,49.083333333333336,98.16666666666667,0,6,6,0,2,70,51,19,1,1,1,0.2714285714285714,0.7285714285714285,4.2626798770413155,0,1.0,0.3157894736842105,0.15789473684210525,1.0,0,26,32,0.5428571428571428,0.24285714285714285,0.07142857142857142,0.7450980392156863,0.3333333333333333,0.09803921568627451,0.6842105263157895,0.0,0.5,0.8421052631578947,0.07983193277310924,0.21428571428571427,0.2941176470588235
b_237,57,57,36,26,1.0,0.631578947368421,0.7222222222222222,0.631578947368421,0.45614035087719296,10,0.2777777777777778,31,24,24,12,11,4,7,3014,1.0,0.5,0.5,0.4583333333333333,0,0.36363636363636365,0.6363636363636364,0.0,125.58333333333333,251.16666666666666,0,12,12,0,2,103,79,24,1,1,1,0.23300970873786409,0.7669902912621359,4.6443908991413725,0,1.0,0.42105263157894735,0.21052631578947367,0.9230769230769231,2,33,45,0.5533980582524272,0.34951456310679613,0.0970873786407767,0.7215189873417721,0.45569620253164556,0.12658227848101267,0.543859649122807,0.07692307692307693,0.5,0.7894736842105263,0.06472491909385114,0.21305285868392665,0.2777777777777778
b_238,45,45,29,16,1.0,0.6444444444444445,0.5517241379310345,0.6444444444444445,0.35555555555555557,13,0.4482758620689655,29,16,16,9,3,2,1,1203,1.0,0.5625,0.5625,0.1875,0,0.6666666666666666,0.3333333333333333,0.0,75.1875,133.66666666666666,0,7,7,0,2,112,91,21,1,1,1,0.1875,0.8125,4.727387818712341,0,1.0,0.35555555555555557,0.2,1.0,0,29,36,0.4017857142857143,0.25892857142857145,0.11607142857142858,0.4945054945054945,0.31868131868131866,0.14285714285714285,0.6444444444444445,0.0,0.4375,0.8,0.08405172413793104,0.3642241379310345,0.4482758620689655
b_239,66,66,44,25,1.0,0.6666666666666666,0.5681818181818182,0.6666666666666666,0.3787878787878788,19,0.4318181818181818,41,25,25,18,7,4,3,4129,1.0,0.72,0.72,0.28,0,0.5714285714285714,0.42857142857142855,0.0,165.16,229.38888888888889,0,7,7,0,2,107,94,13,1,1,1,0.12149532710280374,0.8785046728971962,4.68213122712422,0,1.0,0.3787878787878788,0.2727272727272727,1.0,0,41,48,0.616822429906542,0.411214953271028,0.17757009345794392,0.7021276595744681,0.46808510638297873,0.20212765957446807,0.6212121212121212,0.0,0.28,0.7272727272727273,0.05246389124893798,0.37935429056924386,0.4318181818181818
b_24,8,8,6,2,1.0,0.75,0.3333333333333333,0.75,0.25,4,0.6666666666666666,6,2,2,1,1,0,1,88,1.0,0.5,0.5,0.5,0,0.0,1.0,0.0,44.0,88.0,0,1,1,0,2,69,60,9,1,1,1,0.13043478260869565,0.8695652173913043,4.248495242049359,0,1.0,0.25,0.125,1.0,0,6,7,0.11594202898550725,0.08695652173913043,0.057971014492753624,0.13333333333333333,0.1,0.06666666666666667,0.75,0.0,0.5,0.875,0.08695652173913043,0.5797101449275361,0.6666666666666665
b_240,99,99,77,48,1.0,0.7777777777777778,0.6233766233766234,0.7777777777777778,0.48484848484848486,29,0.37662337662337664,51,47,47,20,26,10,16,4861,1.0,0.425531914893617,0.425531914893617,0.5531914893617021,0,0.38461538461538464,0.6153846153846154,0.0,103.42553191489361,243.05,0,27,27,0,2,172,151,21,1,1,1,0.12209302325581395,0.877906976744186,5.153291594497779,0,1.0,0.47474747474747475,0.20202020202020202,0.9791666666666666,1,52,79,0.5755813953488372,0.4476744186046512,0.1686046511627907,0.6556291390728477,0.5099337748344371,0.19205298013245034,0.5151515151515151,0.020833333333333332,0.574468085106383,0.797979797979798,0.0459830866807611,0.3306402899426155,0.37662337662337664
b_241,24,24,11,10,1.0,0.4583333333333333,0.9090909090909091,0.4583333333333333,0.4166666666666667,1,0.09090909090909091,14,10,10,5,4,1,3,1289,1.0,0.5,0.5,0.4,0,0.25,0.75,0.0,128.9,257.8,0,5,5,0,2,65,52,13,1,1,1,0.2,0.8,4.189654742026425,0,1.0,0.4166666666666667,0.20833333333333334,1.0,0,14,19,0.36923076923076925,0.16923076923076924,0.015384615384615385,0.46153846153846156,0.21153846153846154,0.019230769230769232,0.5833333333333334,0.0,0.5,0.7916666666666666,0.018181818181818184,0.07272727272727274,0.09090909090909093
b_242,26,26,9,4,1.0,0.34615384615384615,0.4444444444444444,0.34615384615384615,0.15384615384615385,5,0.5555555555555556,22,4,4,4,0,0,0,706,1.0,1.0,1.0,0.0,0,,,,176.5,176.5,0,0,0,0,2,54,43,11,1,1,1,0.2037037037037037,0.7962962962962963,4.007333185232471,0,1.0,0.15384615384615385,0.15384615384615385,1.0,0,22,22,0.48148148148148145,0.16666666666666666,0.09259259259259259,0.6046511627906976,0.20930232558139536,0.11627906976744186,0.8461538461538461,0.0,0.0,0.8461538461538461,0.11316872427983539,0.44238683127572015,0.5555555555555556
b_243,36,36,23,13,1.0,0.6388888888888888,0.5652173913043478,0.6388888888888888,0.3611111111111111,10,0.43478260869565216,23,13,13,9,4,0,4,2288,1.0,0.6923076923076923,0.6923076923076923,0.3076923076923077,0,0.0,1.0,0.0,176.0,254.22222222222223,0,4,4,0,2,82,75,7,1,1,1,0.08536585365853659,0.9146341463414634,4.418840607796598,0,1.0,0.3611111111111111,0.25,1.0,0,23,27,0.43902439024390244,0.2804878048780488,0.12195121951219512,0.48,0.30666666666666664,0.13333333333333333,0.6388888888888888,0.0,0.3076923076923077,0.75,0.03711558854718982,0.39766702014846234,0.43478260869565216
b_25,10,10,4,4,1.0,0.4,1.0,0.4,0.4,0,0.0,6,3,3,3,0,0,0,202,1.0,1.0,1.0,0.0,0,,,,67.33333333333333,67.33333333333333,0,0,0,0,2,49,47,2,1,1,1,0.04081632653061224,0.9591836734693877,3.912023005428146,0,1.0,0.3,0.3,0.75,1,7,7,0.20408163265306123,0.08163265306122448,0.0,0.2127659574468085,0.0851063829787234,0.0,0.6,0.25,0.0,0.7,0.0,0.0,0.0
b_26,8,8,1,0,1.0,0.125,0.0,0.125,0.0,1,1.0,8,0,0,0,0,0,0,0,,,,,0,,,,,,0,0,0,0,2,39,38,1,1,1,1,0.02564102564102564,0.9743589743589743,3.6888794541139363,0,1.0,0.0,0.0,,0,8,8,0.20512820512820512,0.02564102564102564,0.02564102564102564,0.21052631578947367,0.02631578947368421,0.02631578947368421,1.0,,,1.0,0.02564102564102564,0.9743589743589743,1.0
b_27,10,10,5,4,1.0,0.5,0.8,0.5,0.4,1,0.2,6,4,4,2,1,1,0,186,1.0,0.5,0.5,0.25,0,1.0,0.0,0.0,46.5,93.0,0,2,2,0,2,95,87,8,1,1,1,0.08421052631578947,0.9157894736842105,4.564348191467836,0,1.0,0.4,0.2,1.0,0,6,8,0.10526315789473684,0.05263157894736842,0.010526315789473684,0.11494252873563218,0.05747126436781609,0.011494252873563218,0.6,0.0,0.5,0.8,0.016842105263157894,0.1831578947368421,0.2
b_28,31,31,20,11,1.0,0.6451612903225806,0.55,0.6451612903225806,0.3548387096774194,9,0.45,20,10,10,6,3,2,1,885,1.0,0.6,0.6,0.3,0,0.6666666666666666,0.3333333333333333,0.0,88.5,147.5,0,4,4,0,2,146,143,3,1,1,1,0.02054794520547945,0.9794520547945206,4.990432586778736,0,1.0,0.3225806451612903,0.1935483870967742,0.9090909090909091,1,21,25,0.21232876712328766,0.136986301369863,0.06164383561643835,0.21678321678321677,0.13986013986013987,0.06293706293706294,0.6451612903225806,0.09090909090909091,0.4,0.8064516129032258,0.009246575342465754,0.44075342465753425,0.45
b_29,7,7,2,2,1.0,0.2857142857142857,1.0,0.2857142857142857,0.2857142857142857,0,0.0,5,2,2,2,0,0,0,377,1.0,1.0,1.0,0.0,0,,,,188.5,188.5,0,0,0,0,2,168,159,9,1,1,1,0.05357142857142857,0.9464285714285714,5.1298987149230735,0,1.0,0.2857142857142857,0.2857142857142857,1.0,0,5,5,0.041666666666666664,0.011904761904761904,0.0,0.0440251572327044,0.012578616352201259,0.0,0.7142857142857143,0.0,0.0,0.7142857142857143,0.0,0.0,0.0
b_3,27,27,11,8,1.0,0.4074074074074074,0.7272727272727273,0.4074074074074074,0.2962962962962963,3,0.2727272727272727,19,8,8,3,4,1,3,912,1.0,0.375,0.375,0.5,0,0.25,0.75,0.0,114.0,304.0,0,5,5,0,2,138,129,9,1,1,1,0.06521739130434782,0.9347826086956522,4.9344739331306915,0,1.0,0.2962962962962963,0.1111111111111111,1.0,0,19,24,0.1956521739130435,0.07971014492753623,0.021739130434782608,0.20930232558139536,0.08527131782945736,0.023255813953488372,0.7037037037037037,0.0,0.625,0.8888888888888888,0.017786561264822132,0.25494071146245056,0.2727272727272727
b_30,12,12,7,4,1.0,0.5833333333333334,0.5714285714285714,0.5833333333333334,0.3333333333333333,3,0.42857142857142855,8,4,4,4,0,0,0,1115,1.0,1.0,1.0,0.0,0,,,,278.75,278.75,0,0,0,0,2,129,126,3,1,1,1,0.023255813953488372,0.9767441860465116,4.867534450455582,0,1.0,0.3333333333333333,0.3333333333333333,1.0,0,8,8,0.09302325581395349,0.05426356589147287,0.023255813953488372,0.09523809523809523,0.05555555555555555,0.023809523809523808,0.6666666666666666,0.0,0.0,0.6666666666666666,0.009966777408637873,0.41860465116279066,0.42857142857142855
b_31,22,22,17,9,1.0,0.7727272727272727,0.5294117647058824,0.7727272727272727,0.4090909090909091,8,0.47058823529411764,13,9,9,3,2,0,2,826,1.0,0.3333333333333333,0.3333333333333333,0.2222222222222222,0,0.0,1.0,0.0,91.77777777777777,275.3333333333333,0,6,6,0,2,221,214,7,1,1,1,0.03167420814479638,0.9683257918552036,5.402677381872279,0,1.0,0.4090909090909091,0.13636363636363635,1.0,0,13,19,0.09954751131221719,0.07692307692307693,0.03619909502262444,0.102803738317757,0.0794392523364486,0.037383177570093455,0.5909090909090909,0.0,0.6666666666666666,0.8636363636363636,0.014905509715198295,0.45568272557891937,0.47058823529411764
b_32,35,35,14,8,1.0,0.4,0.5714285714285714,0.4,0.22857142857142856,6,0.42857142857142855,27,8,8,2,2,0,2,537,1.0,0.25,0.25,0.25,0,0.0,1.0,0.0,67.125,268.5,0,6,6,0,2,133,126,7,1,1,1,0.05263157894736842,0.9473684210526315,4.897839799950911,0,1.0,0.22857142857142856,0.05714285714285714,1.0,0,27,33,0.2631578947368421,0.10526315789473684,0.045112781954887216,0.2777777777777778,0.1111111111111111,0.047619047619047616,0.7714285714285715,0.0,0.75,0.9428571428571428,0.022556390977443608,0.40601503759398494,0.42857142857142855
b_33,44,44,33,21,1.0,0.75,0.6363636363636364,0.75,0.4772727272727273,12,0.36363636363636365,23,21,21,13,5,5,0,1998,1.0,0.6190476190476191,0.6190476190476191,0.23809523809523808,0,1.0,0.0,0.0,95.14285714285714,153.69230769230768,0,8,8,0,2,143,137,6,1,1,1,0.04195804195804196,0.958041958041958,4.969813299576001,0,1.0,0.4772727272727273,0.29545454545454547,1.0,0,23,31,0.3076923076923077,0.23076923076923078,0.08391608391608392,0.32116788321167883,0.24087591240875914,0.08759124087591241,0.5227272727272727,0.0,0.38095238095238093,0.7045454545454546,0.01525746980292435,0.3483788938334393,0.36363636363636365
b_34,96,96,46,18,1.0,0.4791666666666667,0.391304347826087,0.4791666666666667,0.1875,28,0.6086956521739131,78,18,18,9,7,3,4,3646,1.0,0.5,0.5,0.3888888888888889,0,0.42857142857142855,0.5714285714285714,0.0,202.55555555555554,405.1111111111111,0,9,9,0,2,172,168,4,1,1,1,0.023255813953488372,0.9767441860465116,5.153291594497779,0,1.0,0.1875,0.09375,1.0,0,78,87,0.5581395348837209,0.26744186046511625,0.16279069767441862,0.5714285714285714,0.27380952380952384,0.16666666666666666,0.8125,0.0,0.5,0.90625,0.014155712841253793,0.5945399393326593,0.6086956521739131
b_35,110,110,66,32,1.0,0.6,0.48484848484848486,0.6,0.2909090909090909,34,0.5151515151515151,78,28,28,10,12,6,6,3741,1.0,0.35714285714285715,0.35714285714285715,0.42857142857142855,0,0.5,0.5,0.0,133.60714285714286,374.1,0,18,18,0,2,391,363,28,1,1,1,0.07161125319693094,0.928388746803069,5.971261839790462,0,1.0,0.2545454545454545,0.09090909090909091,0.875,4,82,100,0.2813299232736573,0.16879795396419436,0.08695652173913043,0.30303030303030304,0.18181818181818182,0.09366391184573003,0.7090909090909091,0.125,0.6428571428571429,0.9090909090909091,0.03689064558629776,0.47826086956521735,0.5151515151515151
b_36,447,447,286,147,1.0,0.639821029082774,0.513986013986014,0.639821029082774,0.3288590604026846,139,0.486013986013986,300,147,147,66,63,37,26,18307,1.0,0.4489795918367347,0.4489795918367347,0.42857142857142855,0,0.5873015873015873,0.4126984126984127,0.0,124.5374149659864,277.3787878787879,0,81,81,0,2,196,177,19,1,1,1,0.09693877551020408,0.9030612244897959,5.2832037287379885,0,1.0,0.3288590604026846,0.1476510067114094,1.0,0,300,381,2.2806122448979593,1.4591836734693877,0.7091836734693877,2.5254237288135593,1.615819209039548,0.7853107344632768,0.6711409395973155,0.0,0.5510204081632653,0.8523489932885906,0.047113600685029254,0.4389003853289567,0.48601398601398593
b_37,173,173,104,62,1.0,0.6011560693641619,0.5961538461538461,0.6011560693641619,0.3583815028901734,42,0.40384615384615385,111,62,62,27,27,16,11,5965,1.0,0.43548387096774194,0.43548387096774194,0.43548387096774194,0,0.5925925925925926,0.4074074074074074,0.0,96.20967741935483,220.92592592592592,0,35,35,0,2,124,106,18,1,1,1,0.14516129032258066,0.8548387096774194,4.8283137373023015,0,1.0,0.3583815028901734,0.15606936416184972,1.0,0,111,146,1.3951612903225807,0.8387096774193549,0.3387096774193548,1.6320754716981132,0.9811320754716981,0.39622641509433965,0.6416184971098265,0.0,0.5645161290322581,0.8439306358381503,0.05862282878411911,0.34522332506203474,0.40384615384615385
b_38,28,28,16,13,1.0,0.5714285714285714,0.8125,0.5714285714285714,0.4642857142857143,3,0.1875,15,13,13,8,4,2,2,2080,1.0,0.6153846153846154,0.6153846153846154,0.3076923076923077,0,0.5,0.5,0.0,160.0,260.0,0,5,5,0,2,69,64,5,1,1,1,0.07246376811594203,0.927536231884058,4.248495242049359,0,1.0,0.4642857142857143,0.2857142857142857,1.0,0,15,20,0.4057971014492754,0.2318840579710145,0.043478260869565216,0.4375,0.25,0.046875,0.5357142857142857,0.0,0.38461538461538464,0.7142857142857143,0.013586956521739132,0.17391304347826086,0.1875
b_39,46,46,29,16,1.0,0.6304347826086957,0.5517241379310345,0.6304347826086957,0.34782608695652173,13,0.4482758620689655,30,16,16,9,6,1,4,2041,1.0,0.5625,0.5625,0.375,1,0.16666666666666666,0.6666666666666666,0.16666666666666666,127.5625,226.77777777777777,0,7,7,0,2,134,116,18,1,1,1,0.13432835820895522,0.8656716417910447,4.90527477843843,0,1.0,0.34782608695652173,0.1956521739130435,1.0,0,30,37,0.34328358208955223,0.21641791044776118,0.09701492537313433,0.39655172413793105,0.25,0.11206896551724138,0.6521739130434783,0.0,0.4375,0.8043478260869565,0.0602161605764282,0.38805970149253727,0.44827586206896547
b_4,18,18,8,6,1.0,0.4444444444444444,0.75,0.4444444444444444,0.3333333333333333,2,0.25,12,6,6,1,3,1,2,646,1.0,0.16666666666666666,0.16666666666666666,0.5,0,0.3333333333333333,0.6666666666666666,0.0,107.66666666666667,646.0,0,5,5,0,2,175,164,11,1,1,1,0.06285714285714286,0.9371428571428572,5.170483995038151,0,1.0,0.3333333333333333,0.05555555555555555,1.0,0,12,17,0.10285714285714286,0.045714285714285714,0.011428571428571429,0.10975609756097561,0.04878048780487805,0.012195121951219513,0.6666666666666666,0.0,0.8333333333333334,0.9444444444444444,0.015714285714285715,0.2342857142857143,0.25
b_40,147,147,96,65,1.0,0.6530612244897959,0.6770833333333334,0.6530612244897959,0.4421768707482993,31,0.3229166666666667,82,64,64,33,16,9,6,8259,1.0,0.515625,0.515625,0.25,1,0.5625,0.375,0.0625,129.046875,250.27272727272728,0,31,31,0,2,272,238,34,1,1,1,0.125,0.875,5.60947179518496,0,1.0,0.43537414965986393,0.22448979591836735,0.9846153846153847,1,83,114,0.5404411764705882,0.35294117647058826,0.11397058823529412,0.6176470588235294,0.40336134453781514,0.13025210084033614,0.5578231292517006,0.015384615384615385,0.484375,0.7755102040816326,0.040364583333333336,0.28255208333333337,0.3229166666666667
b_41,31,31,15,10,1.0,0.4838709677419355,0.6666666666666666,0.4838709677419355,0.3225806451612903,5,0.3333333333333333,21,9,9,6,2,2,0,1088,1.0,0.6666666666666666,0.6666666666666666,0.2222222222222222,0,1.0,0.0,0.0,120.88888888888889,181.33333333333334,0,3,3,0,2,135,121,14,1,1,1,0.1037037037037037,0.8962962962962963,4.912654885736052,0,1.0,0.2903225806451613,0.1935483870967742,0.9,1,22,25,0.22962962962962963,0.1111111111111111,0.037037037037037035,0.256198347107438,0.12396694214876033,0.04132231404958678,0.6774193548387096,0.1,0.3333333333333333,0.8064516129032258,0.0345679012345679,0.2987654320987654,0.33333333333333326
b_42,5,5,1,1,1.0,0.2,1.0,0.2,0.2,0,0.0,4,1,1,0,0,0,0,0,1.0,0.0,0.0,0.0,0,,,,0.0,,0,1,1,0,2,33,33,0,1,1,1,0.0,1.0,3.5263605246161616,0,1.0,0.2,0.0,1.0,0,4,5,0.15151515151515152,0.030303030303030304,0.0,0.15151515151515152,0.030303030303030304,0.0,0.8,0.0,1.0,1.0,0.0,0.0,0.0
b_43,10,10,4,3,1.0,0.4,0.75,0.4,0.3,1,0.25,7,3,3,3,0,0,0,580,1.0,1.0,1.0,0.0,0,,,,193.33333333333334,193.33333333333334,0,0,0,0,2,73,65,8,1,1,1,0.1095890410958904,0.8904109589041096,4.304065093204169,0,1.0,0.3,0.3,1.0,0,7,7,0.136986301369863,0.0547945205479452,0.0136986301369863,0.15384615384615385,0.06153846153846154,0.015384615384615385,0.7,0.0,0.0,0.7,0.0273972602739726,0.2226027397260274,0.25
b_44,2,2,0,0,1.0,0.0,,0.0,0.0,0,,2,0,0,0,0,0,0,0,,,,,0,,,,,,0,0,0,0,2,48,46,2,1,1,1,0.041666666666666664,0.9583333333333334,3.8918202981106265,0,1.0,0.0,0.0,,0,2,2,0.041666666666666664,0.0,0.0,0.043478260869565216,0.0,0.0,1.0,,,1.0,,,
b_45,11,11,5,3,1.0,0.45454545454545453,0.6,0.45454545454545453,0.2727272727272727,2,0.4,8,3,3,0,2,1,1,0,1.0,0.0,0.0,0.6666666666666666,0,0.5,0.5,0.0,0.0,,0,3,3,0,2,189,163,26,1,1,1,0.13756613756613756,0.8624338624338624,5.247024072160486,0,1.0,0.2727272727272727,0.0,1.0,0,8,11,0.0582010582010582,0.026455026455026454,0.010582010582010581,0.06748466257668712,0.03067484662576687,0.012269938650306749,0.7272727272727273,0.0,1.0,1.0,0.05502645502645503,0.344973544973545,0.4
b_46,12,12,5,4,1.0,0.4166666666666667,0.8,0.4166666666666667,0.3333333333333333,1,0.2,8,4,4,4,0,0,0,593,1.0,1.0,1.0,0.0,0,,,,148.25,148.25,0,0,0,0,2,104,96,8,1,1,1,0.07692307692307693,0.9230769230769231,4.653960350157523,0,1.0,0.3333333333333333,0.3333333333333333,1.0,0,8,8,0.11538461538461539,0.04807692307692308,0.009615384615384616,0.125,0.052083333333333336,0.010416666666666666,0.6666666666666666,0.0,0.0,0.6666666666666666,0.015384615384615385,0.18461538461538463,0.2
b_47,39,39,19,10,1.0,0.48717948717948717,0.5263157894736842,0.48717948717948717,0.2564102564102564,9,0.47368421052631576,29,10,10,7,3,2,1,1174,1.0,0.7,0.7,0.3,0,0.6666666666666666,0.3333333333333333,0.0,117.4,167.71428571428572,0,3,3,0,2,173,166,7,1,1,1,0.04046242774566474,0.9595375722543352,5.159055299214529,0,1.0,0.2564102564102564,0.1794871794871795,1.0,0,29,32,0.2254335260115607,0.10982658959537572,0.05202312138728324,0.23493975903614459,0.1144578313253012,0.05421686746987952,0.7435897435897436,0.0,0.3,0.8205128205128205,0.019166413142683296,0.45451779738363246,0.47368421052631576
b_48,91,91,47,26,1.0,0.5164835164835165,0.5531914893617021,0.5164835164835165,0.2857142857142857,21,0.44680851063829785,65,25,25,12,9,3,6,2323,1.0,0.48,0.48,0.36,0,0.3333333333333333,0.6666666666666666,0.0,92.92,193.58333333333334,0,13,13,0,2,358,328,30,1,1,1,0.08379888268156424,0.9162011173184358,5.883322388488279,0,1.0,0.27472527472527475,0.13186813186813187,0.9615384615384616,1,66,79,0.2541899441340782,0.13128491620111732,0.05865921787709497,0.2774390243902439,0.14329268292682926,0.06402439024390244,0.7142857142857143,0.038461538461538464,0.52,0.8681318681318682,0.03744205396410317,0.4093664566741947,0.44680851063829785
b_49,66,66,36,28,1.0,0.5454545454545454,0.7777777777777778,0.5454545454545454,0.42424242424242425,8,0.2222222222222222,38,28,28,10,8,4,4,3148,1.0,0.35714285714285715,0.35714285714285715,0.2857142857142857,0,0.5,0.5,0.0,112.42857142857143,314.8,0,18,18,0,2,286,257,29,1,1,1,0.10139860139860139,0.8986013986013986,5.659482215759621,0,1.0,0.42424242424242425,0.15151515151515152,1.0,0,38,56,0.23076923076923078,0.1258741258741259,0.027972027972027972,0.25680933852140075,0.14007782101167315,0.0311284046692607,0.5757575757575758,0.0,0.6428571428571429,0.8484848484848485,0.022533022533022532,0.19968919968919968,0.2222222222222222
b_5,58,58,43,35,1.0,0.7413793103448276,0.813953488372093,0.7413793103448276,0.603448275862069,8,0.18604651162790697,23,30,29,16,13,4,8,4993,0.9666666666666667,0.5517241379310345,0.5333333333333333,0.43333333333333335,1,0.3076923076923077,0.6153846153846154,0.07692307692307693,172.17241379310346,312.0625,1,13,14,0,2,225,214,11,1,1,1,0.04888888888888889,0.9511111111111111,5.420534999272286,0,1.0,0.5172413793103449,0.27586206896551724,0.8571428571428571,5,28,42,0.2577777777777778,0.19111111111111112,0.035555555555555556,0.27102803738317754,0.20093457943925233,0.037383177570093455,0.39655172413793105,0.14285714285714285,0.4666666666666667,0.7241379310344828,0.00909560723514212,0.17695090439276487,0.18604651162790697
b_50,65,65,44,29,1.0,0.676923076923077,0.6590909090909091,0.676923076923077,0.4461538461538462,15,0.3409090909090909,36,29,29,11,14,7,7,2544,1.0,0.3793103448275862,0.3793103448275862,0.4827586206896552,0,0.5,0.5,0.0,87.72413793103448,231.27272727272728,0,18,18,0,2,191,177,14,1,1,1,0.07329842931937172,0.9267015706806283,5.2574953720277815,0,1.0,0.4461538461538462,0.16923076923076924,1.0,0,36,54,0.3403141361256545,0.23036649214659685,0.07853403141361257,0.3672316384180791,0.24858757062146894,0.0847457627118644,0.5538461538461539,0.0,0.6206896551724138,0.8307692307692308,0.024988100904331265,0.31592099000475965,0.34090909090909094
b_51,127,127,105,50,1.0,0.8267716535433071,0.47619047619047616,0.8267716535433071,0.3937007874015748,55,0.5238095238095238,77,50,50,24,21,11,10,5292,1.0,0.48,0.48,0.42,0,0.5238095238095238,0.47619047619047616,0.0,105.84,220.5,0,26,26,0,2,302,278,24,1,1,1,0.07947019867549669,0.9205298013245033,5.713732805509369,0,1.0,0.3937007874015748,0.1889763779527559,1.0,0,77,103,0.4205298013245033,0.347682119205298,0.18211920529801323,0.4568345323741007,0.3776978417266187,0.19784172661870503,0.6062992125984252,0.0,0.52,0.8110236220472441,0.041627246925260174,0.4821822768842637,0.5238095238095238
b_52,22,22,18,13,1.0,0.8181818181818182,0.7222222222222222,0.8181818181818182,0.5909090909090909,5,0.2777777777777778,9,13,13,6,7,1,6,1679,1.0,0.46153846153846156,0.46153846153846156,0.5384615384615384,0,0.14285714285714285,0.8571428571428571,0.0,129.15384615384616,279.8333333333333,0,7,7,0,2,101,99,2,1,1,1,0.019801980198019802,0.9801980198019802,4.624972813284271,0,1.0,0.5909090909090909,0.2727272727272727,1.0,0,9,16,0.21782178217821782,0.1782178217821782,0.04950495049504951,0.2222222222222222,0.18181818181818182,0.050505050505050504,0.4090909090909091,0.0,0.5384615384615384,0.7272727272727273,0.005500550055005501,0.2722772277227723,0.2777777777777778
b_53,19,19,6,3,1.0,0.3157894736842105,0.5,0.3157894736842105,0.15789473684210525,3,0.5,16,2,2,1,1,0,1,155,1.0,0.5,0.5,0.5,0,0.0,1.0,0.0,77.5,155.0,0,1,1,0,2,86,84,2,1,1,1,0.023255813953488372,0.9767441860465116,4.465908118654584,0,1.0,0.10526315789473684,0.05263157894736842,0.6666666666666666,1,17,18,0.22093023255813954,0.06976744186046512,0.03488372093023256,0.2261904761904762,0.07142857142857142,0.03571428571428571,0.8421052631578947,0.3333333333333333,0.5,0.9473684210526315,0.011627906976744186,0.4883720930232558,0.5
b_54,3,3,1,1,1.0,0.3333333333333333,1.0,0.3333333333333333,0.3333333333333333,0,0.0,2,1,1,1,0,0,0,320,1.0,1.0,1.0,0.0,0,,,,320.0,320.0,0,0,0,0,2,26,26,0,1,1,1,0.0,1.0,3.295836866004329,0,1.0,0.3333333333333333,0.3333333333333333,1.0,0,2,2,0.11538461538461539,0.038461538461538464,0.0,0.11538461538461539,0.038461538461538464,0.0,0.6666666666666666,0.0,0.0,0.6666666666666666,0.0,0.0,0.0
b_55,10,10,7,6,1.0,0.7,0.8571428571428571,0.7,0.6,1,0.14285714285714285,4,6,6,3,3,0,3,488,1.0,0.5,0.5,0.5,0,0.0,1.0,0.0,81.33333333333333,162.66666666666666,0,3,3,0,2,54,52,2,1,1,1,0.037037037037037035,0.9629629629629629,4.007333185232471,0,1.0,0.6,0.3,1.0,0,4,7,0.18518518518518517,0.12962962962962962,0.018518518518518517,0.19230769230769232,0.1346153846153846,0.019230769230769232,0.4,0.0,0.5,0.7,0.005291005291005291,0.13756613756613756,0.14285714285714285
b_56,4,4,3,3,1.0,0.75,1.0,0.75,0.75,0,0.0,1,2,2,1,1,0,1,73,1.0,0.5,0.5,0.5,0,0.0,1.0,0.0,36.5,73.0,0,1,1,0,2,41,38,3,1,1,1,0.07317073170731707,0.926829268292683,3.7376696182833684,0,1.0,0.5,0.25,0.6666666666666666,1,2,3,0.0975609756097561,0.07317073170731707,0.0,0.10526315789473684,0.07894736842105263,0.0,0.25,0.3333333333333333,0.5,0.75,0.0,0.0,0.0
b_57,16,16,14,11,1.0,0.875,0.7857142857142857,0.875,0.6875,3,0.21428571428571427,5,10,10,4,4,3,1,982,1.0,0.4,0.4,0.4,0,0.75,0.25,0.0,98.2,245.5,0,6,6,0,2,31,27,4,1,1,1,0.12903225806451613,0.8709677419354839,3.4657359027997265,0,1.0,0.625,0.25,0.9090909090909091,1,6,12,0.5161290322580645,0.45161290322580644,0.0967741935483871,0.5925925925925926,0.5185185185185185,0.1111111111111111,0.3125,0.09090909090909091,0.6,0.75,0.027649769585253454,0.18663594470046083,0.21428571428571427
b_58,23,23,8,5,1.0,0.34782608695652173,0.625,0.34782608695652173,0.21739130434782608,3,0.375,18,5,5,1,4,3,1,199,1.0,0.2,0.2,0.8,0,0.75,0.25,0.0,39.8,199.0,0,4,4,0,2,41,38,3,1,1,1,0.07317073170731707,0.926829268292683,3.7376696182833684,0,1.0,0.21739130434782608,0.043478260869565216,1.0,0,18,22,0.5609756097560976,0.1951219512195122,0.07317073170731707,0.6052631578947368,0.21052631578947367,0.07894736842105263,0.782608695652174,0.0,0.8,0.9565217391304348,0.0274390243902439,0.34756097560975613,0.375
b_59,39,39,18,12,1.0,0.46153846153846156,0.6666666666666666,0.46153846153846156,0.3076923076923077,6,0.3333333333333333,27,12,12,9,2,1,1,1448,1.0,0.75,0.75,0.16666666666666666,0,0.5,0.5,0.0,120.66666666666667,160.88888888888889,0,3,3,0,2,108,92,16,1,1,1,0.14814814814814814,0.8518518518518519,4.6913478822291435,0,1.0,0.3076923076923077,0.23076923076923078,1.0,0,27,30,0.3611111111111111,0.16666666666666666,0.05555555555555555,0.42391304347826086,0.1956521739130435,0.06521739130434782,0.6923076923076923,0.0,0.25,0.7692307692307693,0.04938271604938271,0.2839506172839506,0.3333333333333333
b_6,86,86,39,31,1.0,0.45348837209302323,0.7948717948717948,0.45348837209302323,0.36046511627906974,8,0.20512820512820512,55,30,30,15,9,3,6,4919,1.0,0.5,0.5,0.3,0,0.3333333333333333,0.6666666666666666,0.0,163.96666666666667,327.93333333333334,0,15,15,0,2,472,431,41,1,1,1,0.08686440677966102,0.913135593220339,6.159095388491933,0,1.0,0.3488372093023256,0.1744186046511628,0.967741935483871,1,56,71,0.18220338983050846,0.0826271186440678,0.01694915254237288,0.19953596287703015,0.09048723897911833,0.018561484918793503,0.6395348837209303,0.03225806451612903,0.5,0.8255813953488372,0.017818339852238158,0.18730986527596696,0.20512820512820512
b_60,230,230,179,74,1.0,0.7782608695652173,0.4134078212290503,0.7782608695652173,0.3217391304347826,105,0.5865921787709497,156,74,74,48,26,12,14,11117,1.0,0.6486486486486487,0.6486486486486487,0.35135135135135137,0,0.46153846153846156,0.5384615384615384,0.0,150.22972972972974,231.60416666666666,0,26,26,0,2,414,311,103,1,1,1,0.24879227053140096,0.751207729468599,6.028278520230698,0,1.0,0.3217391304347826,0.20869565217391303,1.0,0,156,182,0.5555555555555556,0.4323671497584541,0.2536231884057971,0.7395498392282959,0.5755627009646302,0.33762057877813506,0.6782608695652174,0.0,0.35135135135135137,0.7913043478260869,0.14593960003238604,0.44065257873856367,0.5865921787709497
b_61,57,57,39,22,1.0,0.6842105263157895,0.5641025641025641,0.6842105263157895,0.38596491228070173,17,0.4358974358974359,35,21,21,11,8,4,4,2922,1.0,0.5238095238095238,0.5238095238095238,0.38095238095238093,0,0.5,0.5,0.0,139.14285714285714,265.6363636363636,0,10,10,0,2,187,162,25,1,1,1,0.13368983957219252,0.8663101604278075,5.236441962829949,0,1.0,0.3684210526315789,0.19298245614035087,0.9545454545454546,1,36,46,0.3048128342245989,0.20855614973262032,0.09090909090909091,0.35185185185185186,0.24074074074074073,0.10493827160493827,0.6140350877192983,0.045454545454545456,0.47619047619047616,0.8070175438596491,0.05827505827505828,0.37762237762237766,0.43589743589743596
b_62,93,93,73,47,1.0,0.7849462365591398,0.6438356164383562,0.7849462365591398,0.5053763440860215,26,0.3561643835616438,46,41,41,26,13,4,9,6568,1.0,0.6341463414634146,0.6341463414634146,0.3170731707317073,0,0.3076923076923077,0.6923076923076923,0.0,160.1951219512195,252.6153846153846,0,15,15,0,2,118,108,10,1,1,1,0.0847457627118644,0.9152542372881356,4.77912349311153,0,1.0,0.44086021505376344,0.27956989247311825,0.8723404255319149,6,52,67,0.788135593220339,0.6186440677966102,0.22033898305084745,0.8611111111111112,0.6759259259259259,0.24074074074074073,0.4946236559139785,0.1276595744680851,0.36585365853658536,0.7204301075268817,0.030183422335732527,0.3259809612259113,0.3561643835616438
b_63,36,36,26,10,1.0,0.7222222222222222,0.38461538461538464,0.7222222222222222,0.2777777777777778,16,0.6153846153846154,26,10,10,3,5,3,2,545,1.0,0.3,0.3,0.5,0,0.6,0.4,0.0,54.5,181.66666666666666,0,7,7,0,2,50,37,13,1,1,1,0.26,0.74,3.9318256327243257,0,1.0,0.2777777777777778,0.08333333333333333,1.0,0,26,33,0.72,0.52,0.32,0.972972972972973,0.7027027027027027,0.43243243243243246,0.7222222222222222,0.0,0.7,0.9166666666666666,0.16,0.4553846153846154,0.6153846153846154
b_64,62,62,37,12,1.0,0.5967741935483871,0.32432432432432434,0.5967741935483871,0.1935483870967742,25,0.6756756756756757,50,11,11,8,1,0,1,1658,1.0,0.7272727272727273,0.7272727272727273,0.09090909090909091,0,0.0,1.0,0.0,150.72727272727272,207.25,0,3,3,0,2,232,203,29,1,1,1,0.125,0.875,5.4510384535657,0,1.0,0.1774193548387097,0.12903225806451613,0.9166666666666666,1,51,54,0.2672413793103448,0.15948275862068967,0.10775862068965517,0.3054187192118227,0.18226600985221675,0.12315270935960591,0.8064516129032258,0.08333333333333333,0.2727272727272727,0.8709677419354839,0.08445945945945946,0.5912162162162162,0.6756756756756757
b_65,37,37,27,11,1.0,0.7297297297297297,0.4074074074074074,0.7297297297297297,0.2972972972972973,16,0.5925925925925926,26,11,11,4,5,2,3,1365,1.0,0.36363636363636365,0.36363636363636365,0.45454545454545453,0,0.4,0.6,0.0,124.0909090909091,341.25,0,7,7,0,2,126,96,30,1,1,1,0.23809523809523808,0.7619047619047619,4.844187086458591,0,1.0,0.2972972972972973,0.10810810810810811,1.0,0,26,33,0.29365079365079366,0.21428571428571427,0.12698412698412698,0.3854166666666667,0.28125,0.16666666666666666,0.7027027027027027,0.0,0.6363636363636364,0.8918918918918919,0.14109347442680775,0.4514991181657848,0.5925925925925926
b_66,86,86,62,44,1.0,0.7209302325581395,0.7096774193548387,0.7209302325581395,0.5116279069767442,18,0.2903225806451613,42,44,44,22,19,3,16,5026,1.0,0.5,0.5,0.4318181818181818,0,0.15789473684210525,0.8421052631578947,0.0,114.22727272727273,228.45454545454547,0,22,22,0,2,168,137,31,1,1,1,0.18452380952380953,0.8154761904761905,5.1298987149230735,0,1.0,0.5116279069767442,0.2558139534883721,1.0,0,42,64,0.5119047619047619,0.36904761904761907,0.10714285714285714,0.6277372262773723,0.45255474452554745,0.13138686131386862,0.4883720930232558,0.0,0.5,0.7441860465116279,0.053571428571428575,0.23675115207373273,0.2903225806451613
b_67,84,84,58,31,1.0,0.6904761904761905,0.5344827586206896,0.6904761904761905,0.36904761904761907,27,0.46551724137931033,53,29,29,11,14,2,12,2782,1.0,0.3793103448275862,0.3793103448275862,0.4827586206896552,0,0.14285714285714285,0.8571428571428571,0.0,95.93103448275862,252.9090909090909,0,18,18,0,2,202,163,39,1,1,1,0.19306930693069307,0.806930693069307,5.313205979041787,0,1.0,0.34523809523809523,0.13095238095238096,0.9354838709677419,2,55,73,0.4158415841584158,0.2871287128712871,0.13366336633663367,0.5153374233128835,0.3558282208588957,0.1656441717791411,0.6309523809523809,0.06451612903225806,0.6206896551724138,0.8690476190476191,0.0898770911573916,0.37564015022191877,0.4655172413793104
b_68,34,34,23,15,1.0,0.6764705882352942,0.6521739130434783,0.6764705882352942,0.4411764705882353,8,0.34782608695652173,19,13,13,8,3,1,2,1883,1.0,0.6153846153846154,0.6153846153846154,0.23076923076923078,0,0.3333333333333333,0.6666666666666666,0.0,144.84615384615384,235.375,0,5,5,0,2,49,41,8,1,1,1,0.16326530612244897,0.8367346938775511,3.912023005428146,0,1.0,0.38235294117647056,0.23529411764705882,0.8666666666666667,2,21,26,0.6938775510204082,0.46938775510204084,0.16326530612244897,0.8292682926829268,0.5609756097560976,0.1951219512195122,0.5588235294117647,0.13333333333333333,0.38461538461538464,0.7647058823529411,0.056787932564330075,0.29103815439219166,0.34782608695652173
b_69,38,38,19,10,1.0,0.5,0.5263157894736842,0.5,0.2631578947368421,9,0.47368421052631576,28,10,10,3,4,4,0,484,1.0,0.3,0.3,0.4,0,1.0,0.0,0.0,48.4,161.33333333333334,0,7,7,0,2,52,44,8,1,1,1,0.15384615384615385,0.8461538461538461,3.970291913552122,0,1.0,0.2631578947368421,0.07894736842105263,1.0,0,28,35,0.7307692307692307,0.36538461538461536,0.17307692307692307,0.8636363636363636,0.4318181818181818,0.20454545454545456,0.7368421052631579,0.0,0.7,0.9210526315789473,0.0728744939271255,0.40080971659919024,0.4736842105263157
b_7,39,39,23,12,1.0,0.5897435897435898,0.5217391304347826,0.5897435897435898,0.3076923076923077,11,0.4782608695652174,27,12,12,10,2,1,1,2853,1.0,0.8333333333333334,0.8333333333333334,0.16666666666666666,0,0.5,0.5,0.0,237.75,285.3,0,2,2,0,2,194,178,16,1,1,1,0.08247422680412371,0.9175257731958762,5.272999558563747,0,1.0,0.3076923076923077,0.2564102564102564,1.0,0,27,29,0.20103092783505155,0.11855670103092783,0.05670103092783505,0.21910112359550563,0.12921348314606743,0.06179775280898876,0.6923076923076923,0.0,0.16666666666666666,0.7435897435897436,0.039444195428059166,0.43881667413715825,0.4782608695652174
b_70,68,68,45,24,1.0,0.6617647058823529,0.5333333333333333,0.6617647058823529,0.35294117647058826,21,0.4666666666666667,44,23,23,16,5,0,5,3372,1.0,0.6956521739130435,0.6956521739130435,0.21739130434782608,0,0.0,1.0,0.0,146.6086956521739,210.75,0,7,7,0,2,109,83,26,1,1,1,0.23853211009174313,0.7614678899082569,4.700480365792417,0,1.0,0.3382352941176471,0.23529411764705882,0.9583333333333334,1,45,52,0.6238532110091743,0.41284403669724773,0.1926605504587156,0.8192771084337349,0.5421686746987951,0.25301204819277107,0.6470588235294118,0.041666666666666664,0.30434782608695654,0.7647058823529411,0.11131498470948013,0.3553516819571865,0.4666666666666667
b_71,42,42,35,9,1.0,0.8333333333333334,0.2571428571428571,0.8333333333333334,0.21428571428571427,26,0.7428571428571429,33,9,9,6,2,1,1,1655,1.0,0.6666666666666666,0.6666666666666666,0.2222222222222222,0,0.5,0.5,0.0,183.88888888888889,275.8333333333333,0,3,3,0,2,40,22,18,1,1,1,0.45,0.55,3.713572066704308,0,1.0,0.21428571428571427,0.14285714285714285,1.0,0,33,36,1.05,0.875,0.65,1.9090909090909092,1.5909090909090908,1.1818181818181819,0.7857142857142857,0.0,0.3333333333333333,0.8571428571428571,0.3342857142857143,0.40857142857142864,0.7428571428571429
b_72,46,46,33,23,1.0,0.717391304347826,0.696969696969697,0.717391304347826,0.5,10,0.30303030303030304,23,23,23,13,6,2,4,2421,1.0,0.5652173913043478,0.5652173913043478,0.2608695652173913,0,0.3333333333333333,0.6666666666666666,0.0,105.26086956521739,186.23076923076923,0,10,10,0,2,152,123,29,1,1,1,0.19078947368421054,0.8092105263157895,5.030437921392435,0,1.0,0.5,0.2826086956521739,1.0,0,23,33,0.3026315789473684,0.21710526315789475,0.06578947368421052,0.37398373983739835,0.2682926829268293,0.08130081300813008,0.5,0.0,0.43478260869565216,0.717391304347826,0.05781499202551835,0.2452153110047847,0.30303030303030304
b_73,33,33,27,18,1.0,0.8181818181818182,0.6666666666666666,0.8181818181818182,0.5454545454545454,9,0.3333333333333333,15,17,17,12,3,0,3,2984,1.0,0.7058823529411765,0.7058823529411765,0.17647058823529413,0,0.0,1.0,0.0,175.52941176470588,248.66666666666666,0,5,5,0,2,132,89,43,1,1,1,0.32575757575757575,0.6742424242424242,4.890349128221754,0,1.0,0.5151515151515151,0.36363636363636365,0.9444444444444444,1,16,21,0.25,0.20454545454545456,0.06818181818181818,0.3707865168539326,0.30337078651685395,0.10112359550561797,0.45454545454545453,0.05555555555555555,0.29411764705882354,0.6363636363636364,0.10858585858585858,0.22474747474747472,0.3333333333333333
b_74,82,82,57,22,1.0,0.6951219512195121,0.38596491228070173,0.6951219512195121,0.2682926829268293,35,0.6140350877192983,60,21,21,11,5,2,3,3595,1.0,0.5238095238095238,0.5238095238095238,0.23809523809523808,0,0.4,0.6,0.0,171.1904761904762,326.8181818181818,0,10,10,0,2,92,59,33,1,1,1,0.358695652173913,0.6413043478260869,4.532599493153256,0,1.0,0.25609756097560976,0.13414634146341464,0.9545454545454546,1,61,71,0.8913043478260869,0.6195652173913043,0.3804347826086957,1.3898305084745763,0.9661016949152542,0.5932203389830508,0.7317073170731707,0.045454545454545456,0.47619047619047616,0.8658536585365854,0.22025171624713957,0.39378337147215864,0.6140350877192982
b_75,37,37,29,13,1.0,0.7837837837837838,0.4482758620689655,0.7837837837837838,0.35135135135135137,16,0.5517241379310345,24,13,13,9,4,1,3,1706,1.0,0.6923076923076923,0.6923076923076923,0.3076923076923077,0,0.25,0.75,0.0,131.23076923076923,189.55555555555554,0,4,4,0,2,46,36,10,1,1,1,0.21739130434782608,0.782608695652174,3.8501476017100584,0,1.0,0.35135135135135137,0.24324324324324326,1.0,0,24,28,0.8043478260869565,0.6304347826086957,0.34782608695652173,1.0277777777777777,0.8055555555555556,0.4444444444444444,0.6486486486486487,0.0,0.3076923076923077,0.7567567567567568,0.1199400299850075,0.431784107946027,0.5517241379310345
b_76,41,41,29,14,1.0,0.7073170731707317,0.4827586206896552,0.7073170731707317,0.34146341463414637,15,0.5172413793103449,27,14,14,3,10,2,8,311,1.0,0.21428571428571427,0.21428571428571427,0.7142857142857143,0,0.2,0.8,0.0,22.214285714285715,103.66666666666667,0,11,11,0,2,27,21,6,1,1,1,0.2222222222222222,0.7777777777777778,3.332204510175204,0,1.0,0.34146341463414637,0.07317073170731707,1.0,0,27,38,1.5185185185185186,1.0740740740740742,0.5555555555555556,1.9523809523809523,1.380952380952381,0.7142857142857143,0.6585365853658537,0.0,0.7857142857142857,0.926829268292683,0.11494252873563218,0.40229885057471265,0.5172413793103449
b_77,9,9,8,4,1.0,0.8888888888888888,0.5,0.8888888888888888,0.4444444444444444,4,0.5,5,4,4,2,2,2,0,230,1.0,0.5,0.5,0.5,0,1.0,0.0,0.0,57.5,115.0,0,2,2,0,1,1,1,0,1,0,0,0.0,1.0,0.6931471805599453,0,1.0,0.4444444444444444,0.2222222222222222,1.0,0,5,7,,,,,,,0.5555555555555556,0.0,0.5,0.7777777777777778,,,
b_78,18,18,15,7,1.0,0.8333333333333334,0.4666666666666667,0.8333333333333334,0.3888888888888889,8,0.5333333333333333,11,7,7,4,2,1,1,670,1.0,0.5714285714285714,0.5714285714285714,0.2857142857142857,0,0.5,0.5,0.0,95.71428571428571,167.5,0,3,3,0,2,32,20,12,1,1,1,0.375,0.625,3.4965075614664802,0,1.0,0.3888888888888889,0.2222222222222222,1.0,0,11,14,0.5625,0.46875,0.25,0.9,0.75,0.4,0.6111111111111112,0.0,0.42857142857142855,0.7777777777777778,0.2,0.3333333333333333,0.5333333333333333
b_79,89,89,66,30,1.0,0.7415730337078652,0.45454545454545453,0.7415730337078652,0.33707865168539325,36,0.5454545454545454,59,30,30,16,9,5,4,3100,1.0,0.5333333333333333,0.5333333333333333,0.3,0,0.5555555555555556,0.4444444444444444,0.0,103.33333333333333,193.75,0,14,14,0,2,69,45,24,1,1,1,0.34782608695652173,0.6521739130434783,4.248495242049359,0,1.0,0.33707865168539325,0.1797752808988764,1.0,0,59,73,1.289855072463768,0.9565217391304348,0.5217391304347826,1.9777777777777779,1.4666666666666666,0.8,0.6629213483146067,0.0,0.4666666666666667,0.8202247191011236,0.18972332015810275,0.3557312252964427,0.5454545454545454
b_8,199,199,155,88,1.0,0.7788944723618091,0.567741935483871,0.7788944723618091,0.44221105527638194,67,0.432258064516129,111,87,87,39,39,19,20,10322,1.0,0.4482758620689655,0.4482758620689655,0.4482758620689655,0,0.48717948717948717,0.5128205128205128,0.0,118.64367816091954,264.6666666666667,0,48,48,0,2,571,509,62,1,1,1,0.1085814360770578,0.8914185639229422,6.349138991379798,0,1.0,0.4371859296482412,0.19597989949748743,0.9886363636363636,1,112,160,0.34851138353765326,0.2714535901926445,0.11733800350262696,0.39096267190569745,0.3045186640471513,0.13163064833005894,0.5577889447236181,0.011363636363636364,0.5517241379310345,0.8040201005025126,0.046935201401050786,0.38532286311507824,0.432258064516129
b_80,282,282,234,84,1.0,0.8297872340425532,0.358974358974359,0.8297872340425532,0.2978723404255319,150,0.6410256410256411,198,84,84,47,34,17,17,10577,1.0,0.5595238095238095,0.5595238095238095,0.40476190476190477,0,0.5,0.5,0.0,125.91666666666667,225.04255319148936,0,37,37,0,2,311,211,100,1,1,1,0.3215434083601286,0.6784565916398714,5.7430031878094825,0,1.0,0.2978723404255319,0.16666666666666666,1.0,0,198,235,0.9067524115755627,0.752411575562701,0.48231511254019294,1.3364928909952607,1.1090047393364928,0.7109004739336493,0.7021276595744681,0.0,0.44047619047619047,0.8333333333333334,0.20611756946162094,0.43490807156402017,0.6410256410256411
b_81,135,135,81,47,1.0,0.6,0.5802469135802469,0.6,0.34814814814814815,34,0.41975308641975306,88,47,47,26,15,6,9,5234,1.0,0.5531914893617021,0.5531914893617021,0.3191489361702128,0,0.4,0.6,0.0,111.36170212765957,201.30769230769232,0,21,21,0,2,338,281,57,1,1,1,0.16863905325443787,0.8313609467455622,5.82600010738045,0,1.0,0.34814814814814815,0.1925925925925926,1.0,0,88,109,0.3994082840236686,0.23964497041420119,0.10059171597633136,0.4804270462633452,0.28825622775800713,0.12099644128113879,0.6518518518518519,0.0,0.44680851063829785,0.8074074074074075,0.0707867630944554,0.3489663233252977,0.4197530864197531
b_82,128,128,101,53,1.0,0.7890625,0.5247524752475248,0.7890625,0.4140625,48,0.4752475247524752,75,51,51,30,17,8,8,7187,1.0,0.5882352941176471,0.5882352941176471,0.3333333333333333,1,0.47058823529411764,0.47058823529411764,0.058823529411764705,140.92156862745097,239.56666666666666,0,21,21,0,2,209,147,62,1,1,1,0.2966507177033493,0.7033492822966507,5.3471075307174685,0,1.0,0.3984375,0.234375,0.9622641509433962,2,77,98,0.6124401913875598,0.48325358851674644,0.22966507177033493,0.8707482993197279,0.6870748299319728,0.32653061224489793,0.5859375,0.03773584905660377,0.4117647058823529,0.765625,0.14098251930456202,0.3342650054479132,0.4752475247524752
b_83,131,131,77,49,1.0,0.5877862595419847,0.6363636363636364,0.5877862595419847,0.37404580152671757,28,0.36363636363636365,82,48,48,25,17,5,12,4835,1.0,0.5208333333333334,0.5208333333333334,0.3541666666666667,0,0.29411764705882354,0.7058823529411765,0.0,100.72916666666667,193.4,0,23,23,0,2,278,222,56,1,1,1,0.2014388489208633,0.7985611510791367,5.631211781821365,0,1.0,0.366412213740458,0.19083969465648856,0.9795918367346939,1,83,106,0.4712230215827338,0.27697841726618705,0.10071942446043165,0.5900900900900901,0.34684684684684686,0.12612612612612611,0.6259541984732825,0.02040816326530612,0.4791666666666667,0.8091603053435115,0.07325049051667756,0.2903858731196861,0.36363636363636365
b_84,64,64,34,25,1.0,0.53125,0.7352941176470589,0.53125,0.390625,9,0.2647058823529412,39,25,25,16,7,4,3,2880,1.0,0.64,0.64,0.28,0,0.5714285714285714,0.42857142857142855,0.0,115.2,180.0,0,9,9,0,2,107,77,30,1,1,1,0.2803738317757009,0.719626168224299,4.68213122712422,0,1.0,0.390625,0.25,1.0,0,39,48,0.5981308411214953,0.3177570093457944,0.08411214953271028,0.8311688311688312,0.44155844155844154,0.11688311688311688,0.609375,0.0,0.36,0.75,0.074216602528862,0.19048927982407915,0.2647058823529411
b_85,39,39,22,12,1.0,0.5641025641025641,0.5454545454545454,0.5641025641025641,0.3076923076923077,10,0.45454545454545453,27,12,12,7,1,1,0,825,1.0,0.5833333333333334,0.5833333333333334,0.08333333333333333,0,1.0,0.0,0.0,68.75,117.85714285714286,0,5,5,0,2,55,45,10,1,1,1,0.18181818181818182,0.8181818181818182,4.02535169073515,0,1.0,0.3076923076923077,0.1794871794871795,1.0,0,27,32,0.7090909090909091,0.4,0.18181818181818182,0.8666666666666667,0.4888888888888889,0.2222222222222222,0.6923076923076923,0.0,0.4166666666666667,0.8205128205128205,0.08264462809917356,0.37190082644628103,0.4545454545454546
b_86,81,81,51,33,1.0,0.6296296296296297,0.6470588235294118,0.6296296296296297,0.4074074074074074,18,0.35294117647058826,48,32,32,18,11,5,6,2365,1.0,0.5625,0.5625,0.34375,0,0.45454545454545453,0.5454545454545454,0.0,73.90625,131.38888888888889,0,14,14,0,2,179,147,32,1,1,1,0.1787709497206704,0.8212290502793296,5.19295685089021,0,1.0,0.3950617283950617,0.2222222222222222,0.9696969696969697,1,49,63,0.45251396648044695,0.2849162011173184,0.1005586592178771,0.5510204081632653,0.3469387755102041,0.12244897959183673,0.5925925925925926,0.030303030303030304,0.4375,0.7777777777777778,0.06309562931317779,0.28984554715741045,0.35294117647058826
b_87,70,70,47,21,1.0,0.6714285714285714,0.44680851063829785,0.6714285714285714,0.3,26,0.5531914893617021,49,21,21,10,5,1,4,2532,1.0,0.47619047619047616,0.47619047619047616,0.23809523809523808,0,0.2,0.8,0.0,120.57142857142857,253.2,0,11,11,0,2,118,94,24,1,1,1,0.2033898305084746,0.7966101694915254,4.77912349311153,0,1.0,0.3,0.14285714285714285,1.0,0,49,60,0.5932203389830508,0.3983050847457627,0.22033898305084745,0.7446808510638298,0.5,0.2765957446808511,0.7,0.0,0.5238095238095238,0.8571428571428571,0.11251352326000723,0.4406779661016949,0.5531914893617021
b_88,51,51,31,19,1.0,0.6078431372549019,0.6129032258064516,0.6078431372549019,0.37254901960784315,12,0.3870967741935484,32,19,19,9,6,2,4,1252,1.0,0.47368421052631576,0.47368421052631576,0.3157894736842105,0,0.3333333333333333,0.6666666666666666,0.0,65.89473684210526,139.11111111111111,0,10,10,0,2,146,121,25,1,1,1,0.17123287671232876,0.8287671232876712,4.990432586778736,0,1.0,0.37254901960784315,0.17647058823529413,1.0,0,32,42,0.3493150684931507,0.21232876712328766,0.0821917808219178,0.4214876033057851,0.256198347107438,0.09917355371900827,0.6274509803921569,0.0,0.5263157894736842,0.8235294117647058,0.06628369421122403,0.32081307998232433,0.3870967741935484
b_89,209,209,153,83,1.0,0.7320574162679426,0.5424836601307189,0.7320574162679426,0.39712918660287083,70,0.45751633986928103,126,83,83,43,36,19,17,9308,1.0,0.5180722891566265,0.5180722891566265,0.43373493975903615,0,0.5277777777777778,0.4722222222222222,0.0,112.144578313253,216.46511627906978,0,40,40,0,2,332,292,40,1,1,1,0.12048192771084337,0.8795180722891566,5.808142489980444,0,1.0,0.39712918660287083,0.20574162679425836,1.0,0,126,166,0.6295180722891566,0.4608433734939759,0.21084337349397592,0.7157534246575342,0.523972602739726,0.23972602739726026,0.6028708133971292,0.0,0.4819277108433735,0.7942583732057417,0.05512245058666036,0.40239388928262065,0.45751633986928103
b_9,88,88,41,30,1.0,0.4659090909090909,0.7317073170731707,0.4659090909090909,0.3409090909090909,11,0.2682926829268293,58,30,30,17,8,1,7,5542,1.0,0.5666666666666667,0.5666666666666667,0.26666666666666666,0,0.125,0.875,0.0,184.73333333333332,326.0,0,13,13,0,2,280,241,39,1,1,1,0.1392857142857143,0.8607142857142858,5.638354669333745,0,1.0,0.3409090909090909,0.19318181818181818,1.0,0,58,71,0.3142857142857143,0.14642857142857144,0.039285714285714285,0.3651452282157676,0.17012448132780084,0.04564315352697095,0.6590909090909091,0.0,0.43333333333333335,0.8068181818181818,0.03736933797909408,0.23092334494773523,0.2682926829268293
b_90,221,221,168,69,1.0,0.7601809954751131,0.4107142857142857,0.7601809954751131,0.31221719457013575,99,0.5892857142857143,152,67,67,25,33,10,23,5494,1.0,0.373134328358209,0.373134328358209,0.4925373134328358,0,0.30303030303030304,0.696969696969697,0.0,82.0,219.76,0,42,42,0,2,386,339,47,1,1,1,0.12176165803108809,0.8782383419689119,5.958424693029782,0,1.0,0.3031674208144796,0.11312217194570136,0.9710144927536232,2,154,196,0.572538860103627,0.43523316062176165,0.25647668393782386,0.6519174041297935,0.49557522123893805,0.2920353982300885,0.6877828054298643,0.028985507246376812,0.6268656716417911,0.8868778280542986,0.07175240562546262,0.5175333086602517,0.5892857142857143
b_91,643,643,512,182,1.0,0.7962674961119751,0.35546875,0.7962674961119751,0.28304821150855364,330,0.64453125,461,150,148,72,58,36,22,16486,0.9866666666666667,0.4864864864864865,0.48,0.38666666666666666,0,0.6206896551724138,0.3793103448275862,0.0,111.39189189189189,228.97222222222223,2,76,78,0,2,373,282,91,1,1,1,0.24396782841823056,0.7560321715817694,5.924255797414532,0,1.0,0.2332814930015552,0.1119751166407465,0.8241758241758241,32,493,571,1.7238605898123325,1.3726541554959786,0.8847184986595175,2.280141843971631,1.8156028368794326,1.1702127659574468,0.7169517884914464,0.17582417582417584,0.52,0.8880248833592534,0.15724488941018766,0.4872863605898123,0.64453125
b_92,50,50,41,31,1.0,0.82,0.7560975609756098,0.82,0.62,10,0.24390243902439024,19,31,31,16,10,5,5,3903,1.0,0.5161290322580645,0.5161290322580645,0.3225806451612903,0,0.5,0.5,0.0,125.90322580645162,243.9375,0,15,15,0,2,138,114,24,1,1,1,0.17391304347826086,0.8260869565217391,4.9344739331306915,0,1.0,0.62,0.32,1.0,0,19,34,0.36231884057971014,0.2971014492753623,0.07246376811594203,0.43859649122807015,0.35964912280701755,0.08771929824561403,0.38,0.0,0.4838709677419355,0.68,0.04241781548250265,0.2014846235418876,0.24390243902439024
b_93,45,45,24,16,1.0,0.5333333333333333,0.6666666666666666,0.5333333333333333,0.35555555555555557,8,0.3333333333333333,29,15,15,6,8,5,3,907,1.0,0.4,0.4,0.5333333333333333,0,0.625,0.375,0.0,60.46666666666667,151.16666666666666,0,9,9,0,2,218,165,53,1,1,1,0.24311926605504589,0.7568807339449541,5.389071729816501,0,1.0,0.3333333333333333,0.13333333333333333,0.9375,1,30,39,0.20642201834862386,0.11009174311926606,0.03669724770642202,0.2727272727272727,0.14545454545454545,0.048484848484848485,0.6444444444444445,0.0625,0.6,0.8666666666666667,0.08103975535168195,0.25229357798165136,0.3333333333333333
b_94,164,164,98,54,1.0,0.5975609756097561,0.5510204081632653,0.5975609756097561,0.32926829268292684,44,0.4489795918367347,110,52,52,29,16,9,7,4905,1.0,0.5576923076923077,0.5576923076923077,0.3076923076923077,0,0.5625,0.4375,0.0,94.32692307692308,169.13793103448276,0,23,23,0,2,339,274,65,1,1,1,0.19174041297935104,0.8082595870206489,5.8289456176102075,0,1.0,0.3170731707317073,0.17682926829268292,0.9629629629629629,2,112,135,0.4837758112094395,0.2890855457227139,0.12979351032448377,0.5985401459854015,0.35766423357664234,0.16058394160583941,0.6707317073170732,0.037037037037037035,0.4423076923076923,0.823170731707317,0.08608753235807598,0.3628920594786587,0.4489795918367347
b_95,41,41,14,9,1.0,0.34146341463414637,0.6428571428571429,0.34146341463414637,0.21951219512195122,5,0.35714285714285715,32,9,9,5,2,2,0,1494,1.0,0.5555555555555556,0.5555555555555556,0.2222222222222222,0,1.0,0.0,0.0,166.0,298.8,0,4,4,0,2,46,40,6,1,1,1,0.13043478260869565,0.8695652173913043,3.8501476017100584,0,1.0,0.21951219512195122,0.12195121951219512,1.0,0,32,36,0.8913043478260869,0.30434782608695654,0.10869565217391304,1.025,0.35,0.125,0.7804878048780488,0.0,0.4444444444444444,0.8780487804878049,0.046583850931677016,0.3105590062111801,0.3571428571428571
b_96,27,27,21,13,1.0,0.7777777777777778,0.6190476190476191,0.7777777777777778,0.48148148148148145,8,0.38095238095238093,14,13,13,9,2,1,1,1625,1.0,0.6923076923076923,0.6923076923076923,0.15384615384615385,0,0.5,0.5,0.0,125.0,180.55555555555554,0,4,4,0,2,67,53,14,1,1,1,0.208955223880597,0.7910447761194029,4.219507705176107,0,1.0,0.48148148148148145,0.3333333333333333,1.0,0,14,18,0.40298507462686567,0.31343283582089554,0.11940298507462686,0.5094339622641509,0.39622641509433965,0.1509433962264151,0.5185185185185185,0.0,0.3076923076923077,0.6666666666666666,0.07960199004975124,0.30135039090262966,0.38095238095238093
b_97,51,51,44,16,1.0,0.8627450980392157,0.36363636363636365,0.8627450980392157,0.3137254901960784,28,0.6363636363636364,35,14,14,6,7,4,3,917,1.0,0.42857142857142855,0.42857142857142855,0.5,0,0.5714285714285714,0.42857142857142855,0.0,65.5,152.83333333333334,0,8,8,0,2,21,16,5,1,1,1,0.23809523809523808,0.7619047619047619,3.091042453358316,0,1.0,0.27450980392156865,0.11764705882352941,0.875,2,37,45,2.4285714285714284,2.0952380952380953,1.3333333333333333,3.1875,2.75,1.75,0.6862745098039216,0.125,0.5714285714285714,0.8823529411764706,0.1515151515151515,0.4848484848484848,0.6363636363636362
b_98,64,64,50,22,1.0,0.78125,0.44,0.78125,0.34375,28,0.56,42,22,22,7,14,5,9,2025,1.0,0.3181818181818182,0.3181818181818182,0.6363636363636364,0,0.35714285714285715,0.6428571428571429,0.0,92.04545454545455,289.2857142857143,0,15,15,0,2,186,118,68,1,1,1,0.3655913978494624,0.6344086021505376,5.231108616854587,0,1.0,0.34375,0.109375,1.0,0,42,57,0.34408602150537637,0.26881720430107525,0.15053763440860216,0.5423728813559322,0.423728813559322,0.23728813559322035,0.65625,0.0,0.6818181818181818,0.890625,0.20473118279569896,0.3552688172043011,0.56
b_99,259,259,206,118,1.0,0.7953667953667953,0.5728155339805825,0.7953667953667953,0.4555984555984556,88,0.42718446601941745,141,115,116,68,41,17,23,12548,1.008695652173913,0.5862068965517241,0.591304347826087,0.3565217391304348,1,0.4146341463414634,0.5609756097560976,0.024390243902439025,108.17241379310344,184.52941176470588,-1,48,47,1,2,256,200,56,1,1,1,0.21875,0.78125,5.54907608489522,0,1.0,0.444015444015444,0.2625482625482625,0.9745762711864406,3,144,191,1.01171875,0.8046875,0.34375,1.295,1.03,0.44,0.5444015444015444,0.025423728813559324,0.40869565217391307,0.7374517374517374,0.09344660194174757,0.33373786407766987,0.42718446601941745
w_0,3460,3446,2646,2217,0.9959537572254336,0.7678467788740568,0.8378684807256236,0.7647398843930636,0.6407514450867052,429,0.1621315192743764,1243,776,556,370,314,50,261,352356,0.7164948453608248,0.6654676258992805,0.47680412371134023,0.40463917525773196,3,0.1592356687898089,0.8312101910828026,0.009554140127388535,633.7338129496403,952.3135135135135,220,186,406,0,2,8519,8135,384,1,1,1,0.04507571311186759,0.9549242868881324,9.050171619823361,0,1.0,0.22427745664739884,0.1069364161849711,0.35002255299954893,1441,2684,3090,0.4061509566850569,0.3105998356614626,0.050358023242164575,0.4253226797787339,0.32526121696373694,0.052735095267363245,0.35924855491329477,0.649977447000451,0.5231958762886598,0.8930635838150289,0.007308193849203021,0.15482332542517338,0.1621315192743764
